{"version":23,"hash":{"type":"Buffer","data":"N+Rp25DxKNKO5yT8YtdXwasX+2nmSD8yqp9Et1PjFbrklJbjWdMI74FIt468a4ki4jqR1O2V2aI2ZTzLpsej0z5lxiAS6zjHYaY0qFTpmavxsk4WFrex5gv/Z4WS9QRUuTDQQEaupqX1e+EKB0EWYcIpclRm/qGVi65cY+fr4cc="},"indexValueMap":{"D6/XF9TmyPLRaJQppVMGs5d9F6JMBTdaA+lqZc3d28Q=":{"valueMac":{"type":"Buffer","data":"Dfwjrd45pCQak1iftk0jBuGV0YprYE31zWf8WH3IJ3o="}},"MMSyntEhXNftUrkzFdxd0P+jzviqlZJNAuDTkHtjEeg=":{"valueMac":{"type":"Buffer","data":"Ydq+Icg835Fly2PAO916XeDFplHb2CULKuXlm+jpzRk="}},"MN1ke27gCGpaXv6xy5Pj5ju86EuSzn4P31Zo8LsNDOs=":{"valueMac":{"type":"Buffer","data":"SX79ruR7fIepaKs6Fh5LI3rbwmO9jj34H8HHrePiq4Q="}},"l1BDLhWV9hHwikYFTjEc9yBMyKrapkQMnwrTpO4KK5c=":{"valueMac":{"type":"Buffer","data":"TjIFDm6PlbEIjEHyC+TlZIgfkns/Z7RY7ckUANApz0M="}},"uNvh/qGzanMW/+I4x7hv1JhEAsTonV/lCxvZkYYLOqI=":{"valueMac":{"type":"Buffer","data":"mV54bV56irY/sbODD9BCNgw3q0denqgzZetDC4Y8q5Y="}},"/UP4umuGI0ZMv0c9UGRX5EXRSQqEitWuzR5rL7Wkn3E=":{"valueMac":{"type":"Buffer","data":"L+TWw0WmuIzZJ8pl+f2i0LKArLxJ6pDYpPHize81OCM="}},"7szV3nNzvgs+S35Ms4yrV+/LbgU1JiMl5pNxyTAMO2U=":{"valueMac":{"type":"Buffer","data":"vHQAdblp68Yns+sBh6hKFMaqVfBD14vg11pHuExuN1w="}},"5bOquaQbt+ibCwQGlRe5jLpMaVGZeTPGSssKqax9ZVk=":{"valueMac":{"type":"Buffer","data":"Slt0l2Lgs7lBABJdxVohwNzKqP/mhWxlIOwRn7XnCMY="}}}}