{"version":19,"hash":{"type":"Buffer","data":"qnrua78mb2tS348TbfPr2D2GH4f5+4oujXaDT0b7aGI3RscJqf703A4GGCEwRqzcXcdvG+TFwqAoUn6tUYTW9BSt5RTBGbvFIdW5y7awsSdyg1n6NBxanboGg3mUcCc3fjAUHSUf01j0CI6LqaMnN2DfJK7+BsfdoY99QI/qcCc="},"indexValueMap":{"RrZG3Igk5pcsgytrTUU4qX0hVc+F7yctiiqoHKAC9V4=":{"valueMac":{"type":"Buffer","data":"eazOG+waWQV4DbIzOYBJnzEZa5GKYbdk8IG7rtg3f4w="}},"XI+MYasD8ZjWrnrVEWfT9CRyJCw7zS61fYVp5JOuZ38=":{"valueMac":{"type":"Buffer","data":"pm9BlXYIKNtI2KehnK4IeKtXW9npLNuJdETa69RYbVI="}},"2SCc3hmtw9AN+BtdtO4HKQWkFoGCtGtqPwsM62ycAJE=":{"valueMac":{"type":"Buffer","data":"lsGQeyGhRGKfa9plV7EO5wYFHIEtJN4KaFb4qCg07Sg="}}}}