{"version":124,"hash":{"type":"Buffer","data":"6JEAJBQdtjmJs9kUk8resavc39rsdXyMscUztBN9fw5Mkv9Rd3JpUz/AEvncAIBGAq3CGzPvfzII7FPJkxlhjlaGJZNl8QylVRsosO3h0feFfi7MplU5qyTixwcizXLuxAzRrpTj5Ij/LhkCeW/JqL8bdRbcdN4thWafofpwNN4="},"indexValueMap":{"AF+he8DG/8awO1ZpT9PUfoWkFJfrf7/J6qMjh43TgQs=":{"valueMac":{"type":"Buffer","data":"mYor0Mb53b7+VDyxefBDkOB30JvW0g0Ww8fFZ4hg6pA="}},"AHTWsZ1FcALOFvCt33f7w04LHm3POvVafZOqxtAsnio=":{"valueMac":{"type":"Buffer","data":"J1oR/xcjQQbTy6T5QDCg3vhSuu3C8jXZAIV9CWlLPiY="}},"AMhsytdAzXHUpQVJKWXM944jxPe3XVVT2hjXOMGdjUw=":{"valueMac":{"type":"Buffer","data":"XSUYBF9KyMh1sJqYJ56VPDxMZuF0IFhSx0srU+SkU18="}},"ASmzCrAgBhQLp+WS0bCsUItnLSgt0WI0SlhEPiBH/CI=":{"valueMac":{"type":"Buffer","data":"L1anX8H6tu9mm4NQQv9a1qpPU1USxm2onsQIYl3jKVg="}},"AVE1XDabxQh7IkBw9u67yxKSX9cl0oYhjZLr2VMfew8=":{"valueMac":{"type":"Buffer","data":"hNIGwSAgs9vv5Ll3uupy0rVqaTvms7QP509nCHGarHM="}},"AhLbqTzLAdASVXVUE778h6rp7M62INazvr9jNAnlCKs=":{"valueMac":{"type":"Buffer","data":"10PnKVpR6QPKgwVIL8QMAsK5Riej4+3s4bAFziUOJAc="}},"BLLpfM8fSGAGSxaRzbs2xLxsbzEO8OKdZUgAe2xoziY=":{"valueMac":{"type":"Buffer","data":"t8arJqrXDiSRaAkFaNcX4O8iAK6QAAdySr+J9XocbP0="}},"BQ4ouJzfhKM1lJGeCEuOU/uUpa5k5s+q6qqKhtxDOl4=":{"valueMac":{"type":"Buffer","data":"ES2H5qId+63RRcjrFzaEPXc8fOCpG58pFkEnD7psclg="}},"BTTp8lyEPcmqQPlrARy9WUPM6uKjbU1i2q6be8mt5uk=":{"valueMac":{"type":"Buffer","data":"PSv0m9u6Xq+u8A3mWutnEJpSKlq0b0br3KV+fX0keaI="}},"BUfn11Dqn0jUSSEA8nfM+Ypfs4vL7JXUU2huhDavE8U=":{"valueMac":{"type":"Buffer","data":"+ifBITwnWYpC7ueWsmdDJe6sgMcjJJFnZ7csb/sfDN4="}},"BkAJAopX92pitUgEERq6jEVu/QSO2uDc/faKj405OdA=":{"valueMac":{"type":"Buffer","data":"mCahxj+NRLmYP69qRzkytKKVXei4bQOhERI0Xt2GxJ0="}},"BqreVlQZEBlL23pUZDa9Y1hQfrwC97MCgFR1vNn3qRQ=":{"valueMac":{"type":"Buffer","data":"CWYctDaOMH5NGsVA3SUTTcpTBHpKZrn/qwK08h1UMFg="}},"BtPrWaGPFuSJng4ogJn4PZqXlW+bfq47H8SdeQOhOqU=":{"valueMac":{"type":"Buffer","data":"oFw1K85YfOjnt+lbAhl4KY8fJo56oB9cghqFR6Y+S6Y="}},"B27yrNqOqR+YJZKkm79HRCb+XIjCQtyKrwtu9FqrVO4=":{"valueMac":{"type":"Buffer","data":"k6Uk6hJy1HUK74uCY4eT6JgsXVg18kNPRyA2VVyHeeI="}},"CEaCkmJgTxYaPYL2qixh/Cb9zcPLGAy1BpfsB9+n9us=":{"valueMac":{"type":"Buffer","data":"OQNNPqztyqNiS/Iko3iX5m6SQ+IWFbnK852lPCvlPX8="}},"CYwOhZqoqSZgxhLyPhVTrMnQ36GU75vJRbSqSuCd3zc=":{"valueMac":{"type":"Buffer","data":"keHKB16Tx4VkNT2cZG1RMw6SdBd79wf1X238odcqnWM="}},"CgL338PwRdRgfRRjJwP/lxSWnpVlAUXGmahoIYpEQbI=":{"valueMac":{"type":"Buffer","data":"GviDgDeRjWH3ngWD0KrsFHQSSOuTJ3fbm2bBfder/+Y="}},"ChG8MGD9+yCG9oes7xyQypGFaJ7syn/XKIaZPXOeAvQ=":{"valueMac":{"type":"Buffer","data":"/G5hVUPNERtdEgpAVtuaRDnTVUeqASkyg6UIqw7Cbjs="}},"Cor6FvIa1aQ5z8YEDNFP17VNV7Plo98R0s4qeM/cnKw=":{"valueMac":{"type":"Buffer","data":"MhBvTgL1g+qKVTmgiluKiCR12iZJrZi5zHeaIATlEiU="}},"C6+BZSK9wjci4ZDI9KIV4M1otsXmGT1RsHK4G4EgJ2M=":{"valueMac":{"type":"Buffer","data":"igjiOHu3PRsKkZBdzGtm+trcoVuHhvBRef0WAHBedLo="}},"C/ZB5HQ9ivMhdyRhQt/aT7XnETdhdGult+HhK3YqCh8=":{"valueMac":{"type":"Buffer","data":"4+SCOtlxKmmy/dmJH9qTTl9xvEMW17zoQGhPYfr5ILI="}},"DY7PEUS2h/TD0OB65uOzDNpX1bjTIDaUZwB+jFYXc6E=":{"valueMac":{"type":"Buffer","data":"INTn/xA9Cefe8tD72Gsx/ihb/8y/XHRPgrX/FPjFXOQ="}},"Da9MUBAZa371SZDM+NkpJ+3XAennT2UNb1hR7LKpygs=":{"valueMac":{"type":"Buffer","data":"Yh0wkqJJCo0HaPOzhfj/ZlZCsC0/EEEShKqoTUbZlnM="}},"DjfdrWy7xKB+JITonesyFA9mEnAPY/8fnJa85pEbyRY=":{"valueMac":{"type":"Buffer","data":"Z+twoIjkbqTzgRvdYzh4YRVhB0nzweg5pi+7v3YjDEI="}},"DuE+lCDV4cRz+oGYFajb7vrcMVmIuzBrk6Pl1I2FZ1M=":{"valueMac":{"type":"Buffer","data":"k/RqQyDAkPk4bqRch0xwBqt3vxY02VpDyEIpQIYFH50="}},"DuKawqxUgwEzTSgH1ZQBsv46ybjKJj786lDLuxSW25U=":{"valueMac":{"type":"Buffer","data":"v4odjecI5TSlapDjbUAx60DD8zigKD9q7IWuPQKBU7w="}},"D33BziXOak1oRH/P027dyr3wXRmS6niu9FaKg0dzm6Y=":{"valueMac":{"type":"Buffer","data":"ucLuLlkQOgt7xzA0czv0mqrAMuMs5kwyBl8nZJduoKQ="}},"ECsAhrT1GcYxsffvbLIud0sM2Pai5VXGedVB7YfKfJg=":{"valueMac":{"type":"Buffer","data":"/UKPwqI7DYojJDheCjrPOUgagUL2G8E9PfzuZ63zVrM="}},"EY5FCOutO6BbFwQlf/CsSI8+fzzl6z/M9PhENHhInkQ=":{"valueMac":{"type":"Buffer","data":"WWciZ8/ilHHf1ch9+OC25Qj6/BTziITPvMDYINL1b3E="}},"EZB9f6w/gZsxr6OYQAoj48BCD+wYXTs8qCfC54TBmr4=":{"valueMac":{"type":"Buffer","data":"Rjid57wayaVEWRFMMYTAhr7nPq29bNlvMUvVMGanvW8="}},"Ecoho7m8XlaKPowTq/cFwePzPX/q5kcXE+IpsLRCiWk=":{"valueMac":{"type":"Buffer","data":"ydS6XywJkkpnA1RXRDenNRrKGUeMtS/Iudh1wMQF7tc="}},"EjEP3yJgi6qVxB5+Aic2WjAhdgWlKwkqIC4vgChMlT4=":{"valueMac":{"type":"Buffer","data":"0ysffr1aqeMbti1upMeF3hgvAsdUrFWQNwiHcwGO9w0="}},"Ev3HibPxEgd3j6KPWXu9x97RaDiisiaUaDNuXPxZ6fo=":{"valueMac":{"type":"Buffer","data":"CGZ7GfzjxqkOVDXzQ6aw2i32LhHBsgwfN4L9OhYHbl8="}},"FANVHbFmC7e+cddB+3MWGvTacTXzMlPmVsdmrJCkYTI=":{"valueMac":{"type":"Buffer","data":"Xr/geiaox53TfZ6DCV4QQNsTEvJOV6AQXpRI9hF/g94="}},"FJJ3pzwksY67hEhE14fVOZrQOMhnXs47jlNK91jgr/E=":{"valueMac":{"type":"Buffer","data":"8lgy1wy+qPcs6nWYRvmfYqtHDLy7RXzOP2S/t3WxZcc="}},"FdRDqfVZVdFSvud9HaPyuD/Iiva9XSzutx8fHE0vHkY=":{"valueMac":{"type":"Buffer","data":"cJnNyYPnH5GmCZAlaechMXatGhzovEiM1mHhutkdB4U="}},"FpKEaIple6sHbT1aUrJ5Syu7D6/nlVZky9YSB8P4YIQ=":{"valueMac":{"type":"Buffer","data":"JNTVuvu/XZkGCGXAkol2Cr0k6umLiij7dWe9TEO6joA="}},"FsL/biTxkx29RJ/+ojnuhmWyYmsdX0DQ4Dksj60qo7E=":{"valueMac":{"type":"Buffer","data":"YH/73FEfofRSz09nTWOanGzdi3ruuOj2QY0rgoDyTRI="}},"F0DrpzLIxJvYVLvV0D73vfzQg2t5m5uOMT/tdP5vN5k=":{"valueMac":{"type":"Buffer","data":"QotulBl1dstlNn3gv/Fjel0c2M6lCp9FZvxuj3svwnA="}},"GFlm6PPfZ1MPGZlW8a3tuZ54GGmmrIU5GKSy/33HBGs=":{"valueMac":{"type":"Buffer","data":"PUrwMPED5HhNxkssjCsGLIYQwVyFirODrFLojH9dMYM="}},"GLKyhHPnzu/tkvdEg1frzPIpBi/G1JeXtWuIE1kkoN0=":{"valueMac":{"type":"Buffer","data":"URn9bTu/LWeRUPGF4KwIpsVLA/H4/myDXUYZCG2Co0M="}},"GNAQ5znt02/Gl54nx5B7d9HS7MN/vEjc80JlKWTWnz4=":{"valueMac":{"type":"Buffer","data":"mhmCx6NCUsEciOSrajyqFPpe2LRzxNAvAfh0pPJu0UM="}},"GYjEO52SYrE2iCM9O2Cfuc0rgbMoKOqO2hBFg39txNI=":{"valueMac":{"type":"Buffer","data":"YM0MuaaZiHGocxz/6G+LAMEtFYQOq4XmWChBCb6F4Yc="}},"GaECSDsEev5Ndu6+e0+7HP+1Ra2b3aF8NF69PO1x70k=":{"valueMac":{"type":"Buffer","data":"RvuwvnYSkkafBoWbeoj+dG+HAaBsRAJayEhxrRs/nSg="}},"GlW7iRfan/R9UtHei/GTX1oZkcJhJzJSLjLYm1lXZSA=":{"valueMac":{"type":"Buffer","data":"jzOkKohALOypwxZwRdWDCHuuiv5Qun26X8i3FjJXbx0="}},"GogsxxdSGQ6kHdUqL0HNaTkKeelIGipkDSrhd19hV3g=":{"valueMac":{"type":"Buffer","data":"VAFka3QXBPbUJGSR7TwzELH+REbBN4OaHbSpE6bKjls="}},"G1vvi/jJJSxLnJ3E45zw/Xq+IBtseORVVepAnTFnHTI=":{"valueMac":{"type":"Buffer","data":"6mL7FrkwbRjQOYlPqQmcHCt45ZwkiwQbhl4IcmmosMQ="}},"G5Jkg+OnKMUFV4587l+P5e/toxm9k8b9w6g6jqGkpzs=":{"valueMac":{"type":"Buffer","data":"ATtxyPy+nBjanrakKXdCoL/CLVD77/7gYV+wiMIRSbQ="}},"G/6iJjUGUUFAI3U5VUS5mpOux5gokzX9v0Ll9+MnHPs=":{"valueMac":{"type":"Buffer","data":"sMvGyyv4N2AeXEw9ZXfi6VDEAr/m25+gLBH/XTwrpoo="}},"HFKZ+ZQHvyz2W7gYfCqhbicR2R9AMWIKUk4VADTGH8w=":{"valueMac":{"type":"Buffer","data":"oCMJQxvFm9jgN+XkQmmDobseY6pqgELiYnArt0uYMGo="}},"HbY+5cEynch/qk96p6p/N+7j4rWJcXq26dwWK1EBLQM=":{"valueMac":{"type":"Buffer","data":"4ezux3RcZjKHSurAy8xN7OzeLsNWJHH9b3Z/aUbXTB0="}},"HccIqmNydSmQhCQOzekjDDTa9TRuoDsAfVMWaVGXQSM=":{"valueMac":{"type":"Buffer","data":"BhzKhKEMhH3Z4X7/qOT5G1McQ+7yF4qpwwJPNSJUmdI="}},"HvWJRUXu/TqvcOmyhgHR60fGRpgQvEsCl9OkPThVVXM=":{"valueMac":{"type":"Buffer","data":"iYin1EFtkip98CeEpZyHgrLpN2wIcYJ7iFmkfeIWhO0="}},"H1aaL3+TU4s35z+RVTnxcwUPCjYSHz2eQi+q5w9F/2Q=":{"valueMac":{"type":"Buffer","data":"LOFRqdnuj5y9SXnZg5OIVjR30s6JA9PTWWFHRr2RTy0="}},"H8ki6RJ6nXzw2FeANOpZe4MuXZhkJ+Z7a85TutK7TWY=":{"valueMac":{"type":"Buffer","data":"HqIqFsp4ZtDkpmNPsq7shqJuxnwXeK/cRaxStT/rScA="}},"H/mAvmEPaSeQaxcU+zOR+Kwnj2S1GajT7H3SGr58YkQ=":{"valueMac":{"type":"Buffer","data":"DVnp7hkodgVQNBDB+p176Zy+OuoUaOWh2rHuA+s3uMg="}},"IACZ6vBAWxHb7vVbUvaSGKVzg99NCWX0e7stRUpdLtM=":{"valueMac":{"type":"Buffer","data":"3hlAYPc5JP/IVxPKYsT5I+T6v4g1Icd83bIvJlU6jx4="}},"IFkVMLK3xLT4HpbCZjhScLzXtdldWujeCs0olNCu2h0=":{"valueMac":{"type":"Buffer","data":"cQuEmVnJTwJ0BdLNEnFKmPodAyLKdWbohkQpECe0NnU="}},"IIyObkMc7f/fZU/hjfAZFHLYmTLcPTLX2SbMO0Lu85c=":{"valueMac":{"type":"Buffer","data":"xs4ALiEJDzjEoYLkJQ3HQW/HdCuhT+E1VDlJ2VzrYc8="}},"IPIws+YSdOy7auxYy7e0pmpkZhEGYCh+rozEaTDukcg=":{"valueMac":{"type":"Buffer","data":"37hsyzWzYxBQnDTbblbrzc6IJ9AzDm+SLZWFT5ZnweQ="}},"IVy7Lk14HSrCG8a73oKFGLgP00HF6svjaZcZGbekwDQ=":{"valueMac":{"type":"Buffer","data":"mfm/7NoGiHt+yUsOp90BrzMO0HVq2oKBNi6kvdQVujI="}},"IWgm9fZs7Z0ifFRq9xhOhZ3Bf5fbAD4gE6HYZ1p6HtE=":{"valueMac":{"type":"Buffer","data":"XI9JG6ZmgSlq6Cc9L/qBJq+XAlnwBJdB7xNI3kBwFEc="}},"IaVczs0fgzwaj2uUJlQnFP/956fgAynOglrjPjR4bJs=":{"valueMac":{"type":"Buffer","data":"RZ32EcEhKlqu06EJxI/FkgfAwVId0wNMaXzJmPug1Vo="}},"IfwEQODTt8f0qZ/sb5vqTzsdj8cIwS+y/rd31t1e+ls=":{"valueMac":{"type":"Buffer","data":"aET0/VK+DNurC1Nr3RTDKOPQAF9qGM6bvcJr+077J60="}},"IhoVWmI8hqOchOt/uQetUerh0JKIgrcNww3uA7OD8pc=":{"valueMac":{"type":"Buffer","data":"C0q+xj9HXOw412tWA3G3wdColdbsI/tEOzWTDJN2W70="}},"IjVnarYH1hG5Kr7xiwMU3dkBiOliVsOF2SYJJFP6tXU=":{"valueMac":{"type":"Buffer","data":"lUlHtna+XJYFxM9tUTnZB6x+/CpBVXq9Hojg4aUoPMI="}},"IrGq1TkiYs/SkaI/LbKPGiEOEjpRZ/jPd7SrYCNhyPY=":{"valueMac":{"type":"Buffer","data":"U0jeI+Up0yxS3e9DdhYh1kgZIwvY1pPxqeMJA+N3HnA="}},"I8+IVAX5DmCGDytuUNG4ilfDoou8TVw/TBQraIBG+Rg=":{"valueMac":{"type":"Buffer","data":"Kf/KUFY9fOs3R6e2o4Dgh/LYWtos8u6DA0EOrH2jx9o="}},"JAWluJ8PLCGNxFdik7Jx/ZIrrd9m35Mc5q/nmTFUjGw=":{"valueMac":{"type":"Buffer","data":"h3yzo7vMx23qwmWC3worrjoIO/K3/ARw0x74W9ol7OQ="}},"JY6+2TbAd3uu6qdS5dElYpxIKNL4J0ksYmBpLmVX+rk=":{"valueMac":{"type":"Buffer","data":"jM0AWNfQoWnrSd6XgGkXlxcSRMt36ReUNndqzfqS/58="}},"JkZC3vAIHOcLlcTys5VrM9gN+gxEsJUBK4PFVw+LQ7g=":{"valueMac":{"type":"Buffer","data":"KG/gYNZR51ylEBp/Ekv9+MZyzK7L9/sffrvJqSlycvI="}},"JliFIUlas7SNYUWoRHVgwuUQl1JQdNdxg027KRW2ovw=":{"valueMac":{"type":"Buffer","data":"dIWJWvZ8tn2q7Anm04WbxxjvdQ6womq7jThMhT0o7pc="}},"JmbIw+HGQEpY47qMF9m5Kqx1UR4hXz0blojmKFZS6mc=":{"valueMac":{"type":"Buffer","data":"yccVaS+HvBjVHfgWwmMsygSHJMwWAptOIY9PInwJjUw="}},"J+BH2wmtnJKid9Li5VxANbkpRPizlp1Xkd5y4j+RYQE=":{"valueMac":{"type":"Buffer","data":"XbW2Z9n3t9+Dvy08TO6RxAf0sNJHWJ+cM9kl6F+Zaac="}},"KFQhwl2HtOcutSNsDw0wDIosRjyi1tDEn9Y+Wc5x0X8=":{"valueMac":{"type":"Buffer","data":"V8xSDW36Jq4SPC+GfI8CXdaygqFcQPXYiOjWJ+DBUbk="}},"KUWgzPgiuBbPoi7Jm8S1e9WWA+6jEQLgTmnk3uWUJI8=":{"valueMac":{"type":"Buffer","data":"/41/hAzNaBf8cp3EDpw3uvtMonsP8zi0MrXdCT9OS5Y="}},"Kaz7uU1Q2C/Sho+NnKXaIqX9IVrKS9SBsJQYQW0W26E=":{"valueMac":{"type":"Buffer","data":"h5XGZ/NoegMIJ7xpcjINAAyqkm5iT4q4acX/5XHmFBo="}},"Ka49GrLYA/F6bwzVcwQTbgk5znndGSv87QFb+EZnzHI=":{"valueMac":{"type":"Buffer","data":"dQNSK2QzBDV8/itJdGNldYFH92Bm/aN7Mu30jPm99es="}},"KgJjCZMSl2Lj2BxbU3SUVfEOsNGQVtCZMEmf1ieEkZE=":{"valueMac":{"type":"Buffer","data":"7BOjkswiGfqZDAZ4rz2oIgsIsvWObu7fB/zPEX+dTGY="}},"KjIHnpEEI3noZvX08j5lgfFYmYDMakCEOF1NlQiL40Y=":{"valueMac":{"type":"Buffer","data":"+/zrXg8WorG/toMVr0VJqK8MoMdYXKRMQhEpz7SQiyA="}},"KxXksQCfIfZgEcjnkIfjTUgBtWFqEy0SMCGYO6CphFo=":{"valueMac":{"type":"Buffer","data":"dA9qmgK6KA4bsTej/lR+Cc/p5emNzcHbMjBckmgF0Q0="}},"K5/w5PhoUGVCYDOUnWA5vWqh2PPpG9cebjuFpcsEl6I=":{"valueMac":{"type":"Buffer","data":"oFTSU1Q3TH047rM0ufPSb+KMtCCy8qG3w8AigyQkjQg="}},"K7hFJDK5pHnuzWRDwZnKRgc6ulNDS4s/TYGSndJY3sc=":{"valueMac":{"type":"Buffer","data":"YAqN/hL479bPS7Ch4ALkbJTuC2Rvp24FHTaspbdSDgU="}},"K8jEqFXU8EDQxLsNHrPvP9LQIs+++XHwYy1dS86dcrA=":{"valueMac":{"type":"Buffer","data":"oSN5190UY9Q/+pgxeOQYIH2HMrmGVtXz0mtAtxABZNE="}},"K9iA+MkBc/oy7JzQZ9myHwB/egXyOdT8V0wmRWLkzfI=":{"valueMac":{"type":"Buffer","data":"6Ea7740Qb2szzqsqMZ63VnMBn1KJQWloZ2DJSqtlOzw="}},"K+uAQKgbg4G99Q96MmA20cgpccNUnSAPpwLjVoEuRbg=":{"valueMac":{"type":"Buffer","data":"BKmuhT3ik1gSFaML/ceyRY/bjKKiQy5Tp6S1MbVQ8VQ="}},"K/NlmC2ylArpOBFXf2kFJjnqTAfUww7Aw/BuZMbgRng=":{"valueMac":{"type":"Buffer","data":"2hvkd26pWY7254twoElYVYZP3VrzX+93zCe5gUQglNI="}},"LIcYhIT/VzEG74WK3cbOM4e8fvgPM1qM284BIv90u9s=":{"valueMac":{"type":"Buffer","data":"v1dzttAovphZ05vWnxTHF0Pp3MBBtN0S4ZQR1Ab+AWk="}},"LRelp7KbLFMfCCFiIIz2RggoWOcR0HzPeVLoy1/EXrc=":{"valueMac":{"type":"Buffer","data":"tcxQ9LkIYpi98jqhvbMXV9WT4/tVFezEG9O4Hx7XGGM="}},"LYGIIMpiXryTpJXeaYsnm21ZTI99XkyDQUi6Tmf32WQ=":{"valueMac":{"type":"Buffer","data":"zhWWg1qmW/9ceZcY23C9vOVpyGw5Azuq56aWk/FUVvQ="}},"LejEDMuxxAKmXj3oNDSNlXIh3RfTggU0bzQICwmR8Aw=":{"valueMac":{"type":"Buffer","data":"J0eOcg5/9hKPAjqZwLraLGz697hVjqIxcQXnd9avZ9o="}},"Lf9Bz6dtvHqC7TWDtZXXtm6hMtqZLNQqfHnKdJi0g9o=":{"valueMac":{"type":"Buffer","data":"O1IAlxvcXNM3H46Jp2r40nCjAbyP7ZD1wweWcncipJ8="}},"LoBt2Fc0ubatq0ZmM5GHP6r34Htu4qfU0svZnzjcSDc=":{"valueMac":{"type":"Buffer","data":"O8U7CoIZ5jnrCoZPKdRrhlpaA1iiif1IUcIAFHww7S8="}},"LooRBQUSJnQJdAlNj2LAFBFIYWw4sC5YsUJ1uyjrQU0=":{"valueMac":{"type":"Buffer","data":"LtUHUQr4ZFo3avZbP62kZ8086TQ/+vY1EcBB8GPpS5k="}},"L3N1DYdBklRBh00pPd+5Fmw3P25v69alKZhmtwqM3nE=":{"valueMac":{"type":"Buffer","data":"WZB5cwyWYmQqHVO8GHUY+GNaaVNN/sedDfLr7NPqddw="}},"MPGl3+vaTTSKjB5LOqtes2cevhDWh7BTGyakvjtCcUo=":{"valueMac":{"type":"Buffer","data":"7OWO0AL1zCZ6YrnhMPitVaAqPhArFHAQbakfDce2vYQ="}},"MXpXMA4x3H9Q4P4nEbqf8kCL8asfLSuxwaGXnl7nfsk=":{"valueMac":{"type":"Buffer","data":"jB4ykRnm3qR6JlqFKjlL4bQz4dX+QxZKYGdPuYP6TR0="}},"MZ+elvOFK1kRIIa3Ekwa8+QEeiAeKrF3YvVS/7FQp/A=":{"valueMac":{"type":"Buffer","data":"XOi5igrtYyH3Wz1ci2Fu8geBkzKujCjrXxQgZPGu4TU="}},"Mkj1HGMlMFOUFfwzTmGCONeil6QqZL5UHX5zVhTNtmw=":{"valueMac":{"type":"Buffer","data":"NCWXpzS2zto3IW8/EMDymwOmCIBIzkr/OIfvl2Q5V3Q="}},"MndHWkQAPXl6q6J+AlVFA6iALJY1vQ5Xl/uRL4HamrU=":{"valueMac":{"type":"Buffer","data":"NbSigrhsCOL/HTNjaNoLLWPkg/b2xuv7m79mOm/H+t8="}},"MqFljBhRb0XW6fcws3YF/zEgnoQOYnNQVGfMgCuJfRA=":{"valueMac":{"type":"Buffer","data":"DVIKrVAhFmVqmi7C8UrKz3DinSUS21wPRVEsTdRlAHo="}},"MqTi+RzpIviLCbCHKCFYkRt2rgYEK8LzG1vukha9FTE=":{"valueMac":{"type":"Buffer","data":"ePmlmBF2w85ulkI2Y2XPFi9Sp+elt8MePt+h0iFQyJE="}},"Mx/GJeGTstty0BXx3AcxQD22UdDHyy8jq+G/sHFa1x8=":{"valueMac":{"type":"Buffer","data":"/eCgt+DHtVJAt0svGbF1lHWLqhRPd6g3aML0AHmesH0="}},"M6kBQu9BUUsJ9Y9sFuoGCnM6lbxdC/ajXQIAaNnYPW4=":{"valueMac":{"type":"Buffer","data":"dttRDYfb+/z1njoiuOxSrYUh1+9ioUfn/yDJSjcJt/0="}},"NFJeOZG2w+TGBWazSngFpZtMNvLmad/cG6A723oVGLM=":{"valueMac":{"type":"Buffer","data":"L5xfNoKSNtmlCW8bEKwJ9oeHLKnsQpqqCpBLgWpxb58="}},"NKK8d4DlmvZw2wnz75vCsBRGOM2tLcmN+ACZBkjAvKc=":{"valueMac":{"type":"Buffer","data":"s5Ueh2ZL54vYj15bs8wKnMoDR15hVBdM13adawrYpsU="}},"NVtbtSGpxaoMGCwflQ3BOuCjJAHkLlhFLDXluxn7+5E=":{"valueMac":{"type":"Buffer","data":"GAScP3vlimSwXd8VPPWFYJ04bgnxgfwwTqSqo5Hdylw="}},"Nod8/6f4dHj1j+k7pA7FhytEh8roWmpB5W5XozZvrnw=":{"valueMac":{"type":"Buffer","data":"rIwtTjIo6jHCAt61BdoVoto357ABXGC6aWNdE5I+CM0="}},"Np1DdwcFAyVvWfGN6ojqIdHm8kcTGJ5Nt3WSo/nsaoI=":{"valueMac":{"type":"Buffer","data":"9U5Kdls5yPTu0iqBltxdztGnLzbtVwxzFJbuveshWp8="}},"NqHi3s8sOg29YfD4nAfGe3jQk8BCs4EuBk77JkfAspI=":{"valueMac":{"type":"Buffer","data":"xeMlIyfa1iAFqq604CzObrzMtvEYXvf04B3Fo3CLwec="}},"N0YwKhsptmuKeLL2kYdkR0JcfEowq6YI9m7IWHIUs40=":{"valueMac":{"type":"Buffer","data":"ZZembealu9qUijgkeucLlDwh8m8K4p/d46ppbBk4RSM="}},"N2wJ9wm9YozS8ufzDkVePF7nALDx9LVGZla/i9OI68E=":{"valueMac":{"type":"Buffer","data":"qyU7h9zgb7cOhMAF337j5zhuNpSZ6AAlD2U+vr7esuM="}},"OCeVlkLoBw7HRSuoK44sJ+XUoWU+syM3RCpP4EVVWlg=":{"valueMac":{"type":"Buffer","data":"OLYOmy0eDRmjUaWtXl58irEbwU9ylVMU32lVpNyZi2g="}},"OKFggFxxQV6SVxeUG2qw12UGoYzmDjkVtWNI9c2bpYs=":{"valueMac":{"type":"Buffer","data":"Qn7TtcuqJdGPIXGPvz4OPN9YIO5QNWDq+qI55URfuxg="}},"OReqitgrysXnap/qE2QoslEfHZlv+xO39jqaiVW/eIY=":{"valueMac":{"type":"Buffer","data":"MaS7G0zXLY8LtIDFZ7da7r939iN0177RdoiaHbSvTBc="}},"OSr+iXEyi3Lcks0KBzR5oVtCXj9N9zMX3mhCqMpj+wo=":{"valueMac":{"type":"Buffer","data":"U+Hhe4BYsWuUqtR6wGJeBC5dNquSL4YnBMLf1KkuuL0="}},"ObS1il9uLUWw1o7jCHu4rytcbn7eesGvDFrcaaymrEo=":{"valueMac":{"type":"Buffer","data":"CXomnpMaolvemzpl1gr8ipx7ek6y/Bi/+fLCpqYdoJ8="}},"OxGqUd3KanhdpmjnO1UAvBEoEECHQdQ7m+ueDyjnTUo=":{"valueMac":{"type":"Buffer","data":"AIrdRSFTytBGcxLa1S0RGziWDzAVTu6elQHH6bfOJME="}},"O88flfiENpW4taJ+SKHyu96rTx613UJNrCqcZVFGdh0=":{"valueMac":{"type":"Buffer","data":"LzwQig2tlXe2QlaEGRmrykQ87QaZIdRXzDCC3oyvVWA="}},"PEjDnAzHD3bVxKcIM5rMScdCIFLP6snLPF2WEWQvpzo=":{"valueMac":{"type":"Buffer","data":"FF9BuVBtXuTWPM1QFnCBjG0X8f0gCTbzyvKhOFcH7vY="}},"PSxTybirg1O9Toj7NiKOjofBGKd0AJpoiEuLWa2EvAo=":{"valueMac":{"type":"Buffer","data":"THUsrjOXK30SXxfCZ205Khyr+YlPIrVuIzwZZU880BA="}},"PpDF+NAsfUwWo/ShdrOkTzaOXtzrjzMsOt5LSAvAcjg=":{"valueMac":{"type":"Buffer","data":"+tMJ75THovIaw+pxO/MikmTVJBYraTb1I7tbs5nvrz4="}},"Pzs/LcAjKucxD/9BekGeaaLblL70xlTYkauuIgAlHBY=":{"valueMac":{"type":"Buffer","data":"w99EEVzxHbL4TNMOSBC7Q//GseJWQno79Fhg2rblr9Q="}},"P107rh2/l4b3EvKMSzOBW7FkD5n7vSgxaEFzs4YlqpE=":{"valueMac":{"type":"Buffer","data":"TUY7ZXsZOBUDxY7GOw1Lkd6034dVbSm51pEd4AP1wlo="}},"QA6WnSiV81hLWuVbSdHkueEzsWuusRvIGUQxeEDJhtI=":{"valueMac":{"type":"Buffer","data":"EB+cpwEKsaqRAc+5mDFlDe5d01Bs7Z+lqNzh1u57/Yw="}},"QK1Qn+irFEaIBjzbUUr0PJ+SXDHy/TWkZN7ACjkH9eI=":{"valueMac":{"type":"Buffer","data":"fIuDvN1M8z0Bplcn7T9mnu3etf0CYJYvzpMEb9nThaM="}},"QVJhoD1zPMe6BDg0ebq9xfYWapU1xwcRpb81c1B6eNc=":{"valueMac":{"type":"Buffer","data":"lnXeGeHXClk0ABfzSyD2Hu713w8Hk+3nrWaPtM+0c9Q="}},"QX37gvnzbV43B0mEYkjU3h5G9DHHif0mibGiPI7f9Qw=":{"valueMac":{"type":"Buffer","data":"aOr9gdtq8ZqwBkywaITHJPelLPpjxUzTe5Bjc8hlUrg="}},"QhygyUBTDLSl/29m1/ig/dZb1mlRBETlrN8N4WoEiag=":{"valueMac":{"type":"Buffer","data":"TgTQE/BjjrZyOmcDnurPMLOFVXwops5BRr6Gqg7NyuQ="}},"QjRRG1oYBlx430aX2Ck6fZ44jt8XqiOkAAqa3SGazgA=":{"valueMac":{"type":"Buffer","data":"KfJgWSKgRyHinLfT+9z19N6ihBOz8l/6UHQXdJjd0fE="}},"QzN9+EHZ7FkQhiO+cfZ1yJ0elp8qUIrPOljvwDQSVck=":{"valueMac":{"type":"Buffer","data":"MRxeas4JlTJCSFug4NaeYWO++Nspxr+Y6HZlHPR8eo8="}},"Q4RX9XE1qjrJs8HdtHNdSOoAjA5S9t23UIIve2qwodA=":{"valueMac":{"type":"Buffer","data":"Iyn9EAWCgp60csmHdHx8g+7pHsR5fJthQufcb5nkqAE="}},"Q/m9B4OncUzwGLVZngIB5qRaazMrds5m4XDDzZNZYvE=":{"valueMac":{"type":"Buffer","data":"fgNuXZhtncnQAMbnZFDR+EjBOURJPV+Vg9MjuZHKe3s="}},"REq3U2PTI6oMMCXK8e0W7Zk3FmWGV0fUWxKdPnM4d5E=":{"valueMac":{"type":"Buffer","data":"NLlP3xEj98ovNk08k4P6bto8cFfybC46LOsneLTbGP8="}},"RHW5QkxDyn03UToaFFNnpDUjAohz5ZjVqv23mwEle7E=":{"valueMac":{"type":"Buffer","data":"D8VPvUu9X2K1Hgn/VAca4OC+zrMXN5DWdNOz1QTsJtY="}},"RITvIMaZImCfCZ3nFWmyqcZGHpHPGLn5PVSYpYRL+V4=":{"valueMac":{"type":"Buffer","data":"u59qDyB9ae4NJP087RQdyEcHVCfJkca2N6qh2T3zK1w="}},"RLhqmVu1vVBfqbCsYVR3kNYspI6wQZntr8S8bEPtfeA=":{"valueMac":{"type":"Buffer","data":"/4sGKZ8fQirMB++2mgi8V72PpLnZ+PIYPgeWejzYx1M="}},"RSAFpayAv18/u89/6qDHOIjVODClTnocaXw7oxu9eeo=":{"valueMac":{"type":"Buffer","data":"NcQAa5rN0MzYqc1Y3Zk9NI0W8bFfQlHBcuv3fWWCwxE="}},"RWE2qlcLEX2P5b28Kw+7kW2MHwfLxW3BG0ivcNeMAds=":{"valueMac":{"type":"Buffer","data":"lTa/u9TgO/zUvqKcrA7YCAm+9LQ+9dvVgCOesfkqu7Y="}},"RuaxIlkKHSjcRPmNLxVEsu+p+eAFeFsA8ybj/wIFiDs=":{"valueMac":{"type":"Buffer","data":"22hV5p/+tGc8RCKjY2xNay6iriCM0yxd7Z4OgA6yNLQ="}},"RwiNLzx7v3sGyS0z52QFdxj/Slv3fvvEMWCAxUqIZ4E=":{"valueMac":{"type":"Buffer","data":"zZUV8R1dpxSxukqqBa49V8zE9DIZ0eVWfKDjuoQ7mpE="}},"R0pdr3SX1U4qP6d1jXhRgTNhiQqYz4Pemkrph/jfvgo=":{"valueMac":{"type":"Buffer","data":"xQQSZRW/eMa9uog2/ATaMoq+BNXCxPinicF6hyJg4v8="}},"R1XJn1fMgJ2SOjfWszIq7GGzhBJrKyGyX8DPXuCvC8Y=":{"valueMac":{"type":"Buffer","data":"X6OJdTr53z++hRwDbR+Gxa4qsqas5chspGMLnFe6LWA="}},"R2+cC0kvvannzzt4skkIQgO4EJFsgKYhL0UAmoKQJdw=":{"valueMac":{"type":"Buffer","data":"35fnzJS7e3x022ArTpDlLTg+xI4F2Fh4U/rnzC450Ks="}},"R9fmLiJduvQTL72HguhZCyS2A9VhK2PBlAT+oWhSums=":{"valueMac":{"type":"Buffer","data":"7P7OT3QZQuUj/LO0+t7HG9Ts+P8dQ6nCtcKIPMzTkp4="}},"R/VARP7vi0VaTcmRcC8qN2nucswH9AexH/oSLcAleVQ=":{"valueMac":{"type":"Buffer","data":"n+mP4G4lETRLr2i/xuUuT2iqUIc9OMFKeqHQD73pDEE="}},"SJATDvWZIosT2JvbFgNd4sglJBYAIDnu5+pgLgYE548=":{"valueMac":{"type":"Buffer","data":"Ai3noVTn8ABjSos6pBAdzv1XRjIRR3viJjwgO80gfgU="}},"SvqwsMawUkHo5SAApx0aKE/pmFTK1LRKqxvWzJDFTiw=":{"valueMac":{"type":"Buffer","data":"efEeOI99I5Wxe2PH+wiLo+GGNy8uKmaoO2K310p8ifE="}},"SwQrKyPeS8Nqmm/gSgJj/IcHn0elC9Ft2YqNdpmr4lA=":{"valueMac":{"type":"Buffer","data":"W5ggN3Q3rboaTijZrzZqCYM8WSvsWQ2WMag33RVEGQ4="}},"S16pbxtZoCTzI4xovv4P6oruM2h2dhhReIAAYStH89M=":{"valueMac":{"type":"Buffer","data":"R8rauAGpEeYY5VNn8618NstEehy+/WnywbGfQcbw700="}},"TL7Py9OTcZIqYnB5hGldvtx0pxeYdMAnJDsGMzQ7R5A=":{"valueMac":{"type":"Buffer","data":"Q2yXZDhFQpmenF+WJO/LWiXKoHnvhKGiPK4Q72wpdY8="}},"TQroEsFzyARoehHmkSlCJDo1SMH2Z25dA222yV/uUPI=":{"valueMac":{"type":"Buffer","data":"vWp1lMUdXGuluS+yX0PBYin6AMVVjPZZoIKyWIEICJo="}},"TXkdKsuDvuYAiQjJzCcp1wky17b8yKfbGOXG8JAz4tk=":{"valueMac":{"type":"Buffer","data":"j3ZqrYFAQdDGdwpuo99KquuAK8iHXhbrC1ZTN6UD608="}},"TkqBsfzEntTxayn8ji4gXv9Dxzy9+dEfomUavqYUL4I=":{"valueMac":{"type":"Buffer","data":"krf2DRJD2bolrp0tbKoKBQ0+iAHls2O9szovnMRM1rI="}},"TpXlGsxaaEisgTGfErTq37nuWFf0219d+1cA/vbv4AI=":{"valueMac":{"type":"Buffer","data":"uP4n46yXgHrkDhjfkM0ORvjt4ZU/qaM/NNrtV1C4u54="}},"TtcwpIXPA13UNTIi2PsrCpApeDnGbgbfhM9nATwqc9Y=":{"valueMac":{"type":"Buffer","data":"6ijh7rkvrtAmsdEbqcdPRrS68j4Rtg0ZttG75t9lYqs="}},"TvgWJsjziJryCk/3a/PudoPrkvn3ai+UBgHG7pnFbbA=":{"valueMac":{"type":"Buffer","data":"Byu1xIM2e3dEauNxRdjkVAydvHLGv8Bxk6OSFPTc0rs="}},"UA4rcZgaqg81ox7bQN7+ZgYYXvPX4L62TyvC3k7+ybE=":{"valueMac":{"type":"Buffer","data":"262C5xkEuGhTSBGX0TQXIpiOk+OyIQuP7TrNqeoyIDE="}},"UIw5ItbUF9BWHsQlzQ0tBAkv61xwbfkrLEsMBEfWy3Q=":{"valueMac":{"type":"Buffer","data":"LArSoyTbFV/Bxaw9YfRC5fJiBwtUWl1HG+p94ojQkHM="}},"ULWBAN14FKvHAFOjzr5dmYS5Rx5+4obGZpvuNhm8O3U=":{"valueMac":{"type":"Buffer","data":"F/fpWNetuzTxIrTvoh+RkgIm98b9RVTUEswkwV7XNPk="}},"UV4LETlUKCwxXbRddhHM/mYcoMto55DVAEbJCKKJNVw=":{"valueMac":{"type":"Buffer","data":"XCaFLf6EYkfI7krfAIeyn+QUXoFkfYzhTveir38IHkc="}},"Uob6OPyUdohpzOa4aSNzv+91R3FC6nfKTqajF80gWio=":{"valueMac":{"type":"Buffer","data":"qacDoqJ7sIaKZQQvTQEuk6nTrmSEwhqacybxLyOaoME="}},"Ut8Wk0aRBbKYVnFnFqOuT0o1FD5mz2Qe0YwOUegDUuI=":{"valueMac":{"type":"Buffer","data":"/8deqCLGhIBf1kqqVdqKhyDtnkejZYX7yE1Vn3w4jCI="}},"UyyDkHO7RA+lv4Dsi8NIz6CMpafV0CH0uEQUodItekg=":{"valueMac":{"type":"Buffer","data":"cH2iSn33tR2ERn8L7RtB5VlE9jxwt16xjYH7oF1Swsw="}},"Uy3PdHN1D8DDokB9knbMfMOCqopqgCzJ5mWCtn22zFg=":{"valueMac":{"type":"Buffer","data":"VOVCGgJ4C8RZcvAYRdnNa6fzIBWy1rokKbz1/hNDE6M="}},"U6jbokJcE0qxrFfZZ7QazgfM2NQh6Hv2mrgzp48pX/g=":{"valueMac":{"type":"Buffer","data":"Eea9YHPDfOat/sZ6z5vSBpJce+I0DgEiqrX5akRZab8="}},"U81iv78F7tdAtaraGLeNGRSBk15dQXPu+yOg4UbBXl4=":{"valueMac":{"type":"Buffer","data":"pOstWzBpAs+oMIBmlRYuDPfIBzKvJuQZ88yia7NKZsQ="}},"VEcohCBKEkz9IW7P+o772jyaA9p2kXkUZQVOfxAHlBc=":{"valueMac":{"type":"Buffer","data":"wyc4FzmIW8115XLaq2QVLBFLSeKYX6N6o2J1WxRvN/Y="}},"VMWkuEHme1WzWOdF3I+KPs0UTsONFNeDo3VxEsZI0IY=":{"valueMac":{"type":"Buffer","data":"Z7EhkvCBSPRPVLCEMB9dU2VZfB9q6yxuOhR6XnREYn4="}},"VU9iuooE2rdc0B3jAVdKXn0tOtTR/3RrID8NnDGjtiA=":{"valueMac":{"type":"Buffer","data":"StVdsw6QvT679ivPUlxp7MiIG82ZdrSrxmIwilIQ0ZE="}},"VaSxN0XzcKx3UxfBpnHV6YC+49jT0lYkaspRoKoYnAA=":{"valueMac":{"type":"Buffer","data":"9x5Cka91td1g6HYqpT0hZJt725JVcINrnGWwKLG8ynQ="}},"VhUhuB35vJlgWeo9yRVbuOH3aKJHKYxEsOF57LAzlg8=":{"valueMac":{"type":"Buffer","data":"4Rc6iaHh3VTD7RCurTGHHNiXe2+EC/Mh7jXWsefB8yA="}},"Vm+Y7CqMiMcZ4WV4jWioG+qPH1BiezYE5yci0PiqLRs=":{"valueMac":{"type":"Buffer","data":"dbJF7Nx+QMpWqsL+D1b4LwSKKm/0R8oo4TU/YNNQ08c="}},"Vo0+QK4BLSFGbsdjTRh7aXvPvMBqu7KVMGYNE5Jmk7A=":{"valueMac":{"type":"Buffer","data":"ZFXWbGe4iuizK7Owm94OFv1WT+sUGEG+GwoECcTf7Wk="}},"VrqdpJAVi2E7xCFJ5k/wfgLeiMcuD148UtsJT6SqdB0=":{"valueMac":{"type":"Buffer","data":"+sH1tQ89QUxIFn5SsXbWJ48Io2yzxCC3ybbqTWzG4Gs="}},"V0WgQGl63bJDJu1gAg/t/IRzbaLOQ+3Ex2gmFC9cEK0=":{"valueMac":{"type":"Buffer","data":"xxF5onHNaI8VX5MVLfEzPZ2Cdi7RMIuPUkrbD/Gbtq4="}},"V/ENstRG1r5r6eTo55050/OXeAUTEXxW8l8vSAs05uI=":{"valueMac":{"type":"Buffer","data":"s/au2n3j5nIwk+E8vY4ehSpN8+qNssZ4FvTZSIZMxMs="}},"WNdeofCPd62Joxs0rwhLmeAEuHtWAsED1H6C2Pd6HVI=":{"valueMac":{"type":"Buffer","data":"Du3FGeevMXGACRO0diQ98Nn43XkWywd4n9TAhO0Qqvg="}},"WUditMcWhHT3Ha3wuqq4mtC3d8rXt0hVpzG/u8D+1Is=":{"valueMac":{"type":"Buffer","data":"+wuITwA2Wyhvl2pIo4uPto/W2ROmb4+WxudS4ZNfWpY="}},"WWFQ57zEKcbkuZLNmOSzHUcarAmOOUzvWvNpCTJF4mw=":{"valueMac":{"type":"Buffer","data":"KwR90pVmoBMMjGMiopxiR6/Qtcy+WLR+seqmbEEgfis="}},"WiZIiUoJwM+0qRHS59Yw6XDRPvMHUDeKsjk6D5UhcrQ=":{"valueMac":{"type":"Buffer","data":"qIRhP5ybk6LjcSbSuiSCidzZm9bTvnjbZ9XdYFGaJEQ="}},"W3go7028lh1VAVrIvrdZvYhGQncYwT0BSuPPfI1OwrY=":{"valueMac":{"type":"Buffer","data":"qChLw2K6PLXJ+dUNOGaARaejNHgRo9hhTcjZ4doTcqY="}},"W6D0kHE8L6+Aj6M78mEHsMiarmS+KpbS2moLN6Rn4n0=":{"valueMac":{"type":"Buffer","data":"b+PiEWNwMcrIump4vvs2bqCnMk7QtDY6CsCQs822axU="}},"W6p7ruJ6wNs0nPT05JtWHadPbEM9MxURmrfq5qYf5cA=":{"valueMac":{"type":"Buffer","data":"HmDD3GELwtZIptU9vJscLVdKiIaKYGVr1gLSgFFKzQM="}},"W7lHAMZaaCyt52JUMeIr6Ftdr4TShPYHfModO07F47c=":{"valueMac":{"type":"Buffer","data":"pYEXDnGTt5yHYk9Vj52+mB/f9a9FKrt8EJFSr7z4kQs="}},"W74U0KkoWp82g9LMddP0wIiahzySV8rbtSq8ZSPKUS0=":{"valueMac":{"type":"Buffer","data":"SAA1kOV9FahzTDTI0WFERu4n9s88shLJR7LTH2qfZKc="}},"XEJ4SrfjVi5D2S2jOTnAf/WkUnRyMQbeA1U+xDxvi0E=":{"valueMac":{"type":"Buffer","data":"b6IrVdCZBcxUcwPKK91TNznGDdQXTq2Ej5r9NHZDbvE="}},"XEP5ZWiX04Qt3FY80zCsPag5FUvk0/mqE/ne2xGW7tg=":{"valueMac":{"type":"Buffer","data":"52Y9X7xrMQIHRf50veP2jHb6yqXOPdxcQoAFNTdVAbA="}},"XMZkBTswsQi425MrsWQL1vWR03Xe3we7KH7SdBrHKbs=":{"valueMac":{"type":"Buffer","data":"STSYuUdSTfjAkeiMErWtJ1Zq4igzcQ7QwE8WnxCI/ZE="}},"XdgYdyFaYQn8d9LQeYcQpl3F3HT36to0JoOZTo+s59I=":{"valueMac":{"type":"Buffer","data":"FT34GtLQQtBV68QoHf83NjzN5uTgDuxeLbTqde2gGuI="}},"Xn71dDykktUudjG2X6pclZHfV5z+g5ejQ1gxYopRgnc=":{"valueMac":{"type":"Buffer","data":"m69PDzJmhKYNc5/nX3PHsl9nUInxGGxk8B8URJpQxtU="}},"XsSVa2URFPSJ1V2XdPqXQYEFmGgisvummaTe8c7yZ3k=":{"valueMac":{"type":"Buffer","data":"SkjgxRQqoLVC+2waNhAFi+kBsCf2aqnnD8PQmJ8Trig="}},"XthHShJSaB241IzFL/spFj7IUgLfR3C3IAf3OO8rKoU=":{"valueMac":{"type":"Buffer","data":"u+Q1MLnvRnFzTzBpNI03JOssKTyMQLvnza3lB+EUMp8="}},"X0mkCpu+QT8+y1DzHwGl0zZUOUXA7wVsCcLNxGevI0Y=":{"valueMac":{"type":"Buffer","data":"2ARwAX9MbjO5fOAxcT5J+oamKYfMG8rJ4HigDFzNTRg="}},"X9GxbTWufBWcvqe4tVQ1qcrAesvyW5KXMFTq9fyXnzc=":{"valueMac":{"type":"Buffer","data":"mv6ZDX7oTO6iBgcM3GByYlW2U9LBpSQzL7TikD/y8og="}},"YDFYFVWlw2mfZlACxdO4j9EonY6JHX6PjW058vkZWtg=":{"valueMac":{"type":"Buffer","data":"mhibHPVsEOHfBmhPKtXRNsp17VxnhK9PcqlZaAssAGs="}},"YIsrSAjzGjAYWmFKoQiZwsUdnG5cq/HvtSGUxAJulFk=":{"valueMac":{"type":"Buffer","data":"lLIUseAxbgSg8OMGC29ZRr3VlCmxhPo60+do/mVynuo="}},"YLQQRwPDe9IsAEsyKTHUErJwVkcxjBrq78n0Q/kwZSA=":{"valueMac":{"type":"Buffer","data":"YoPvJ4EfLV9DhRBVOcuO3iA/6+zmDQHuW2aGPC+iu9g="}},"YPZAF2MtS6PejouHpujfi54b89zpIz7YKHUm2qzbHjQ=":{"valueMac":{"type":"Buffer","data":"id+AjOi1soEonBldv2WsZfYmBjOBkoevyYHVYOqHvFQ="}},"YZtTv95gPS8IQ+qy+mKxMEFM7kjwuH7qmmf8iSPfaEA=":{"valueMac":{"type":"Buffer","data":"y3+QyzbNV890+K4W/k0YkpdMa3c8YUsd/gXZ2ECCxUI="}},"YZxtqO87TNvpXu44JNAJHHHyPnDNq0+zY77qmutH7Vc=":{"valueMac":{"type":"Buffer","data":"P3l8V/tVO5xWiNjNKVyLYh1Hu6Z8si/2UCr7TUfFOHA="}},"YjOMW3LluQZ2OJ76ut/lhWJQh8t723kxK5PX2SZY/M4=":{"valueMac":{"type":"Buffer","data":"pogcb1d8eGFyAV6HWr1uMrd4xGWCWJxcoOFa1pMnB9s="}},"YqJYY5cQPIT5tgtO4MKs3M7A4wC10ABo/fZjVWMcVvw=":{"valueMac":{"type":"Buffer","data":"Bl8Or3WZP7wDpEPgJyShjuNsORV0/I8L08KS4xSFJaM="}},"YqNmSphCVtsLAxX8p6jzbfFZN5qovvBrqjrwNP461iI=":{"valueMac":{"type":"Buffer","data":"3MAjB7HYpsDmtbQZI7TkPo9PgUrWN15kgJM3yCHJP2U="}},"Ywq0o2JGo3w5ykcaAJ7o2eR6gxn42uNHIDSXP1Foxgk=":{"valueMac":{"type":"Buffer","data":"zxfrunJAnsoLnV2TjjHYLgvLhPb44v2gu00lPDAiFRY="}},"YxW76i6caoUWlrLcmBsZRWIRJqVPimltmwvw0ZupCW4=":{"valueMac":{"type":"Buffer","data":"zqHGDbQcKpZNmrP5OiU6p+re+PDMW62Ucuqv+dt4f5Q="}},"ZE12n2Yl6tR35nh04ihbuwPdZ2hDLur5rIin2kPUnjM=":{"valueMac":{"type":"Buffer","data":"Os5Oh6fxBwQvvEV+ucTv68yS8go5P3JsP9uczpY0T+M="}},"ZkSny15FVFkOOTbLy2q9KQExbAas1fQiaJzKbF2ZIpc=":{"valueMac":{"type":"Buffer","data":"5IBhljDU7Vy8DSNoV56zeq0nrT0jK1pa/OsxtnIpRBU="}},"ZuARf01tEzxBF5aXyEFaUDUAHDNAUXb2yncnnCqN+fI=":{"valueMac":{"type":"Buffer","data":"705hfceFMIibz/GwPNu+emfm2HwL+Typr7xpmLvlGhc="}},"ZvhoTctc80aaNip8t+Fz6t9OiE5nBVA/anxmjHc6LhI=":{"valueMac":{"type":"Buffer","data":"YOruVe9aKfF5CVp1NgHIwjSQ6UEDSS0BNIe5M6FJbTs="}},"ZyW39/kze+dvKEP8W0mun4cgrJJvh/fpwLWPhnCLGQs=":{"valueMac":{"type":"Buffer","data":"aSeVN7cpxMyXZgLmV1433eQU700Em9ic4QAJhNihyGQ="}},"Z1BG8zVDopaBMLFQfcwXGxp8QcTSM30T/0KnvYn7IOQ=":{"valueMac":{"type":"Buffer","data":"wyJ03syKImRrw0c12/7nR9qAHQbc11ZmiAJyf/Rq5R0="}},"Z2Gdp+gFAlHhipbh75sZa4K3FHtYSekgC9QCeIeqV9Q=":{"valueMac":{"type":"Buffer","data":"r+6FYrhTaJJWxyy8sc9iDqODHha3mw65X/gyeo8gZHg="}},"Z2tJs6NcUVx8l8bk/eV51wF8nVM1GKYq+Xwmv/GYkp8=":{"valueMac":{"type":"Buffer","data":"sJ8GEbGoKUpuMGeDlO9k0A59PmmD3Hvm7iipSAeU6cw="}},"ai3kRUdqcJWatDhKuutnel+Qnn7ua02Be3awrxxolQQ=":{"valueMac":{"type":"Buffer","data":"Ml9Q5TJ8akKcoy2P0rzgNsw6oYvVvPsVXNylNqV9ATA="}},"amIJKf+Dmkbza77eVfMT0rKvtP0KUxp44ucAN+7jiEc=":{"valueMac":{"type":"Buffer","data":"/+vo7VakCCu+HHy4mAW/hMRV3ZbumLsP9f59IUWuNeM="}},"anZk3dFcwdT9KeOECtPY1vKXg4h8QzGxrgsrJYxc5PI=":{"valueMac":{"type":"Buffer","data":"f4xEAy6m2ipFs47n7lbaT8W25lUW+T0r7cVaq0HE07s="}},"ayz0XStto4kwc3pJ4Crc7AHpP5nOipt6mxZgMUwV3Vo=":{"valueMac":{"type":"Buffer","data":"VVSfkw0yJEHMPoasDZ3SKG8uBHJOgPPK903zaeZINXE="}},"bKwE+l37noDDjVwVm6N6Hot+l+a8LeArn/+ItKOExek=":{"valueMac":{"type":"Buffer","data":"DcpmpjcMC7ZSZXcxsfn/TyruSwgr/jiKtzid3Gvzehg="}},"bUBPVaosNF8Qw7azmaczH25lnq4A4jg1YpeRIF5ZOYE=":{"valueMac":{"type":"Buffer","data":"2SB30UrVZ8YtFlBL2qNpuK4QgY5BrODs9dJnBKayVVU="}},"beZOnei+Iv4dZCFffB1VB4/bys7MsYf28JjhO1brMhw=":{"valueMac":{"type":"Buffer","data":"/ZX9P7usZBH80fRt6r0NSM0Bkmjl7lUIc7mzQCPcQ3I="}},"bpX6Errdz/ZDZH5Ar1OAO7UHwHiuS658grcFMTuJY+0=":{"valueMac":{"type":"Buffer","data":"uJe7Fu/n9My/m0goBh/ASIakmGnZ/xcPgQjIuJibbwg="}},"cMIcUz0YUoK3DpClQQXMpp6gn0QmwkQWsDgRrlkXjPc=":{"valueMac":{"type":"Buffer","data":"1hOHyVCa6Z/ujTCKFoQpb3H05p2mwbL3UId8A4/Xf+M="}},"cMkOvtGQklrmtrfbbWll8MqfajFgKrAoZLUdRQlI6dg=":{"valueMac":{"type":"Buffer","data":"m94UGTVPdVHE2eOQ/c+JxkA584FL0Led0cnw0J6vymM="}},"cRsTeqj1RrZvEc0g+f9XDtzuQUnP3yPCiCfmaHACuhE=":{"valueMac":{"type":"Buffer","data":"09FGv9W0hKhfLiWrIYK3mEDCI5XspZljNZiilbQxdMA="}},"cetOSNfMOWR/QbhLZs0kXpfdzhSoJ24DjRJ1NnTwfEc=":{"valueMac":{"type":"Buffer","data":"GcsWXOpXzrI8/eFEgcEUEIaAiJeAW6UuFP+XqD20v3o="}},"c0V5olY0aARsFlYQ8uh8WLTowpy/jwZWoUJFqgflyHk=":{"valueMac":{"type":"Buffer","data":"wklMixx9EHkoOEc5gpZx4f1IKk6RSEzxPKdWP0VkwpU="}},"c99yLAi3Z2YufQo94wPDtbg5IEp7a+ROkovLg3ORMM8=":{"valueMac":{"type":"Buffer","data":"tQdSXFowqIZ35HfQx9qoq7Dq3qYFf6/2wwHVcRjpDi4="}},"dDfy5sIuWYqAGEZF8PYRxcVXfaFvmIbzQbgjEhRilPw=":{"valueMac":{"type":"Buffer","data":"NZ+z0dSipZ/EPxqRFJ5ECNpMmAGPQBdRGFBTM2cUiyo="}},"dGrZuRWN6+hftUVZqDRhSwaUpW0ASbuK5FDuPaM2SYo=":{"valueMac":{"type":"Buffer","data":"M1BRsC30bfHrFK5vtQffiz+4lvpsxp28Hj/CMskNUr8="}},"dJenCdfOH5HrPpu0T6ZJqjS75tpv1vKBUlRC/0lFwe0=":{"valueMac":{"type":"Buffer","data":"YnplSvIro00AEqn0GYmFjJ3sh2DCH1D2B/eVV48NHVI="}},"dNxuFZNDLCZumdkCdsizZq5OSlXC4w4+VUO5bYBYRmU=":{"valueMac":{"type":"Buffer","data":"YAaGco4KR7dA70qfd7xQuzbzY4JyEFgP+jnftsDFSv4="}},"dOd1tviwxp+h8Lf2t7y7HHAVF0X+Wp8wxIYr/6y9mjg=":{"valueMac":{"type":"Buffer","data":"XzYqOzHrN5v6Xr7AvVHSL+Fba/1E7dJ1YCwo5DdQKBE="}},"dQJyvreGqbhJ9lBVR0ONJFrHWKxbz7e5n9rkLA6Jf/k=":{"valueMac":{"type":"Buffer","data":"OpPpvn33UL9zTOdoBUbtypAyddfLVnRApolmwzgaK/Q="}},"dQbKBeV7r23qHWnoPUm5rQ/gPRPuhSuRWwiUIcERnTo=":{"valueMac":{"type":"Buffer","data":"2Wue0wClcOK9Phpuzvf36CQLqTheCI/gh5KrLDI2Hp4="}},"dTdQPcpg/a6UzAhhEEaom7bSw3vBVcMVo6T1LzqVV00=":{"valueMac":{"type":"Buffer","data":"Vj2X47t4TTXEE6R6SZRMk12f3oBZHaIsZjCm33UJ2wY="}},"dT0EtuKaeqiT53lohEVCO8NEPU4SQ6oJpUAet9vKMD4=":{"valueMac":{"type":"Buffer","data":"dB+iczsQAd6o0puI9T+DgAgItzYeLYfo31x/aGkgb7c="}},"dcE9zxtdT5rDqbCaSI6TdRNmTMht0PSWiBuLiTBIKHY=":{"valueMac":{"type":"Buffer","data":"SJPgynjmMPNabNBSuK48y1h45NCD6VwOy7VsBW94EBE="}},"deQxJxnZp2AIkUw/JBgxh/9zzLSXIUO9lETmcre8E6k=":{"valueMac":{"type":"Buffer","data":"IKsBXcR4Blzi0JBj4YYd6HAcjtsluhAX24i3bircTIc="}},"dm/HXJfpiaKgAeUyRT/mhxG07zX6cZW1vfByYIfPSw8=":{"valueMac":{"type":"Buffer","data":"J+u2IF52pnvBOlKTqP2/lArSgpfDouKlqC37U/M96QU="}},"d3uaUJrYBEFzgl4MiEiBJ3S8hNfL5Eu3nkL79Jdh3OQ=":{"valueMac":{"type":"Buffer","data":"JpkGAPFW1Yz+zcKVq0gyYL+hLSpFiTTHqJel7KbE+Wc="}},"d6zwjD0BOwB1E6yk3t/bA/JqzUEbh5ZA0R+1K/VZ1OU=":{"valueMac":{"type":"Buffer","data":"lk9nv0v7WWdEYqvsWUxRg5ijuAAXxs4iwdmC3p9KkWQ="}},"d8jAnNH2R/zpLpSK+BbLeu1mlXx+JdRFtXKVAokCAKw=":{"valueMac":{"type":"Buffer","data":"1sCv5NNo2DdGd3SSnPL2aEcaXz5BjOe4hQqvPt24xPg="}},"eHF9VztvppLmh95cvYqRkKEpSXrFG+RZVryb1Em6Ykw=":{"valueMac":{"type":"Buffer","data":"DA2o384rx7gq3tG7pvsepK/puo0JKK+k5OhbXqoGVXY="}},"etmSmQX7ceT+pDqUEziJYKyt86DPwZWUobQZW+Q671Y=":{"valueMac":{"type":"Buffer","data":"6KAbfMHe/NAt9ufMimAQij/37A5vzCwt0XHF9qXIq24="}},"e/x02cYPVPipNVQrUTZ8j6gn32grOPUE4Fk8e9vsXeg=":{"valueMac":{"type":"Buffer","data":"jw0hcCxeZ9HX5FwHThuXCbi94P3pDW2nNYvcxIwnXcs="}},"fDW6TpR3h/6qW1TOC5B8sl1a0oISOcbv8AJ5f6Fon/g=":{"valueMac":{"type":"Buffer","data":"W1hfOtyKbUNFcCuFp1zia0niMSuQ8scD8Chu/qUkg+M="}},"fXtLxZkZBCwH2HWBTq1XC3PwSEMTNnG2qQILatRpYag=":{"valueMac":{"type":"Buffer","data":"hJCwC6KuEq4+RWSO5ZkSeBiFfxFlc9VJ0v9CYqMSIh0="}},"fac7DOz+ynb4C5gD2LU73ba3bLW/eXj1XbxidC/nXRw=":{"valueMac":{"type":"Buffer","data":"QRuZyrDOx7zVXAzpGsUzNneO5Q//oe2x9fYSFStQylM="}},"fe2NlajwMa6l8Ypc9OToX3sLid69+HnJS0WpRKdZY8g=":{"valueMac":{"type":"Buffer","data":"2rC38H/MYLIytZoN8QKXLCyqnQjuP99VrthD/ZZ5gfg="}},"ffTFiDH9Xe6abwJbQ681n2PcBfC/OvKUqhsxKjpyIX4=":{"valueMac":{"type":"Buffer","data":"fixRiSJDPELG2UcdAO2qSuTo8XJ4zNMg4W9TOSFr+tQ="}},"fyt52bAzI/vuE6Y0GtUuVH+mGGwuQnmaiGBa71FF4c0=":{"valueMac":{"type":"Buffer","data":"V9OuVkpAXmQXOBUwOdof58cRgt1k2z3EszpBXh9ZOn0="}},"f8TFQ2NSUfn+onkJBJTn9lHiH0z9IYiu9lbPowyNY/o=":{"valueMac":{"type":"Buffer","data":"cWqUOj34ZssYJfAzKJKHVCBYUrSH9brLai14Xqmdl6A="}},"gCCWPA40gifaoGqUvmK0VWAq9dQRzAp7Ja1bdA2/eLU=":{"valueMac":{"type":"Buffer","data":"B18IguSaM6LE08ql+srjQI21pmEjy+9x2wN1SMP3138="}},"gEPlgKVKrBWsH0ASNb2YmXhSS6EKVJM0HOTFihQdhxc=":{"valueMac":{"type":"Buffer","data":"cHI8yt9tES2+427+2tPwbT++O5I4Jn4xyZzwjoMYxqk="}},"gE0doznnvHsFGNtnh6xWIWJi/yJN8RD/63cPvsUCqOE=":{"valueMac":{"type":"Buffer","data":"6GOQZd3Kd07lH0gOEW2z5uKdlxLIOnYsU7sxFt5ef3U="}},"gSEtLyCF/gP9WIhLOuMlEti2u9/Gm/EIXhj0NohzC/w=":{"valueMac":{"type":"Buffer","data":"9C26ySKglVx8QJSLmAUXzfK1HGN2Z3LjzZnG9GeoZhk="}},"gSqqCYRalSwmbpn4hS08C59J8aCp62bVwxRuICwu3nY=":{"valueMac":{"type":"Buffer","data":"z+t2KOvUSWcMTzLAnnMA9qdnmHYXGZTz5Zn+sGR7qns="}},"gTM/CMHoLIOmT7YmPQ1JOD0GftX48t/r74GsnE4/9yU=":{"valueMac":{"type":"Buffer","data":"9lr0G3aCPN+MJ/yj5NjzBSilpbNJ3SBsxaKf0jb4hmo="}},"gW5vtSD05jV+UW4Fzu0X9FmNvwzQFQ4Bl9otJQPvQnU=":{"valueMac":{"type":"Buffer","data":"J6bjRi/OXaCbo+BYhLwX5I/ex7b4lwy/EnHj/Y6w7LE="}},"ggGMhSicQfePHWNRno1boYwybBpIq+wZ5f3xGEIKPwg=":{"valueMac":{"type":"Buffer","data":"I7Wys5DfM4LG9E8KeRA2Namzw2TADMfuQmqO3o/QEBU="}},"gqGcuLtj3xnoR3QQ+hxg6LqN2is56h/T4zyOIojwCb4=":{"valueMac":{"type":"Buffer","data":"OzkjHP/6Gw1TLAh+gvN6r9/xLGv4Rn7+940Qr3fxyd8="}},"gzPNU3aEvFGoqms+dRDqd+c0cGrVsIqaU8sG2RsM5MA=":{"valueMac":{"type":"Buffer","data":"TUqBqX3v4TmHaKOeCxTiStxCfp/svgj49JEgSzRJKXE="}},"g1LiHT9sQsO+8i2AAVD8ZrgYzEUwupCqg3dHGWVNZXM=":{"valueMac":{"type":"Buffer","data":"NceuBXToIvJbvRS/6ANo/Z6Co04R/7FxrdfSXBTNHck="}},"hIJqCIZhjPJEaCik5NIxdU5seNygF/A/byYL7VuZDQQ=":{"valueMac":{"type":"Buffer","data":"SPRLz5DcUj2aGnMhoqekYhUtB35kACj4HZTGEKi8jYs="}},"hNzhUS4ELbXZLunqNYFj6AjqlgQtQnQQOemxHKNPqrs=":{"valueMac":{"type":"Buffer","data":"yHpuGFVYnayZ71gDcofU1i9dqXLmJU+6YW2fswwsrsc="}},"hqmN5H1mB0LIUOhRf+UiLF6dUgolVExQj4Eq587dphQ=":{"valueMac":{"type":"Buffer","data":"q0PBVi5Wz78zzmDE17V8QALMeS03wGyz1wQLcJcxOtE="}},"hxhdKzRuUgX9To98mNp2a6iiSJje9zo4BKYV4au8ODQ=":{"valueMac":{"type":"Buffer","data":"ADmGcnNMJemPEYiSDvvmfpnDNjPtfb3GGL3DVuFt8lQ="}},"iL4BOaVyYAgAXjwPmPsylTSk+6kGIGxi9xNYhTqQwsw=":{"valueMac":{"type":"Buffer","data":"FlcZhbIP1OgnbwfizDGLuXeWv8Ors3xwjhH1k6hnuSw="}},"iObfRbMM+J0vLfg4bvEYMd4t2+3VlDLtYKciRL1KqIU=":{"valueMac":{"type":"Buffer","data":"UZnkCpuw45HWPiQZwFJfYnVyAdVCnsUx3iGCyFCUoRY="}},"iQChFSDLdHbgFSBWEtlc/6pB8g1ekSz9R5y4zBo5GZ4=":{"valueMac":{"type":"Buffer","data":"6Wp9s4WGXz/GnhGPfznwJONJdi/2JYxZbotfmbhSS+w="}},"iUHfGhvNS0swfx1iz8+GXthI3/aAQL1e2tH6V/n6e14=":{"valueMac":{"type":"Buffer","data":"zdVNhSvNuRE0skc/RghYl/EexnG7KhJ6CX11TjXbjCg="}},"idXrmS37+yQAEh4Dpbk0beYUONe+brlrMRWa2z2IQAs=":{"valueMac":{"type":"Buffer","data":"BEynwjBphHJTBw5OsfXeBRPs1oOlR/96u+oFq4rrDTM="}},"iirzsCAz3QKU5HgQQJj0RhWzGFoI2nzjls/sYMGNT7M=":{"valueMac":{"type":"Buffer","data":"4JasRE4pzAtsH4oatg2YMyg5KMetKg9CSZcvS/JF1xI="}},"ilQ5nkbxkaf8I6giM9khMUX34KG9AYVsx8pGc3ZF8K0=":{"valueMac":{"type":"Buffer","data":"WYUSWis1eygHK0NE+6PgNOXqKgz6/9p0RFkT+aJpmJU="}},"jANx3k7aDSna6Mr4+14k0/NVRqdUZwLSyNaUgFihd8Y=":{"valueMac":{"type":"Buffer","data":"J1yxFZOm02132tx8gqVsYUsZaim5Z+c3PonO50xgWAY="}},"jI5HZa9oh5Za8Hc6RVBJKvO/GGN5FVoMvsFYocPNlOU=":{"valueMac":{"type":"Buffer","data":"5993J8NbndobfZDdZnG3yyCNO7CMvEGXcaw2qUiK9oM="}},"jYcgTtxJrGuqIlfSqRQZBIgKkispHZ71ygwhvZaVYiA=":{"valueMac":{"type":"Buffer","data":"ASOIJCm+iCasHNDwzkGYskMAYG57anD2BN1KBJ72Uc8="}},"jcZScWnuHBx/1f1cJn9NEfuk6eWQReqg2YSJIhL14nw=":{"valueMac":{"type":"Buffer","data":"xIhuLAM4VdeC3eTyFX2bjKsAR4f3Z0SvakmswQj8e8g="}},"jnRWC/gNf9Vl5BNpr0ev7r0HMEan68bfp5WQdys/sxs=":{"valueMac":{"type":"Buffer","data":"VQhNChsRigc+oqSty3MkyJpbM/i88Aiw8JEYgEZYYwA="}},"jrKn97JC1ShqDBWcHOBhDSwHPWWiiLV5/inTHBIQH8o=":{"valueMac":{"type":"Buffer","data":"acGhE5XjnnendA6G9ShpKpkW6AAoGlvK+beahG5YC38="}},"juduYLRZbbT3CvOzEkQ7OhJ5fw8Myc1fvmZxhEgv2tk=":{"valueMac":{"type":"Buffer","data":"V0WBEapHxHYbeVF9MGgjxiGrBn3BoILh8X8o1XmPb/c="}},"jvkvGN/qFfli4z/WUe6NWoCA8i2ZNFewmtYn6R7+Y2U=":{"valueMac":{"type":"Buffer","data":"gfGkFXOAp//2iuc6PlrgcUpKQxb81expz9kQXd0PyNM="}},"j2ulPX8s2qd+j6n3HpILnzJD8iv0qD6FRIqybkzzaGA=":{"valueMac":{"type":"Buffer","data":"E1hI8iAa8fh9biCjxFRg3zQVe4p7KYxDyebX4M9Vb9w="}},"kAg7JvQgSDfmWbQLv4DPfBGk3kZDZ+9eu6tBKg+65vI=":{"valueMac":{"type":"Buffer","data":"EWMXpQNGa9qe9IJyZN51vgXGFsEIYha0+VS6Sw0BOEE="}},"kCGycPIHpWyNCCwzH09wZmrTMiO0dc2REXVBnmYT/30=":{"valueMac":{"type":"Buffer","data":"IRvRJ/TzHFsfTqkYsGzVDPLOSOzBr4jmcpV+JjfqIeA="}},"kKmxwsXOl+z+PZ4u9WysPrJd1Im5NCDh33IWHCnRgWk=":{"valueMac":{"type":"Buffer","data":"jZAv/RGm6+bKNd2cxeYmmcCDaWHFyV2ApBr5fqTaLNs="}},"kTP3MiwRoBaywBDL5aH27sbfFfI8DLES6d2iOlXZ8gc=":{"valueMac":{"type":"Buffer","data":"t/TG0qjLuxSHohPhmAYSf1aZUKybvL0YcARh1mb93QE="}},"kVM7A5yud3iG/U41zauwDwJpQYy/DDbyQlPoHr0rwZ8=":{"valueMac":{"type":"Buffer","data":"TQ1rcaVhisf7nTLcXkskhZJh20vrP3MqSOZwQ8ImuPs="}},"kV8Xx5UmGQ/5rfL4gST6SHu47wBIAFY9s6SH9h8MAo8=":{"valueMac":{"type":"Buffer","data":"Cts+/43J22G0g4yGRrCt+Wg8ubMLRKNtOPN6IWgCVN4="}},"kbcPc9IsnZvxhkjhqAUDzQpJVf7ChegTMIwfawGbraA=":{"valueMac":{"type":"Buffer","data":"GObh4OD/3M0pi+3CRckRLJfwwAsprTNNARMw6YAuTVI="}},"kc3bUDEvs65efIdS1Sfr01kzAJ7fgLn/CqolmQuDuIs=":{"valueMac":{"type":"Buffer","data":"UDSdKh2LYr/3CRxSWr2T9N5I7HoVLxxMfU+aie4yYA4="}},"kqi8EDg0Ii06Obi/Hwbc8mn2rR83T5zStK1kK6HNOng=":{"valueMac":{"type":"Buffer","data":"/91RwgBzIifJ10PoDYJ4SltV1BWx1+Q8XOdoc10PKE8="}},"ks9qDY8zghYcJ+uqkaT41KtMW1LL8xEyhFtxWGjRp+Y=":{"valueMac":{"type":"Buffer","data":"edRN4BisImIQ8Q4We5LJqP2pZL74cbI5dHEe3keLZ28="}},"ktDsNsiF2fk+n25jRF6phUN8svr5wfggqI8tvfwm/uw=":{"valueMac":{"type":"Buffer","data":"m9ORKZHrDQmFewApSdXJWR1MWw+nIyODUDn6jjOX7nU="}},"kuTNYJ1EvmYP80kAs9LsejWIjhmAbDQGt+nhcG1Oyfo=":{"valueMac":{"type":"Buffer","data":"xtYlQlMTYX0+UEM4Inuidj/Hwgw+WGe2fGGKgi95Vrc="}},"k3LH+ubqGzpB07akXyGdsZznxOXdck1rCRoztSH8MWc=":{"valueMac":{"type":"Buffer","data":"PcWjwnYPSpkdXDvdPTSnU74Xuq9hUgBBa7RKJoPtUnU="}},"lBVAjCr86me34a4CfbW3FTsbqd9UFYACLFPMJeC/s/w=":{"valueMac":{"type":"Buffer","data":"QbtWqM4A3ZUeiZVpmSwJC7cdkp8VoPG+90MvI/R3Kwc="}},"lFMN2yMD5qwhrRmfEF7Uw/d+CgLQ278GRpDRTJaVnGo=":{"valueMac":{"type":"Buffer","data":"Vq724TCL261r3JR72WVKRRxCiGRFUnS2JKFTMY+/I80="}},"lGQ7cggiK9zshi41danipSMk6nwOasikM/tincoBxTE=":{"valueMac":{"type":"Buffer","data":"6/71tu1ccpH9YzFfqEQ0O1BiRGIxqxY/5G7gEvYRFxo="}},"lKdvfjkL+4v4yTp0t2QSm0r2oCAzg5ZWFL9ANmcvXvY=":{"valueMac":{"type":"Buffer","data":"uAEAs3E+eGuKKvNKCDYX/Qfrj3bk7SRk0qMeoVRk5ok="}},"lMifOJ0WV7RsFYDeXkISLH5wc1HkjrkUk6kEdknMYY8=":{"valueMac":{"type":"Buffer","data":"YBmkViXGqFnYd68r9cpwD9ES63HKSLvZ0tid+zTOIF0="}},"lMnqDu406DjPDQurfAWX9hA3+zKLkuoWLt9NR4Fh1Ho=":{"valueMac":{"type":"Buffer","data":"7woZLmphKdxGp7ziOkfIOO2HOa+4/uU3f3Pe1eHzSiY="}},"lNgPRnlhai2VIAANRDtpQXv4Yb+sekuO6N4R3pTPw5Q=":{"valueMac":{"type":"Buffer","data":"8ScF7AstmaqMf/oGBupWItWY73Sx6bDcyccPPNM+HqQ="}},"lN9u3DbfqMHhP/WvslIsvnMKXryWEs4MRRiGJYIn8is=":{"valueMac":{"type":"Buffer","data":"Sm3gXatG1aOKzwJ6X0A4WcqkpHn0od25SfzKH2TYj3I="}},"lTExu2AZS8jAboXY2ti/gWplJ0XKUPpR8gt5fYknblE=":{"valueMac":{"type":"Buffer","data":"I8tg/odLwm/PklYp9MND/8QzoyZ3FuQSYDkf7d5ft28="}},"lUfLIzlsa9nJgrTg+dozqzp2bLnGqvyviosEF8lchNw=":{"valueMac":{"type":"Buffer","data":"OGs6RlITJt2I9gI95FAeD6DBJenPBGm5XL4Jg9r0npA="}},"lfO4QDWwlwpqjyj9bbk8ip2V63fIB665ktcBJ4rHNYQ=":{"valueMac":{"type":"Buffer","data":"Q+zKosnhBlU5kw8muD6dOWfwxVIiqnrVsppaJqvc9w8="}},"l44wkbSXn6//jNV+fyeuMo66r95ysE/kgk0vsg3a0oo=":{"valueMac":{"type":"Buffer","data":"Z+wZSQ4FxgHwcC830ejf/EQcx6QQggUZ556gxMPAtHA="}},"l8IcBWJNY44/6ahegsxlYq7YnuT5gPgoK0AAffryO2A=":{"valueMac":{"type":"Buffer","data":"+j8mt0KFvfacjre6h9J3KLU5trUZyMFyBzMSbaCwPGE="}},"l91Rmn4tFk9yuCwBIol1bPgDgOiwEPypm2jBDuaSXq8=":{"valueMac":{"type":"Buffer","data":"yZazg/su040j0gZY75JOEZytJKBkOqmRsppeQUqvcNI="}},"l+fmjEc9W0ayyJAbtR7HeAL2lbCbH+f/qcwj/rZRl6M=":{"valueMac":{"type":"Buffer","data":"Bw0I5ZGm+4+q80oIX+4ncqRJ7r8bL4RP18u1H+i/HTY="}},"mBzKFwouEmCzp+bKZ6doNOXPsfbSTZhB0Bzkk57fwAE=":{"valueMac":{"type":"Buffer","data":"GAqiuwaqV51AFoOZWDTb6sOlBbRZOZPDWUtilbBPQuk="}},"mOB4QfxyOzpsIxRxYt/tzLeHhA4TX7ASYbzTdi28pLQ=":{"valueMac":{"type":"Buffer","data":"JWVEhSh1xdPrzGcftOHQORfFYxb6czK0p8jsDtfVDN4="}},"mOY42yaeEiv1cn3iUEUDTFxheXMELAoXF5tek1RDDnU=":{"valueMac":{"type":"Buffer","data":"sVCxj2GWJ7w0lx4AJNE6hp5kJ9MgIzUlUlnIWx9NVAs="}},"mTLzgdWhbtQ1DdOzzQB27bdEob6irT24V6oXSTedQto=":{"valueMac":{"type":"Buffer","data":"CcFxZxlcbi+drmWiEEKIdW06Yaf4DNve+yyH8IE8dLc="}},"mawz6wJnP2DrvseBgGm3X/1czDAjgdqtAcHo6mLzL+Q=":{"valueMac":{"type":"Buffer","data":"+t/5rwuoQYWt/xUnbmFv49QevxJoTR2A2NrzdEn4gKU="}},"ma5mTIaiPbbIDtG/w9M6j4ihRpAgHKpNYo43P7WJmdc=":{"valueMac":{"type":"Buffer","data":"Qw1JZYK7YfZ4R8OwCjwI+S9Dvb0WTCeDbiPeAs1YH1Q="}},"mwDd1FlgaAwyUZFVuAKqS/oZjuIN+ROID6uTWYwKy6U=":{"valueMac":{"type":"Buffer","data":"RKL6H/0gQKeg/MUSCkB8JTboKct941jJkAtjLA8MgAU="}},"m1J0gOLYEDaNqrBxzFWCncTWOBz2UqQMNPodQC7UawQ=":{"valueMac":{"type":"Buffer","data":"Xc4/Tn43YrpTGbueoHP5KPTsYVe0VpDMY06FrNb+/zQ="}},"m8JaTh5enAVvdHoUo6Lyt5ohylANhMjN6XbnnPGPYiQ=":{"valueMac":{"type":"Buffer","data":"6m0Wfl+gQSVKB9Wc23dQy/vgeTlvg9uADx0fQUE62/4="}},"nBgKYyu0K/4NWnygtLpuPzZ9MJ4jonYj6PHeisG+eto=":{"valueMac":{"type":"Buffer","data":"FLtYIOwSTcuN0Y4hnnfxb5FHeqOM2OKBgtrBvdM7bvc="}},"nI1Klh2OmWEa9DXIRrFiKnWHpGzQ9eS4Cwrg/C8f/WA=":{"valueMac":{"type":"Buffer","data":"ApcmJCzmL6Ip/nlvwU2JtaEJCjN4q4D0rHjP6hZLXjg="}},"neEk7dwBdiQLVA3eWexf3EiRX/PmYH3jZDMSYpVH8rk=":{"valueMac":{"type":"Buffer","data":"C+Pwe9DSDC8spYcCtrOgzi9O99XAv1tRNXCYjfiVT30="}},"neRngZbW5GyZMpNJm/eqmQWqt7sQ/1fntQpruHxZJVk=":{"valueMac":{"type":"Buffer","data":"vfvBM8VXiN0xsqnts3tJhOjdhXPzOpf+TYTF7bOP1lw="}},"nhEGhO5q2KCf4qzUNgDDLT7vKghFJ6XHoTN/uTO7rtY=":{"valueMac":{"type":"Buffer","data":"ZFwgT7FwJzxTbyKY6DqTuNBn4j6eFkdFLUXeY8g031s="}},"niu0vGGekysoOi9knPBYWx/BaTYbfZOegEEuLAYLq7o=":{"valueMac":{"type":"Buffer","data":"cwOv8Tqlfy/kZYjUeZwXZJRDkvLEUFA1eVMfrNun2as="}},"nlatNpbV1EuZW3iLQAlHsIPokV+XMFvUq/rgm4lpvz0=":{"valueMac":{"type":"Buffer","data":"GwG4OtxO+/KfSYSXaiGNXVWGm84AL4atBjX4Rm1AmwY="}},"npA2OQ9N5rAVtocnxCldKTcQUGQ2s+oZUVBcksIqefk=":{"valueMac":{"type":"Buffer","data":"z18P35V2/T0/C0q/BZDixu++rlUzA+VehKIRXvlbbIw="}},"n+Anpygk2CatZWwPBwlw28t5PGhQcVgEUYzeg2oAouM=":{"valueMac":{"type":"Buffer","data":"gOlDieCdqIuhUhRXGqdLb1HVVZ7KJ0hqDaAj4ZiP27o="}},"oEj2QINWuHkKeY9AmJl7yztqnYPD5iWSvPxaZAfXSKQ=":{"valueMac":{"type":"Buffer","data":"XbL1BJJvW6e9A8Jzmx8gbW1D/ye+QGwnIp31hI/KaYY="}},"oKzl21I7ECsx6U8JjS01UJlU+YE7l7chr7WzkOMWgU4=":{"valueMac":{"type":"Buffer","data":"XsYth/Oe9MzA4O+mDea08YwPCi9SbdH3dt200mhjSvA="}},"ouicg39OFzAChNnbEi7WA5JC4N0pk7u0tD9R0Ivykvo=":{"valueMac":{"type":"Buffer","data":"0O6KuUw4ETdoxSK7seOAUkW8rQR3Nw0SKeh5dNb3qwc="}},"ozSpe9hfkinpiP5CAVNUMDjuBWdaD4w+U+qlujnvf0I=":{"valueMac":{"type":"Buffer","data":"7+2Q7lPowBQCqVZBwFffea/GiPabsotu6CbcrjOBoyc="}},"o0Njr+SwNoE+UyxqjX1LF00xnukc/q29ewpsLdOSutQ=":{"valueMac":{"type":"Buffer","data":"x1GQhPD3u6qwRy0AEnjTZGAc+XK9oRyEa1uhW9WFnF4="}},"o5Opyps0xlJdY++nx6a7GfqNS50B5OiQzLug2veYP6E=":{"valueMac":{"type":"Buffer","data":"39a+1/4J2c6n1wY9aC9bT7ibN7HLSpSBY1HXSpPc1LY="}},"o8Z4dzE1AQoZejkIHD2G35VA+zh5bQU6/argYAY+G84=":{"valueMac":{"type":"Buffer","data":"5lGj+YEMKBtB3M6krpE3eiBqHzme2EKFnVdmpq4Pgck="}},"pBIf7usryO0vRfIGrvAwtnyNIdkOn3uIhchw5qRRbes=":{"valueMac":{"type":"Buffer","data":"ZN+a5r1zAWVXSUaHVvhsFo59scymQ693n686/KGxN8Y="}},"pL/kb9Ltz7gI3jcxoU0t6hkE0Ur5yiEo0Bks73eaqwg=":{"valueMac":{"type":"Buffer","data":"/FhKC6RIzMbnnfzkYctdvmmc8OQCgLX0N/XGm/pknTQ="}},"pRMpJMHGkupa1f6e/NgpQ/hQq83fUeoIW8O/Qg/HgHQ=":{"valueMac":{"type":"Buffer","data":"zHgEcy1m0yWeYMW+lDR8NCLbOGE1ZpVJOkS2oDBO8Iw="}},"pRf+c+IDP5MyBdMLFZ579g1i9WprACmxP4IblfvUeCg=":{"valueMac":{"type":"Buffer","data":"ba7CZPLHnk8mROmuoWqMJhesZ8DdGfTDoPNviatVLcw="}},"pbfv4RH7ygKf3IK+Fo97RGqPCIhyKGZaPGzKB8yl4KE=":{"valueMac":{"type":"Buffer","data":"7xTgD0vCXduqYrAKEw7BbBiADtPiqgTFMrceYRo4cS4="}},"pcKJ/W86HPI7iEhG0MeM3mZRB77Zutl92eO2WhDJn60=":{"valueMac":{"type":"Buffer","data":"wHl5bL5l0TdKKHx5sq/iCqJULWQk2lmzNu0SZh9NfMs="}},"pe6MUr3iE/LnXozWC9B/VREBu3LiDvlO4x4XleKYD3w=":{"valueMac":{"type":"Buffer","data":"j1A8D4M/QfM1OdW2CJV8Vtp/N63PE5SLLic6IbtxgcU="}},"pje5lVFMm38A89QD+9dtJH19b4gjc/qkv82xUm52gqo=":{"valueMac":{"type":"Buffer","data":"HsNW4QhEpChL/W0HiYD6zgoPrAZXNYgpuj2QbrGcc4I="}},"plmwU9Mg/rcJbYDnsJKMlr0rUJEPoHOsrhR7reNDi/I=":{"valueMac":{"type":"Buffer","data":"5KmitUHoXV6D400PKry6IFea4f7gMI+zE5UVro7k8eU="}},"pv5J+4Bl8mqH8AlPbJrph+NhubAoC++uT3WNKQE6t18=":{"valueMac":{"type":"Buffer","data":"o/1WKQRk6K4IohCyqTAg+fH9a68YFT/PByoikTHhFjk="}},"p3xVKFwB91D0w1kMTChz2KNRlYbUW6izuiI0q59xoQ8=":{"valueMac":{"type":"Buffer","data":"BzwuB6jOB6WjszGC/68tuqQO1ZM4xC/P+uRX2LsOR+A="}},"qE6VRcHrYCkBw7Ziczc5gRtR3Bz81R82/yiJNoAK1W8=":{"valueMac":{"type":"Buffer","data":"iv26b2+nbnEZ1E91nxlu9qmPMq0p+pNbS6eE8fELb5I="}},"qGtniK7vidQiO1IWBPB4TyPXyTc4T+rT3Qdijc1Hafc=":{"valueMac":{"type":"Buffer","data":"/izt4HPpBfRmE5TqvstHOtQqVUMqR45nb9ZF8r8FsPE="}},"qOUgWGwOf0V9gq6b6bs8LastTFBoAkMjm6etgmiCq3o=":{"valueMac":{"type":"Buffer","data":"IrN1CZ26KGzcv79r2PQ5J9cHfLC6VjIqtMhkimIkhxE="}},"qQa4j5qdJqlI1lTJYv9L3sgvSOwI+ZgRAhbG3pRg2SU=":{"valueMac":{"type":"Buffer","data":"tQxCPSMSEyrfzvjmI4+A/+D42fK6JzS7WF8/tYJhtZM="}},"qvNSrPAId62E5r4oHNVO85j7TZpfvetB0cfpZFusLWI=":{"valueMac":{"type":"Buffer","data":"TkKxx/GPF628vFUEeUdqSA0+EBAh1NZ07ihUN44LSZg="}},"qw21b4rIZEc+Nz8/WJuJ6dFK0MHz/BkFItpV7LctlOA=":{"valueMac":{"type":"Buffer","data":"ruiTz3SWfn6gOGqTMYMR70q/Ess0gQMg3wwMJBQJx+4="}},"rO2nncbVPEyftDJAhcOhCHEpTAtnpx9cthIwxDy0LEM=":{"valueMac":{"type":"Buffer","data":"Z+uVBqOf53RNtZPzJ9Sjg0fH3ylxInsvuvZZnW31rJk="}},"rO+ROqhY08wqXsCJ14Qpam8uwLcVEv/v9G11m5ymLtM=":{"valueMac":{"type":"Buffer","data":"HKP4W3cc1nBxcSdSkz4tblPevpJZ95IPghCgl5TlMtw="}},"riZayGSyT4cTmFOZj23rGeuLf/fqN9ORtS9HHWrpJaU=":{"valueMac":{"type":"Buffer","data":"+qKJmZFqHzuaLII1PL0x3T86vFWX5Ql4+ezF8fppwIA="}},"rmL+VkHjEdo44cD4b37GbbVdD9yoMMF5FptWKebZfNw=":{"valueMac":{"type":"Buffer","data":"NQvDb+S5wDb2/fBukDGGZnsdbImDgRuffTs6xdGlmkM="}},"rqIwcHGbK0BsWXC8tApFDsCBrFMlacuriiBWaBJoIuk=":{"valueMac":{"type":"Buffer","data":"uoB/fclmvzau22REYdRNJap7go6lpimRU/jD5dXPoHE="}},"rxm2snLjfcdBJE6T/GIa109rGAni4tLie9902tf1wqM=":{"valueMac":{"type":"Buffer","data":"eCrhwnm9lNza3s+CoVafaDJhzAekhKvt9TzFXCHDT9A="}},"r4ka4cAIEKjF+CmA4/UI30ZIGuByGBFn6YVdcgj8g/I=":{"valueMac":{"type":"Buffer","data":"P3d95TKycUEW1GqVTGXXSHTQ/rqTNlotHdxajJkzpHc="}},"r6qRdrthx9oo6T6boLcpbF1IuV10yPcc9zLiFEASrls=":{"valueMac":{"type":"Buffer","data":"zzKTOXUH+g0CisnrJ3t9AT55+BlRwxqbLL9R0bFh3Sk="}},"sCTeKftsUYD6f7ak5hAcUBmWDT15h6ekU6BKkdpkIMM=":{"valueMac":{"type":"Buffer","data":"ETrJ4yGUBgNrlk1NSMu54cDKBmjOketxig1ahCaJwPc="}},"sE42zKvQ8mC0qpKR1uTgLgd2JIo+O24k9YIXiS7vxH0=":{"valueMac":{"type":"Buffer","data":"p/i+f54BBnczhdggd7xaI6hhcWIiN3/i4ehLvthbW+M="}},"sGYl3yWohgoqknUOzYl8Hnma+1/RCNznEcUXFVvE+Nc=":{"valueMac":{"type":"Buffer","data":"HP1Y5ZL+DXpRzb3kqquxGEGyG+w9ywIEysykxh09nIQ="}},"sJaALmmhpeVAhLnsQYL6Yppq/V8H19/cQRlaz84kqvg=":{"valueMac":{"type":"Buffer","data":"mmJzWeBYh3HDB8eeVF4piiXDhqX44KH7o3G+dfiWUpg="}},"sUYoBDTLmRqXM9h9lHSxpd5olAipQ1uf0E23vbKoTtc=":{"valueMac":{"type":"Buffer","data":"a0s/tWjptC4mMM7Vn+YZfHkq564RLEq3BY3VOQniCVI="}},"sZXo6vwoI1ekTJAIF53rG2QDbGHXnn92wzXdZY8e1wo=":{"valueMac":{"type":"Buffer","data":"rPxcUKZjCjzM2B9Uz165bkTaQxDwiFtfV9ovimeQC38="}},"shxpnsoNoqzLpMW+75BT0I7oa9+iu4uM1203IxyxoEk=":{"valueMac":{"type":"Buffer","data":"rwT+iv+gcsj99HjGY6eBNtamk/HO4wVyGwmd18eyhiY="}},"stBwmKAwBBPQxf1eseXVnw59ot1IiWVfBwZdquCgwtw=":{"valueMac":{"type":"Buffer","data":"W4Xs0+QRkrmtx2DvA6qZSSLfX9lAVpzZGK3dr7P2yfg="}},"syBUmkiILYqmCFVJc5/+C/6aeoolfHrFNFPHmZy30cQ=":{"valueMac":{"type":"Buffer","data":"6I6/72/nd00FUIVDW9B49zW65vdgQ4QP+mzI1+5iufo="}},"tfZ18RP/9/aAncEDN3CieiZw/iyyZJU7IC6eGJruXl0=":{"valueMac":{"type":"Buffer","data":"oYIyDcI5i0X5P4dHIE/JPiynA4/yRNFXc3iJjS1KgmE="}},"tjOSXk1SM43G2L18s4Nioc1oI7DQ2x7aAHuvr6hwVbk=":{"valueMac":{"type":"Buffer","data":"+Gq63Jg9wffIRshfk/o2Y4amYdN+vCsez0lK1hkNFqQ="}},"tjlWMurtdRbvgT6zbX+7tN/8J9W1IAV0KavqC3nfFuw=":{"valueMac":{"type":"Buffer","data":"9Y0Vf/giOId8DmmlxnyLU0Q5hgYi5x8FQkxB3rFOBG4="}},"t+NhAJMBO3JGOn1bKNGpp36s52FdMBqkwiRndJ7Xkgg=":{"valueMac":{"type":"Buffer","data":"LwMpbhOpKqRG2i2q8v99ifCUutqZQQksm4zsjg29IUI="}},"uO4kKrXzLtjmwmvtcFsI1iZTjK60HUO7Q3xIUkBnzx0=":{"valueMac":{"type":"Buffer","data":"w0nQwpb6BKH4Ux5qs0JZ8E0Dj8XZn4Eh1jDTVimVQ58="}},"uYcN6/QhVIy/7KTQyxwmDKWdqAqRKbxLuW/dzuukVjc=":{"valueMac":{"type":"Buffer","data":"e7ZDQ19G7YTrOQ4b8m1OlYbaCiFg21cLgQ8YVfUQ+C8="}},"ucQ5K6311nBfBrdq3CTKCzLxTVhIMIeMbnlBgrCnoSk=":{"valueMac":{"type":"Buffer","data":"jezbADwB+IJ4g4b5NLXRMdfXWv5RyGRwWh9RrZSDJOg="}},"ug3YiuA0mav+hIex6PLdFzzfrtFz4kUJusCX9nqB5N8=":{"valueMac":{"type":"Buffer","data":"Lzu5WAwqi+7YvWAOujw6UCc9RdaMAMq5/TXfMRYU4bo="}},"uiUebAExcZ3pHLQpff9huJkSARsmLZM20Km6idwDTeo=":{"valueMac":{"type":"Buffer","data":"z0ukppadWK0ZOrErWGPIYYjFfV0RNZli/GkR5xxA78c="}},"us55tDSaPBRf6qnhmT1wuPvH98iqjsVsExe6JoeNpk4=":{"valueMac":{"type":"Buffer","data":"0sWeQkXfmK+LG7wKc0jmVOtQS+L87aw+AKDo2Igr6fM="}},"vB4PL1E4L+G6YGAup0vjI0ui6xuaM3NDu7uy6pMX8Vk=":{"valueMac":{"type":"Buffer","data":"l0UEL0IcxrW2Fr3/sHEnm+QIPO1Yb7D0yrRF6K2V1NY="}},"vE+Q40kABKh1GdwOjPab1KTeLF+qauW+PuUTGtCyEGw=":{"valueMac":{"type":"Buffer","data":"EwrnANNGc76suTS3XlBkD9M12vOvD0XP8yHImHirniE="}},"vNEzQa+VH/GaE6PYJGBNDoV1r8HEjCy1K3fX6iPVAJo=":{"valueMac":{"type":"Buffer","data":"+8qiYg0rNq20QBxQUIO3BBgZ2hBcMZLkSV5CW5nC5Pw="}},"vP1jN1lEQ58DFpFld/ZXbeHQK/CZ4VlRTqHdaG/8YUA=":{"valueMac":{"type":"Buffer","data":"ghRMgZvwcqR/h4z3SjIxj8RjOyjWaEcyLAQmjefKm34="}},"viB3RgG2ctpB2gBA4GDbBwZHNEztiN/Lpzil7GE5J5s=":{"valueMac":{"type":"Buffer","data":"pYrw9tJVJih6OgSl6pNwCaJgI7czYbPzvpaIGePwySo="}},"v6PoFlUqUmKJl6M9GC1hFMrCM3eHQN8TGJeQbCOUqOE=":{"valueMac":{"type":"Buffer","data":"zsKgBw4VdBlFDUFL2FWKBeWaHcaFVADH7KvL/50NwdU="}},"v9eQxwco1Y0YwfJl7bJH9X6mF1trTHKueEQPHTI740Q=":{"valueMac":{"type":"Buffer","data":"lLyuW9S47b9mr+7pfk+f92CMT2ATCTXqsqUfMwfuGDQ="}},"wATnQ54eb9j86SYvEg4KfkjAXl/Y7Az8PR8NYP9zYGI=":{"valueMac":{"type":"Buffer","data":"bZ8iBO/p7S8yEHV0FY+wgm4Fqp5PX7mLAIrYaUa/i/k="}},"w4J+g/pdrzxyF1YN8tS2+JvRVHPt2kyUBvRCbIGwuUk=":{"valueMac":{"type":"Buffer","data":"Caui3XL/qw0nsQ0q5LiP6BJtYYhYeuPXzMZ2z6gZAno="}},"xBswjTGJIaw9wHR08H5ZtpLz3FdzzA3X4kj6q49i7Aw=":{"valueMac":{"type":"Buffer","data":"7h5e+SyogRX1p9lASA34lLo51Cs8W815PbTMonp4BTo="}},"xGySg6bXgFcCNps5Lq7SpjCN5mRNZZ8xvIebQ9XgAG8=":{"valueMac":{"type":"Buffer","data":"YVpF1peiGRZxXmwYrcN8Umzh7Ea7ImkyLCO9ICgp1gU="}},"xN+PcPe48UEhwfyZhEA54+517ifycui6AQ6UFUoCo90=":{"valueMac":{"type":"Buffer","data":"BAqlKrdHymeKuP8Vsae6DislzFa0Nk+QX1bi7pXgm8I="}},"xQH/DwWGFwtOhFKSShnWf7hBqRWP1Vdja8vyxfdSqnQ=":{"valueMac":{"type":"Buffer","data":"9nbJpYz81C0vyJzkrFD+bVBk4OueefDRtpRNpnH6T7c="}},"xUU4eJX9GAMFoRl9nXimwQclOYtj5wUj2KkUf+C6EVU=":{"valueMac":{"type":"Buffer","data":"WqBbppwUl9dhO0SlKWHCQqkByZ1nEe8Z6BgqdpSUmXI="}},"xYjb33f0hIjFCRbZxZEN3UgAXRkTzeVgMs4ngxGYIic=":{"valueMac":{"type":"Buffer","data":"SUATDKEGdEeSsrstbrnxgwF1G4tnTDOQk1S8Ur7jMbY="}},"xdXYIht3WcX+sDn7Sho58sW1skPfijQlpJgw0Ofn4Kk=":{"valueMac":{"type":"Buffer","data":"Lhr3Vrsm1mr1Clvwe7Vzp7lbmkfU1MAdLRVb5EWODVc="}},"xyRwmV6uLEDzN59XjvLd/jYhWQpN5FoB0MHL3aU8cCw=":{"valueMac":{"type":"Buffer","data":"Uc8hZo+P42Z66GwBZbwqFv7vpscmFbRv1W3+mcb/C1o="}},"yBgA1bDRtudxbGDOPVCj3OpfnS1xW7CMWCBVFtPq4hY=":{"valueMac":{"type":"Buffer","data":"mtGlZkzsUs7Zb6DQi4956RM1kXT0+A5yLDIaX8rZd1Q="}},"yCjEx0AEHpOXM6kMGgqKe8woQSWWOcdjEjZy9cbaCW0=":{"valueMac":{"type":"Buffer","data":"RL5YtjR+vX0c7XAFcZ4Bzkg1mUny9ZUqyDsm2oz3OWQ="}},"yNkEKAiIlfSjPxDFYH+yxl5dFB3DPWCdG3crcqaGuKg=":{"valueMac":{"type":"Buffer","data":"3IGMM12GO9wJvlUV4B/cCSWdbVdRlz1NP+RIRb+AoKE="}},"yOFyqH5PdmAy3xBZSyVlIYfM1LDR92TuMvaNnXetMzs=":{"valueMac":{"type":"Buffer","data":"UHRWpniI8Uc/02l4Wo7wyiOcuC3CCkPhNiduZhZWV+s="}},"yWTDGGJ8Hug4vx2TEQl2hUd3v3FBTU2Et4NnDGwlDZ8=":{"valueMac":{"type":"Buffer","data":"PUJumTsS7JM6nuOZTzVg5i+HK0nNZXjbZQie0myQPEo="}},"y3ByhEu3GKBM/ucL/ABrogAP4jmN+IVVVjsrL3MiIW0=":{"valueMac":{"type":"Buffer","data":"eF+0Mi8I6q0EiBgnklvLgHgGzaCnsWyRCU8zZqSptPI="}},"zAFiEIEyV316m8O3b/sbVpbnRBdGn5vzSjrMXrCUMaM=":{"valueMac":{"type":"Buffer","data":"vK8/5yP7MGM6lhBbaT+QmSY32iUgI4rc8IIMwS1LnYM="}},"zWz03AAg+N8ElnKbwWOK0E+XgaRAUnRaovuR4DlAxnE=":{"valueMac":{"type":"Buffer","data":"0vNLboTfvit938VVfLPlq696NSnP9hcpDXn7LmaKOaE="}},"zX4EKl5/uu1ca3+IGGYlzBzUc1OP92eQvs/5Xrbv8Vw=":{"valueMac":{"type":"Buffer","data":"b3ACDcxN/kzzRma21vo0nu91L44+hIk+gjbFELmn8vM="}},"zh/ltBN6j47IVpit3/DUznT1Z8J3fDS3nD7y3BCZMPE=":{"valueMac":{"type":"Buffer","data":"3bOjQJ5GTQkIatrGwlSK5F1fZqbAj1uI1ELWS7/bMVQ="}},"0LTp6lr+6IgOl8HFxBeIKqvWFz5qQZR5afYetnC3QLY=":{"valueMac":{"type":"Buffer","data":"lOBpJwYLpr0P/cXJ19GWzdixEWkwQ4oQiDTNTbFzZgs="}},"0N4JvhKfugqB1YZn+/0EVMd5pVd2hmKmBEuq9GpaqJI=":{"valueMac":{"type":"Buffer","data":"J3BBaSDOQs9km+GvOvAIzLpDzT4yIAMOCFaFGFVXa8A="}},"0Oik1s0lRfsxqEOpiitByao7z6B+4bU6E0/r62rA8OQ=":{"valueMac":{"type":"Buffer","data":"o+Bp0MiH/N8wm2gNux6+GaxA+9+sl9AV7WmXA/rrUZI="}},"0hg2NJI4INgNiuaczWbUe2FhNkbfksTo8ZZny18yXFY=":{"valueMac":{"type":"Buffer","data":"b8ncY908iiZhhdTT+laBZtEziaf9/oKkgdbt8Gsmfwg="}},"0n1f+llvOH8vvZNku98dxj3yYOEmDXbYUIZ/zVYkkPI=":{"valueMac":{"type":"Buffer","data":"xgmARobTxlGCXBLzP+1Lv3UwHB0jcXsTpj/Nt8sXXh8="}},"0vAc9V7NWWA3hDc/sfuKXry92glkNGpCX+TbmBt+7OU=":{"valueMac":{"type":"Buffer","data":"kSTBXBlJ0qkwMa1nuBlgo4bXJYZu2xEbXISNshO4DXE="}},"0zA/SvR9xC98wA55cPgPd8IcTHK5DsFoQ3sPoCEfsIA=":{"valueMac":{"type":"Buffer","data":"yT07ZtmirFSFlQ5kVb2UnrWaxkZZcr53VzqcIMOQ2NA="}},"1B26BPR37/lRnbiRi/fl8y34QtbEeLYBTdikCD5FMuU=":{"valueMac":{"type":"Buffer","data":"qbuBiFL1mR7QXHtYU6Hwhoz4GpfG88Cat4zjtjZhbjM="}},"1FkGkej0nsxp9QgKY2P1ceKoDQZkaje+MBj2j5KDqxY=":{"valueMac":{"type":"Buffer","data":"tcpUWwe0ZivnzlAHdkSQFqzCZCB1T72MJaowzuKXwuQ="}},"1Uei2zWgEN7ZaxV90lSrUSe3St3QTSSwARshQOEI88Q=":{"valueMac":{"type":"Buffer","data":"sU/rz7Vz5gjbz3Rc1MMyfiFJXsbeYJzyiF8wWkFlUf8="}},"1VlLZe0gqCueviOhyTQN0gZLZ+1DrY12faw+idjoWkw=":{"valueMac":{"type":"Buffer","data":"6OqejKxECUZQ0E+7/o5fSGcDRddh9NVZv9CpD2WrYqQ="}},"1ZJh9x8EGRJ99mUVFAyc4rg6T5FzKDXgU+OWoWQo6SI=":{"valueMac":{"type":"Buffer","data":"nV54y3ApCm6HqIm2IP2Fpw34o9u/VFElrw3FWyAHrzU="}},"1vqXg4o9IoELzwHIWfpMsiSzMf0IJ5cSLVqO+/g6cHU=":{"valueMac":{"type":"Buffer","data":"vQ0sBO/tAzn31AxNfA295RdqBDrw4Fv8W1dgHojetNk="}},"1zwK8BpVSCFj1c1+O1zEoXwQDOWPb3U5dgz3dRcc0yQ=":{"valueMac":{"type":"Buffer","data":"7C7F6wmwSzXq44dvHeZkTrnd1iQkyEM1JSxQXiofMcs="}},"11YMpqZ7n9fMek5dODpLMy2AQPMhaUhnkhjZovgaPfs=":{"valueMac":{"type":"Buffer","data":"8HLphuAn4SFzmz4KdQ+8mQkNrPEzFE7WLnjAbcx3/co="}},"152et3ZYilvHhqk5sx78GQXGFDPw8kAHHoFLzfUwc2w=":{"valueMac":{"type":"Buffer","data":"IMu4IvAVY82MVEc09eH8mudojtcBQDjAFL/a1bVyyWE="}},"1+LM/9ZYxiohBCef/rSCIuRp40fErGu+IyP+OEQ9amQ=":{"valueMac":{"type":"Buffer","data":"9JBr3PbzQXw+rKmnBIjfu5Put3GaIUd5J0zWmlhLgTE="}},"2UYVfj82gBJGeQkDicOrcU8ytrNB5V/RIMXABFBXIF4=":{"valueMac":{"type":"Buffer","data":"OcbrYLFR9XJiWjJVJ+h1EakzooiFxCEBaTeKXVgBDbU="}},"2zUhCcIMkPCRfs9adDDKv85B8xFfKIKLy9t9G3p6VYg=":{"valueMac":{"type":"Buffer","data":"/ffCHHS2SCgobZdB04wTkHBm/8R1pBE7yLbW6Srpgbo="}},"3YBHZin2y44IaISM3NIVW0qBIrSnMwO2gABz6KjRI6Q=":{"valueMac":{"type":"Buffer","data":"H3jO5IOeq2WPb4iJCq1KUz39juBY+g5tctexrmGHK+Q="}},"3cE9CIQrkHyrwVYCmOPte7JMaOc/tU6o1bfjTmCedj4=":{"valueMac":{"type":"Buffer","data":"KGQEfKnGSRY+9t+S3u0/DwfuuG/+++fYAef99sy/i/c="}},"3rI5dZLlMDk2Y7TcAMrC9V3oLyVSkkmgxf5fKCq/2vY=":{"valueMac":{"type":"Buffer","data":"6WCkdJfxliytg5fpHKWbVPGKPzKJ9KSKad43WWcQt7I="}},"3t7nlKMsx5QF1bU5TLIxFpl93z/fV7YcyNjVQejLTrg=":{"valueMac":{"type":"Buffer","data":"3st/bRHgJOeJZsMhv8H/tZLxuqDmADcXjEv9f6hfhjk="}},"32aNg5yGjHGO4M+vDSSWk7eNWt57dgrnFnOopM4nqrU=":{"valueMac":{"type":"Buffer","data":"PAdQuWZJBDsbaF886Bw+8zxtl7grTaQvqTHnLZMAf6Y="}},"4Cz3Fn1poeJBxP/VHrqVIF/AuLUgIhjQpMUaRrA9O80=":{"valueMac":{"type":"Buffer","data":"5AfwHq8FdINOxvsiO4MNhJhngfL6APacSRVBvQJ2Spg="}},"4E94TKnnY2uWuCluCnnOtSM70LfDQX9HoXnVRyGxIlY=":{"valueMac":{"type":"Buffer","data":"tJngop3AcM+wxyYG+E4HK3eNWYYlA6OaWaUpsVRM39c="}},"4QxhC0rSQT4LEuuiunTceFCeQ9auwlC8nijPxWMlpVI=":{"valueMac":{"type":"Buffer","data":"mNK8C6kjsEWNPq/jL5LJfe3DCs2DwNgNMTiS0+vSZ/o="}},"4SOgD3E8RfVDBPgDShbuVEpBob1tAPUl/RgR90vBv8o=":{"valueMac":{"type":"Buffer","data":"PlASaWtl4995yvawSywi7U1Xb32E8es7oGX7AHnXR2I="}},"4Z+u1dtEZSe26GZSkN4lwsI2DAAni+PvEf05TAaDw40=":{"valueMac":{"type":"Buffer","data":"UIWze7BNxzp3EdO7hUSevr5fFTCeJWHIzeXR8qX58fo="}},"4mTAxg+00+ZKjbuK34NFPCF+DYgvZ8wt/rU74187Pp4=":{"valueMac":{"type":"Buffer","data":"hCO3tIxJFQ4pSXKO83li2kovuAFafSDToeOO54gAbc0="}},"4qAsE5N26mNrXNUo7I8XfMVs9gQo48PcHF2eaBpgIvc=":{"valueMac":{"type":"Buffer","data":"k+oYx3EpvCNtCwRSCaytY841HkGQsoZkjJTHaJwsXiQ="}},"4ss4sKHwKrEUlThYsUU8qv7CZu2GXK7rk5oWWjQhdRk=":{"valueMac":{"type":"Buffer","data":"gcsidYgKoXKA+sJDyEHiyFxUUqeR5FpW2jAa+eTMo4s="}},"4uehnh3aJdnnpnVnP9DDjoC90O+8x76GhcTSuq1vW+s=":{"valueMac":{"type":"Buffer","data":"95uZ55GlWfDGOMrIBdfTJ3pSxT4JVE3XFa17/H9eWAg="}},"4zMPT3rD+Tk/l2PVo26c1dwQHgvKzmv71tHW+/uIWtw=":{"valueMac":{"type":"Buffer","data":"7JrTPOivlMhEHbzvBky3Ugos8kvJXWnNh8VLXtIpTrc="}},"5EUFhv3BwXQm7Pn2Ez4ewAr4+8bnNn9Y4ejzr186IZs=":{"valueMac":{"type":"Buffer","data":"HSaKeuA8uBdKGrjoz0pOdSBx79MMWQ/9jgwnKHkCoLI="}},"5UWpa4y4aI62vF3wV6BHDAZdOPthZZPsrin9l7yfcPQ=":{"valueMac":{"type":"Buffer","data":"u3AKEaFCK92NHuDRz0W5xIGadymwY6nsluw3d65jPbw="}},"5UtxMGSq+hA4UvO1FCWAYSQXyZ2NJ4gWQQHXOUG94tk=":{"valueMac":{"type":"Buffer","data":"GSp3chbAEiexgPUENaY7RMoEJuK6zBviP6nTWSy3lAI="}},"5b3RZs2P66FArAi2yHXlxtbTImVcJH83/cwpPVLgsfA=":{"valueMac":{"type":"Buffer","data":"lztce9X8Ml748GzutvABP0swzhgPyHmIOpLntZcrcz0="}},"5d7zjtFVBDhwT9uhSYgtDo+yb+dKcj1gQ2mVGMPhL0I=":{"valueMac":{"type":"Buffer","data":"O8QGdf+vVzaBmsXS761lJVtiYoji5xzykJtA7vK+EMM="}},"5gSw3EyihKrsvfxXn84GPUUXkhzqjy7o8We7goKYFBE=":{"valueMac":{"type":"Buffer","data":"5v37OirN5+ZiA1F+E57aUFuZ6VGadgeurQ1ygugU7aw="}},"5w6I2s7EdelAhJzoHKfitfhVyeFIvwddhV5FhWTf4Co=":{"valueMac":{"type":"Buffer","data":"xHJpNozCzmbPla8kRNSykho0Zvwj7FpwuUUKtmk/9ro="}},"56KvdW1vAzJLpPnEJBxbjVXGMzTag7tIFyqMDcrWR+8=":{"valueMac":{"type":"Buffer","data":"FDWwlQsz2kNteS9JhE018MgXpyRYxDiS87USF+TB9aA="}},"6VK7Usf1FkyNhtBWA7Dtc8xr0MPpegYyHDsenx9+MQc=":{"valueMac":{"type":"Buffer","data":"89JN9zGSQSkfTaLaof4EaZkJ102xBRoSRpCljSB/fp8="}},"6Yq0KIKvFt7T/DHfGS3XG10IFxVRv/5nFZK5KG5mJCY=":{"valueMac":{"type":"Buffer","data":"tvuR5ynfvU68VlONLiwXZe3Zyi2SpHitr2zEgTC8258="}},"6Zn5x3xF094Ts7H/vRrrNOIq6rFfUlRj9uThKX79Zcg=":{"valueMac":{"type":"Buffer","data":"ZHmav/GPhOdsh6FJiIr/0Ccrm5sZP+L5fJGgy/erwJo="}},"6av8xRgRUJcopJ/a18qsdmOQwX2Z5mF06uUadsM4thI=":{"valueMac":{"type":"Buffer","data":"kt+UOOu74eTCEFt5iGyp/rrufRhsXCUKtHY8MU+IUeU="}},"6htkQpKjKKCoGHntNAXMCt/PCu0VbzjnSHpCl4AteJ4=":{"valueMac":{"type":"Buffer","data":"uYFsX0n1KnmlHaWtnB80ac0lOb5KfeUgtYTwFNPndqo="}},"6j6rS2Pb8IhPd7TVMCJHyIkkvjTki8+HKJt4VErqLRg=":{"valueMac":{"type":"Buffer","data":"1L5KQdwLS8hthEghbKQjcBmE6/t4Zy1YxokF/lGchU4="}},"6ve9zDd6kaObxlJqZm6ntb0CryRHmuJjWmy99tTDQhs=":{"valueMac":{"type":"Buffer","data":"hdiXOpAJP8qyWX2diNUbDOS+hAkgVSCl5eSxz6SNCiM="}},"6v0o8zJaOdoUOAntQSxUONQZRaSVQXJY2AgohbXy/Ek=":{"valueMac":{"type":"Buffer","data":"sJY6JCNakLFgixq7HpcOCkAKNDs/VXI5D5PyMgpzjKo="}},"6xMeUTNjGc5EXWD3AkaBi/lqEJd+u12YhMJuVT2JD3M=":{"valueMac":{"type":"Buffer","data":"cotJBkd+SEREL2mZ1h0VzUcreMe2HgZ5u8eXOxA3dHg="}},"7CEN4utqH9Sr3bVfQ/7U4HpJRaPechm7PvQKSDCv93g=":{"valueMac":{"type":"Buffer","data":"YnTFFubaLeqh1DedJZwUJTRfrW/hWaMCiX270Djonu8="}},"7Cm3duFGs1zGQdeSgUgFivVwu4XOJb0v2n8NnWJGUxM=":{"valueMac":{"type":"Buffer","data":"pvyH2P6lZQLT0vc2KA6OtQXH5HA2WiVXLAhd3wotjNo="}},"7HPGo4UjzX1ZyB65AMwL7aRr3jvEM3PErrnn+nMMbpM=":{"valueMac":{"type":"Buffer","data":"prTTqnhBT1yKLzWLF/Q8Ny0wgr3tdTjPYp5jtdxcog8="}},"7STYlAqz/xwuHV7YiLznt4UTS2kkrr24VgjUuWdQ1XI=":{"valueMac":{"type":"Buffer","data":"nHYwTv0kOJS5g6A/JEs+3SPraY9CE9JrzqyTLyCWGPg="}},"7Sl117rMTGnoGlpSbagAmuiSODiWmFvNTDDT06znw2A=":{"valueMac":{"type":"Buffer","data":"CNETd6Pz+I+klozpuWnHmSQrKeognOVtr/tJkxngV5g="}},"7bbytOVkldMLxTF/d0qx9gX0g3V5Wbuoq4FCgivAmqQ=":{"valueMac":{"type":"Buffer","data":"X5s1/GMT7HO8kkMX7S06bq62o3ro0J6RYEWUlilFOqs="}},"7spFni4x6Q1LLPbCeqhLspyCmtiijsD4U7hPlGoqbsk=":{"valueMac":{"type":"Buffer","data":"54Y/OABf0nhI9d467Vnp4jriHEQi4hXM5MiVBSsFB18="}},"7vIvfBFMM54DafERlUyGpqU6piBBZw6dVhDgXYJe1jY=":{"valueMac":{"type":"Buffer","data":"e404A72dd/iZ0HGZyWmztDARFwFCXLRAiD8Xwe7a8GM="}},"7yylXSDJU8jA+QonNu2eLn1tGgufmtTU2QoaREzgS5A=":{"valueMac":{"type":"Buffer","data":"2cAxVs21+Pr7pD1DSMh4noedr76LoxXzIOMYc3qBB5M="}},"73nnPqWZQauzVoFLrbTyJqG8ir7qQEjZSfzqjeGk9Sg=":{"valueMac":{"type":"Buffer","data":"Y4ElkhkrScL9Y0vSkAh1ZTOnjdm15W/wm7UwujHAYF0="}},"79muOOANSx53Lqga47/WYVxlBTswUvOAX/EV1mCQ7eg=":{"valueMac":{"type":"Buffer","data":"TURxjh6lv+JR4BdP5oD3LbtAN9+rALdiw6M6z4eDHQo="}},"8BR4MqKzMkdZaF3oH0CfHQgx8ULSYSRLTUiS4ZK8uLo=":{"valueMac":{"type":"Buffer","data":"2LZxNDi1qITXjQ1/JlHwgqlljSFuQv0zt6+1Tt3WvU8="}},"8QKf7P0w9psmRIPOdJPYzLpqqJw1Y60sUbA2NpNBsuU=":{"valueMac":{"type":"Buffer","data":"q4SLUg6F+kztKbZxv/wSwwGUAuxn+JR6ShXaGRCQb0M="}},"8QMbK9dWg2fEUDz8/zJG5DipkTwmCXhU5Ebpbxbpnhw=":{"valueMac":{"type":"Buffer","data":"S0547zPqX2Fe/yvxd+DJ9rfOiK3C+Zc86+wfvqwlv5A="}},"8Z/K+i20Yf70nGrLh6MNH4dYpd0fDEvdTvscF9pstZ0=":{"valueMac":{"type":"Buffer","data":"WOK8PQPFIQvSg2chTDL9UQ4s0EGWStK2/SeF1WNhN8A="}},"8aaup/O6GIuNDYpz4j9WJO5EE8MWLmv1D03gHue7eM4=":{"valueMac":{"type":"Buffer","data":"iiNqVtR3SG0vTbqYJ3DHtHgYmwktu4S93TmDGjJhJlw="}},"8k2BdryQLbV6TIQnYtH1psubtLVL0gtoKR4KZt7CCiQ=":{"valueMac":{"type":"Buffer","data":"OT/m8QtpMJUoKJsQU2qGxLu/xkuSvKQU3gMXVce8gFY="}},"8mjvKIgl1dBqzU/nM/g0KFdElGJblEfXVYIp+vIwxvE=":{"valueMac":{"type":"Buffer","data":"sI0F2IKEM0JGWAovx7ovXKllLA1+ieI4UULHAoG4MbY="}},"8sNDSFA/2TI07DZ0yBfUxpoAJ3WBP9MHhNf/w/dM2c4=":{"valueMac":{"type":"Buffer","data":"AgagyMk8BOxSCAEOgMx1BZ+iH+HLsy7ggKn4rUnU38g="}},"8+iFUnMnl3avnAxpmP2N5UwFiq8G+xqniJMGqVfwF5Q=":{"valueMac":{"type":"Buffer","data":"LRz226vp74PTnWp567+QG7TuDBgUoSwakfTwL3zEGkE="}},"9OrZfC1XryeIpewpXKphlr56iCuSSUMboB5ubeQJOFc=":{"valueMac":{"type":"Buffer","data":"5+2cUxgEpsJ/wU4NSWKIuCHQZdqLR6AjeLRzRNbW9tw="}},"9UzHlVoFVsCrKY/77fBUzP59RU3D02QAKGYCqMnIaP0=":{"valueMac":{"type":"Buffer","data":"cBywghonzaUXT4YkpLb/1kVtT/TOgAl3oMwfKGJ+6O4="}},"9U+CheL7VQL+yPYkMmO3oLRf4cswWho3c2PuccF7QFg=":{"valueMac":{"type":"Buffer","data":"qBB2yS6ZrHiLNY1NGdDspDEqPCmXwfDO0ixXxMzb5pc="}},"9flQ5siflb6XICFSkFru4WRqlLaLS/X4V3ajPoYTZJE=":{"valueMac":{"type":"Buffer","data":"kGdz2djqCH2PWu5lKMekoUGFemEVAA4cYlpsiNtvbYg="}},"99v1O3f+pSqLDrmO3ZtvqSSPDKRKkyBYijWQOdserTY=":{"valueMac":{"type":"Buffer","data":"tb5wDFy1OlNlx5SLCuE+GWvrIAGeBF0ureSlfb7WqSg="}},"+RMBcdHW/ahjXzzU838csCSMy7KCp418DIQnwOjZbl0=":{"valueMac":{"type":"Buffer","data":"i7uRgqKnPnJKQqiACdOPHuqgNcBWxF/f2qFASXXmaMY="}},"+T83ktDGWw/0cjudjbPvyLY5YFTHdIa8cPhw8nPjmlA=":{"valueMac":{"type":"Buffer","data":"Gku4HKYWd1xytjsGk6pQ4SUicYzg9iu78lh160/CCwo="}},"+ZCi2qi9UXfe0yJWtDbdlFaJZgWJhi0iLR4lGGH+8U0=":{"valueMac":{"type":"Buffer","data":"OOaZs9PNmh6YKulRSQWxW6qXKl+rfa2OCugItCtokR0="}},"+ZZMRhHP0HZjUk0B8KqGF4IfyrFb/v9x0IW9WMMXkl4=":{"valueMac":{"type":"Buffer","data":"QHfE6PSto0D9W7mwCThfaC9jlvh+VKtmeZs1bSx8Mww="}},"+eDYMqS4dvo+HiV+HcyI2/vsZwrKf0SIrdBOYQUYEvs=":{"valueMac":{"type":"Buffer","data":"y6rzAqReEET19mw9F4dJTCAeAUZ2135iXpTuI036Ivg="}},"+f+x99X0aLnjIPcUc8k1i3pwGW02HMS71q6Ge0c0UTo=":{"valueMac":{"type":"Buffer","data":"2fRFjzebVlVk0UgLrOk8EcgREpR04LIOkMa3mALscFc="}},"+s68DdAiCUjRsuUn4CWbPr5p1MzHyd4su8mTc3H3g6A=":{"valueMac":{"type":"Buffer","data":"jUnrDU7q23DdpVCh/woRKB9GCjZXLcOYRjfISJ7+8+E="}},"+v/2h7ueCJv4ybJSLYyWkhZKWd4Owe9T1qYPuJep+2Y=":{"valueMac":{"type":"Buffer","data":"o1tm8Om+PI8Utd+eXFF+a2GrQl3d1QNzQWvcdnOIva4="}},"+4a8e3lMIoZpf47o3MQayMv3Cwx/y19rdgVfglGE6H4=":{"valueMac":{"type":"Buffer","data":"taxz0iKheHEQQb6jVMu1/ylly4v6+85Zh03o0cx/GUg="}},"+7a1rWqDwav057HY0cqwFlqYGD49y1ZsEJHK5mnztqs=":{"valueMac":{"type":"Buffer","data":"RtEV4Jn2RJaS5X6nXleAZ3j/WXRBaE5KoIADfw1F9QA="}},"/FMWTb9/YqW3JuMBJQvrngW8thXB0ov3j0c08lZvsBo=":{"valueMac":{"type":"Buffer","data":"T3tBnvx6VI+r23baHfh56QNtqg6kL6aPCeQj72JaZ4Q="}},"/HTlX/Ggw//k4A+O49ySCMwN8QeNNzCQx/Q4sKQrSro=":{"valueMac":{"type":"Buffer","data":"gYmdZoOFP2rsYEZ1+/5cXS28542KGs2RPcI8PUjn4Bc="}},"/HjqT04E6XJzcBrSG/SfmCjB368aJOqiR0e9vaOl+k0=":{"valueMac":{"type":"Buffer","data":"LnCRXrWE/MmRVc5x4GQKwXVoEUHGhWLQ0seLaqMjFJ4="}},"/I9jF0iYvSEXFQR4a3f4pAMhPEqQsF5s524UKvkBnmw=":{"valueMac":{"type":"Buffer","data":"VA/HfFkpPPb1bQ2tcAqUKgJSCogwgsq9O8S41H8w0y8="}},"/LU+txqLNLzTYssWSW4Ugt+KxBmSzJpWWuk/X4MlTTk=":{"valueMac":{"type":"Buffer","data":"Jg0tFPHiUWSW8A2ZF2iSkZUHesIyY7HNEwCZtmkN2zM="}},"/QOfJPKPPc9/zvu6azWg/cnQW4bWNXusOacp6zldLls=":{"valueMac":{"type":"Buffer","data":"gOC796f5RW5epY4ETHkE8ezR9SR5SJ+9oI8Sfh2q8dI="}},"/VQQbI5V7w0L/8mgF2B4f1/OEikcKOIXUlwIQjRirgk=":{"valueMac":{"type":"Buffer","data":"HkRhN6/A8v4jJn8xABxdwEvXWmZxcDX99ZDFNSh7bV0="}},"/WjwKOnQrl7JfeqOTiR0gCF/e9ylMxZErBe90u57+p8=":{"valueMac":{"type":"Buffer","data":"g3S9KrtrNqi1c5u8JEOtxFYaIDE+bEKCYzT4wZlER4U="}},"/kS566NePwCFOtXfseurMQm1sKp8jxPK9JOB/eqs0QE=":{"valueMac":{"type":"Buffer","data":"SDC8PURYmINnSuFfNkpz8/d/vmPO6jXjWpFj5N6WaxA="}},"/nBmXF1ouh7JrmjghN0tHqxQV3qTfBkPAJfRZ1dZqRk=":{"valueMac":{"type":"Buffer","data":"hFDodOG2MPfDO07aD8D3Hmn2C5rc98OjlyFgdPOTi/U="}},"/yCG/o0iqnBU61iz+JinNXTc6C8aPRT7WaTp0eGzD+o=":{"valueMac":{"type":"Buffer","data":"ocbVtr3a1f49ltsvxiO+N1dppTOlG5pcpbq4CFCpQ0s="}},"/7KbFImdtXenyc1BySc0YEPqQfgwG06EHQDjFE/hj68=":{"valueMac":{"type":"Buffer","data":"zCMrUAteyt9ulJPc88ivh0Pfl/5DXquZVqJXez/C/F8="}},"J3Wvg1qIPufGvdgwa39I4fbuvLiKxmRaDpUgj4XP4UY=":{"valueMac":{"type":"Buffer","data":"SLLWNQNMFkmZFySVup5f9wRp1Ei5GXmzpINP1Bawg60="}},"B2XT3t0d8KTU17AaToQvIZ25ZaVWLRqhE59/70u74UI=":{"valueMac":{"type":"Buffer","data":"o6Hm9jeSzQNmIUxm2Lp1ICZEtMfla+1v+TqB17HpqgA="}},"GF1v4M8nw+BdTmqz1E5CSWOxNgW/cT58sjpt1EBEKtQ=":{"valueMac":{"type":"Buffer","data":"YUZ9bTARcQmIRf2NLKzu2t2Qv60W0nsyKH2WNXVnS/k="}},"nmV50agW/0z24qxKQPdNHZpVIKbsBQI+3hlknCPBBd4=":{"valueMac":{"type":"Buffer","data":"ycIA3Eye8JqnGBzdjYPImF8OjeMpV2wmD9X8Kgz8dsk="}},"2lFfUoCe3FGsyl47CLMFV6IvufhY8IGdlG1ne8hh7nw=":{"valueMac":{"type":"Buffer","data":"G9AOxjBuqpyVywuBh17XjeYy/REXNRUPGiCEQYQk0Yc="}},"zvO5wHscShc/y2gKas8xi1eFueztsHy8iLXPQyx1Ib0=":{"valueMac":{"type":"Buffer","data":"K2TCzlB5vrdz8tDAW0trqzBwq8KhEWlFVPHlXz8mQAs="}},"Ech5srP1YfIVGAFNJzpPCz/jEkukRLb63TkALc+SKBM=":{"valueMac":{"type":"Buffer","data":"r5j1B9B/6j8mdmm85iN49bxby2ZgXxWMSAMpoiAsDls="}},"oz2z9+hiZv46I/YdMo0N9BYTCrW/qc4Gt6+4YklFJkA=":{"valueMac":{"type":"Buffer","data":"Hr66u9a9ttESgp+6mFbQPdXwgeW6ZmN4Ah+SVhjpNfg="}},"iG+o6C6dJtdPvu2xjIc6wD+zH2qahL5BAoEY/YiGpKE=":{"valueMac":{"type":"Buffer","data":"MO0vVeUvAbnrWlC19/wgDC0InZJ9agX0ah8xTF9uYME="}},"pseP/9LBRBTcS23eks/vmHt3lmEq2f+W4f4G2RqDkqA=":{"valueMac":{"type":"Buffer","data":"zQTW+o/EjtqgMjFPojeH+BkBi2vBDHOI5zXtGKegdfE="}},"E2Slw7cfRzIiXVlzs98OPiaxmqV844qWsO/tk4e6g2Q=":{"valueMac":{"type":"Buffer","data":"42NlcQRLXOzZahwFlKh+S8TE/Dd9y3/NJQxN5WbGFW4="}},"Q30Ltrmu/KnS0DaPilar5D0exJht8y3iekT2UU0fRtQ=":{"valueMac":{"type":"Buffer","data":"Sny49PVv3Sy7syDdkRinhfMXPFUZpvvIwyWFqkmaqCY="}},"NiIM7H0DX9Ia00zcGSDqsK0PDBIj7eBs2WJm9FPOC/Y=":{"valueMac":{"type":"Buffer","data":"oLYi8N8rSwDsm0sQ2Nuyqd0njsWi7dXaYKw7Q5uMZrc="}},"hxe2gIZ/jOnXUxZ6q1hvfdW8f+GbAXheRAPcHlxq9RQ=":{"valueMac":{"type":"Buffer","data":"4P4Kf+5ZA0XCpQKU6Uo8/9JQ2wE6dEzLHMLdfxh5Rmg="}},"Z2ki1majZ8yDyiAygn+JQBTyrDwR/Ms9tRzczn838KU=":{"valueMac":{"type":"Buffer","data":"uQwGVx3oHuX7d0CUVuMs6PN6Xlk0VqfU7vbEVGkMtVU="}},"u26bRSHcGStrPrzm13RIN0ERyqxxAo4dsKdzxYPZOEo=":{"valueMac":{"type":"Buffer","data":"fhdWYLDzWdFFJMQ1HzH8iok/zptfgx1ELeuXM8DUkac="}},"QojHRYYRWw6Pe8hIY9P9rtb8HiiODGH83fRdJuOtL+I=":{"valueMac":{"type":"Buffer","data":"kKTXONMk0ve3JFaJZUjFi8NSkPhRr7owr+MTNIJlQXk="}},"LYxMPej4PdUgn4v+cgaU01i1qbZKFg8fvy+0YbljgJg=":{"valueMac":{"type":"Buffer","data":"33QkGbTAEC+VFgZBEcSlgJlNR7+Puqodcqox3H/KQcw="}},"nvDp9vxjfQ/RzXUB7vCAB0CrZcQsoN47fNgNHwNr9+8=":{"valueMac":{"type":"Buffer","data":"bECUhaq4a+f7A5TR+hUfDX6w219MltNsD5lbcCM2GfQ="}},"64THwCgCE/3Y7+20B4DJOECi2zDuQdA4+TWRQwvMf3k=":{"valueMac":{"type":"Buffer","data":"WqQkDgq4IdB0GdadMp9DllEuoF2SfZzKYVEL/jgY1hY="}},"9MxdWLHoODxIPb57ztooWhmT2bmDg7cNdXSS0DmI78A=":{"valueMac":{"type":"Buffer","data":"VT2qkh6mBUjp7hbsStPhgxGFmdEj4AK1pny7p3GwD00="}},"qSBTzDPi7OACnx4g6zsqjWn20tI1q0ixtWG4+T77ouc=":{"valueMac":{"type":"Buffer","data":"mKmJ8UViM6LX7krm//itcaih+IPAXoRFWyQH2d4V+pg="}},"UE4idMmyrHn2P2m1+9D3954V0OZJYEk1SMJt6dFWx50=":{"valueMac":{"type":"Buffer","data":"Jgapi0tKAixKAnteV2DL8nJLVFB0vk5msFi+8Z1/imU="}},"e90PmGE4dd8KT7dbCjJOsNgtjVzIWPpJgV7QHGfyXjI=":{"valueMac":{"type":"Buffer","data":"dzPdst7CYeiW6IoVybTG5jzxfmHYL5JnAhDBbVxxgME="}},"EpLXLkOXmjixSZQl1J4CXmccUTNfeP4YZ+bmCZWtDJc=":{"valueMac":{"type":"Buffer","data":"1GyneCwj0vYPP5OBpvIt4qtx5uP4d1/u4Ik8KpzeFSk="}},"1TCHGW+5kAZ1Y/5CYKuNp9nJz5kR/iyVrExamIoT0AI=":{"valueMac":{"type":"Buffer","data":"Hvzb8dzWmdEk8lWmtXIOVhfuIZih50J4nmk+5exnIdA="}},"p89tRPyK2DIWQnqxDT5nX6F9V6VAZv5MrvFD2n/kcb8=":{"valueMac":{"type":"Buffer","data":"s3B/mWoZE9H1mKfJq8Bb5iikiQq8WVV820Ey2qv2NGc="}},"sPJXYqO9kn146wdkW/3Zu6NrwNEUYgZ1ADxobQxiVTo=":{"valueMac":{"type":"Buffer","data":"7FgpNJFzY1zIUifm1TjKLoJxhrMnNPiHhNBhNyp8zF4="}},"qI1o0p76HHzWhOxQJoSKldiECTqpnLplPpnivA2ED9E=":{"valueMac":{"type":"Buffer","data":"+LQiq0OrhzXTI6Z2U9g7kTKtrZQHovIW1mxLzQ4G5HA="}},"PGQcwSbz64wRSncPwR6RqCbg1DXWqN1oyUSC1a4o+DI=":{"valueMac":{"type":"Buffer","data":"SULevuc+TegzekPgRWmshxy+O/664a104ENkpDThYZc="}},"rvDffBXijRUguOFp3L0RK+kzCFsGoN2Zf12WmNcEI5Y=":{"valueMac":{"type":"Buffer","data":"3tgwnY7Gz1OAFRitFiasQuqBTnxPUXjXRwDwPgAD6Y4="}},"p8NsJoGQNUkU1TWdT9uvqpGUph1ZnByoRu4LELWUa0o=":{"valueMac":{"type":"Buffer","data":"wuEF2bHE8DFqaJM6o3aqpAo4HMBqEovQdn2NH/ZI/R8="}},"M7kKFXQxV/imSHSYq27hFikruyHlJSmCFk6GKRedBjU=":{"valueMac":{"type":"Buffer","data":"6fFyLoooQGNx188YlEl/lMNRmNsGZKootFh8WKlZZeI="}},"1Sc2m6stivoklaz7+5xZ8O3nPY2CBVoKDbGGCVI7FMo=":{"valueMac":{"type":"Buffer","data":"A/wWhGS8hZRfE3eqL+3wtRkj4mnBkPRM4IOIT1voT5o="}},"GUEToZVPj7Q/785aYQ/1HcTwubOel2GYqnZBXVq7ba4=":{"valueMac":{"type":"Buffer","data":"8D0GBdyyOb5VD3kHskFZ/VvZgVpksuIJH2f+y5y6BYY="}},"TbdiPG6Ji7p3nOBb8VxWWCFnGw9JnkPdFzJbGnLpNGg=":{"valueMac":{"type":"Buffer","data":"mK1szSXpe9pBkabpP4wmhY1rEv/CrR2UR1h5v7ahq98="}}}}