{"noiseKey":{"private":{"type":"Buffer","data":"SCoDhuLOaVJj1KBA1uvKnbuT5iV//bQEbVP+RbKbmFA="},"public":{"type":"Buffer","data":"/qwBTh3PxX5ir4KwsJyfQ2J3DHX3v9r+7LsDJB5DjlE="}},"pairingEphemeralKeyPair":{"private":{"type":"Buffer","data":"6IJLckaxq4xdq2OtHL2QARx3nb8QejPOfpU06xqA4H4="},"public":{"type":"Buffer","data":"SzMkJeH1Zoke2GkVvAdKwPOtskJb7cMxUqq+X21ftkY="}},"signedIdentityKey":{"private":{"type":"Buffer","data":"wGzAR2dVu6xCtzd/v7hQKwVX2ts/ZywFZWJatMsi/0I="},"public":{"type":"Buffer","data":"Jw/c5COy9En3gpWDLE8SPyUkp3VzEV1ASUlNkETx3Bo="}},"signedPreKey":{"keyPair":{"private":{"type":"Buffer","data":"QF3QVgui/YQVya4cfxjOXw8zreOMr9VC3qNbrN5bxk4="},"public":{"type":"Buffer","data":"JBZ3KDeacqJZH+kq7ALzRnY5H9dYZrk6ObRvg98TmRo="}},"signature":{"type":"Buffer","data":"mYIRUbupmTV0gWzod5EvvgSQWF1/xn2MqR9PsXPxnGiEueH5aiN4GB89GdWD11DJI1fXP4LA+bsJt0YE4ZWChg=="},"keyId":1},"registrationId":97,"advSecretKey":"nTMmmvXAWeL7ttR1dImtP98pSmg4U3juTvS94VI8ytk=","processedHistoryMessages":[{"key":{"remoteJid":"201500302461@s.whatsapp.net","fromMe":true,"id":"6799E4C1D6F8AC5C31CD594A2C7F6D3A"},"messageTimestamp":1741871222},{"key":{"remoteJid":"201500302461@s.whatsapp.net","fromMe":true,"id":"7ABEFBC78CB8D6F938F931436351897F"},"messageTimestamp":1741871222},{"key":{"remoteJid":"201500302461@s.whatsapp.net","fromMe":true,"id":"0E34270F5FF3B7D9D442FD89F13B2340"},"messageTimestamp":1741871254},{"key":{"remoteJid":"201500302461@s.whatsapp.net","fromMe":true,"id":"8734ED4B1FC16A25961C42F5B5B1289A"},"messageTimestamp":1741871276},{"key":{"remoteJid":"201500302461@s.whatsapp.net","fromMe":true,"id":"A5117D0911280129F126D29B00BBA71A"},"messageTimestamp":1741871279},{"key":{"remoteJid":"201500302461@s.whatsapp.net","fromMe":true,"id":"C6E7BB44BDB861E2B93271406C94D780"},"messageTimestamp":1741871304},{"key":{"remoteJid":"201500302461@s.whatsapp.net","fromMe":true,"id":"448E3E2F940D89EBFCC13EF3B182BB50"},"messageTimestamp":1741871310},{"key":{"remoteJid":"201500302461@s.whatsapp.net","fromMe":true,"id":"6BE158651DCD4E55D92C6C7D0793AE9E"},"messageTimestamp":1741871317},{"key":{"remoteJid":"201500302461@s.whatsapp.net","fromMe":true,"id":"F1DC2677CF130CF70F9AEEBB3412D9A3"},"messageTimestamp":1741871322},{"key":{"remoteJid":"201500302461@s.whatsapp.net","fromMe":true,"id":"47211DE1DE83EABEDCA6AB917462EBD5"},"messageTimestamp":1741871329},{"key":{"remoteJid":"201500302461@s.whatsapp.net","fromMe":true,"id":"4472D6E6671E2B683A5E3E37C27E2C5B"},"messageTimestamp":1741871358},{"key":{"remoteJid":"201500302461@s.whatsapp.net","fromMe":true,"id":"55C8CDE3DA3A0BF9E6D34834CA8519DB"},"messageTimestamp":1741871370},{"key":{"remoteJid":"201500302461@s.whatsapp.net","fromMe":true,"id":"7B4C661D2BE9CBA4884BCC2EBB3204A6"},"messageTimestamp":1741871446},{"key":{"remoteJid":"201500302461@s.whatsapp.net","fromMe":true,"id":"0A0D96DED99B4BE7CE58301185181E40"},"messageTimestamp":1741871499}],"nextPreKeyId":125,"firstUnuploadedPreKeyId":125,"accountSyncCounter":1,"accountSettings":{"unarchiveChats":false},"registered":false,"account":{"details":"CKGogkcQzrDLvgYYMyAAKAA=","accountSignatureKey":"p0Wm6g0SgbbxuQ6EeYTOEGS0+N7aJ3fRjl8y1lfb9ho=","accountSignature":"V/AJaPRFzb0yBdshOVh3rwB5/Q/PrsnSgUSUvJTL7gcqR+XXbZgs0uWYyEwjasjSD4djm2u/3GCD4y/v1xQIBA==","deviceSignature":"38pK6dptj4b6CQE+GN8ex4UbAMeXRuFtH75jfImF1Wniy7eg5PZl80NOhCDjIkVv4+hDXjwg0B30foYke1Kdig=="},"me":{"id":"201500302461:53@s.whatsapp.net","lid":"181991152562371:53@lid","name":"^"},"signalIdentities":[{"identifier":{"name":"201500302461:53@s.whatsapp.net","deviceId":0},"identifierKey":{"type":"Buffer","data":"BadFpuoNEoG28bkOhHmEzhBktPje2id30Y5fMtZX2/Ya"}}],"platform":"android","routingInfo":{"type":"Buffer","data":"CA0IEg=="},"lastAccountSyncTimestamp":1741871279,"lastPropHash":"2V77qU","myAppStateKeyId":"AAAAAPlx"}