[{"senderKeyId":199944281,"senderChainKey":{"iteration":1,"seed":"f5AoPUbqFf017ae9bpUVlCJO4FfPUiNGjIZ1f6Uc71c="},"senderSigningKey":{"public":"BVwDXEKyWXaWsmN1798TNAAQrdQjd5YDmpFIfNXrEZ4k"},"senderMessageKeys":[]},{"senderKeyId":572594594,"senderChainKey":{"iteration":5,"seed":"7UPGMbIKyyATApI74Bqs1akeN/QBKVLgE3p1B8uuGic="},"senderSigningKey":{"public":"BeQmMCMAyc01FH9xzpqe4DTEhyNPRGVDQFjNFjbzUyQk"},"senderMessageKeys":[]},{"senderKeyId":1407402182,"senderChainKey":{"iteration":1,"seed":"Wi3Bs4Pn4o17oovJgeHznJb7GaSmcZ+lXu/C8fvqLLQ="},"senderSigningKey":{"public":"BfmL8Zw8Bq+CGz49H/tH4gEHO2FDLJxlTMvV6FFjhr0k"},"senderMessageKeys":[]}]