[{"senderKeyId":1255658780,"senderChainKey":{"iteration":14,"seed":"ndJzXuiEzrM1jpGkL7kKn4+4u5pMbG2IYMseJu57yKQ="},"senderSigningKey":{"public":"BQM79bxISsqNaNSEjKkVEfip3VQ7r4sXXfhixeVBnq4x"},"senderMessageKeys":[]},{"senderKeyId":1255658780,"senderChainKey":{"iteration":13,"seed":"zgZm7cK02TW2Yt5PofuOFBLzDNj32LZzTQAJruldSak="},"senderSigningKey":{"public":"BQM79bxISsqNaNSEjKkVEfip3VQ7r4sXXfhixeVBnq4x"},"senderMessageKeys":[]},{"senderKeyId":1385403103,"senderChainKey":{"iteration":3,"seed":"2bUT0BydHh9ixx3otd8ObinU9Lb1wlk4ocsrtXRX6Nk="},"senderSigningKey":{"public":"Bb4bqeDuSATA/OPfzUwfkzrWGzYClXRSt5GLrolkcx0q"},"senderMessageKeys":[]}]