{"201151065569@s.whatsapp.net":true,"201151065569:3@s.whatsapp.net":true,"201500663893@s.whatsapp.net":true,"201143585154@s.whatsapp.net":true,"201143585154:16@s.whatsapp.net":true,"212617004431@s.whatsapp.net":true,"249127000110@s.whatsapp.net":true,"201102780472@s.whatsapp.net":true,"66630129708@s.whatsapp.net":true,"212602762748@s.whatsapp.net":true,"201040793478@s.whatsapp.net":true,"201211231685@s.whatsapp.net":true,"201122662755@s.whatsapp.net":true,"201553853556@s.whatsapp.net":true,"201553853556:4@s.whatsapp.net":true,"96894116692@s.whatsapp.net":true,"201500564191@s.whatsapp.net":true,"201500564191:9@s.whatsapp.net":true,"212772941308@s.whatsapp.net":true,"963943703702@s.whatsapp.net":true,"201125920586@s.whatsapp.net":true,"96877478954@s.whatsapp.net":true,"50941857752@s.whatsapp.net":true,"50941857752:11@s.whatsapp.net":true,"967730172328@s.whatsapp.net":true,"967739509432@s.whatsapp.net":true,"96878748151@s.whatsapp.net":true,"201025368168@s.whatsapp.net":true,"201063808608@s.whatsapp.net":true,"201500302461@s.whatsapp.net":true,"201500302461:3@s.whatsapp.net":true,"201274002169@s.whatsapp.net":true,"201274002169:80@s.whatsapp.net":true,"201500802733@s.whatsapp.net":true,"212630728458@s.whatsapp.net":true,"6285183541352@s.whatsapp.net":true,"212780638594@s.whatsapp.net":true,"201551476012@s.whatsapp.net":true,"966578008949@s.whatsapp.net":true,"212775099603@s.whatsapp.net":true,"19177289952@s.whatsapp.net":true,"249119420683@s.whatsapp.net":true,"212766673349@s.whatsapp.net":true,"212603678017@s.whatsapp.net":true,"212603678017:14@s.whatsapp.net":true,"201026169032@s.whatsapp.net":true,"201276795187@s.whatsapp.net":true}