[{"senderKeyId":2132711869,"senderChainKey":{"iteration":33,"seed":"iU/f04c/zCtPYiwNaVbZPRgOLpkyQZX2y48BsSdKOKo="},"senderSigningKey":{"public":"BSIyavXPvd2kjfW21wPXrywnapaK7P74WSEAGCA/HH9q"},"senderMessageKeys":[]},{"senderKeyId":2132711869,"senderChainKey":{"iteration":2,"seed":"TAuGA/0Pm7C9ibben47psrtC+oKEs2q41O+0v+6cQyE="},"senderSigningKey":{"public":"BSIyavXPvd2kjfW21wPXrywnapaK7P74WSEAGCA/HH9q"},"senderMessageKeys":[]},{"senderKeyId":2132711869,"senderChainKey":{"iteration":11,"seed":"jsLtmkZDrRmX1JAdZbZmSjdSt5uaU8K479b6a8iqFFA="},"senderSigningKey":{"public":"BSIyavXPvd2kjfW21wPXrywnapaK7P74WSEAGCA/HH9q"},"senderMessageKeys":[]}]