{"201023020606@s.whatsapp.net":true,"201145311924@s.whatsapp.net":true,"201145311924:18@s.whatsapp.net":true,"201145311924:33@s.whatsapp.net":true,"201013613785@s.whatsapp.net":true,"201104604183@s.whatsapp.net":true,"201271673770@s.whatsapp.net":true,"201224549351@s.whatsapp.net":true,"201224549351:16@s.whatsapp.net":true,"201224549351:17@s.whatsapp.net":true,"201147871225@s.whatsapp.net":true,"201096065772@s.whatsapp.net":true,"201289294036@s.whatsapp.net":true,"201156787004@s.whatsapp.net":true,"201092260245@s.whatsapp.net":true,"201027481710@s.whatsapp.net":true,"201027481710:19@s.whatsapp.net":true,"201092983762@s.whatsapp.net":true,"201025499577@s.whatsapp.net":true,"201556020620@s.whatsapp.net":true,"201556020620:39@s.whatsapp.net":true,"201556020620:42@s.whatsapp.net":true,"201093804162@s.whatsapp.net":true,"201146317606@s.whatsapp.net":true,"201128206168@s.whatsapp.net":true,"201212620019@s.whatsapp.net":true,"201112186271@s.whatsapp.net":true,"201501890901@s.whatsapp.net":true,"201279744391@s.whatsapp.net":true,"201151044464@s.whatsapp.net":true,"201029795955@s.whatsapp.net":true,"201210912277@s.whatsapp.net":true,"201147115591@s.whatsapp.net":true,"201147115591:5@s.whatsapp.net":true,"201110132975@s.whatsapp.net":true,"201032015530@s.whatsapp.net":true,"201001691318@s.whatsapp.net":true,"201279863296@s.whatsapp.net":true,"201208241309@s.whatsapp.net":true,"201064791430@s.whatsapp.net":true,"201064791430:8@s.whatsapp.net":true,"201092820199@s.whatsapp.net":true,"201092820199:6@s.whatsapp.net":true,"201554521444@s.whatsapp.net":true,"201554521444:11@s.whatsapp.net":true,"201500302461@s.whatsapp.net":true,"201500302461:3@s.whatsapp.net":true,"201144064195@s.whatsapp.net":true,"201096291450@s.whatsapp.net":true,"201096291450:41@s.whatsapp.net":true,"201096291450:43@s.whatsapp.net":true,"201096291450:45@s.whatsapp.net":true,"201228307853@s.whatsapp.net":true,"201228307853:60@s.whatsapp.net":true,"201553671128@s.whatsapp.net":true,"201090811920@s.whatsapp.net":true,"201114674101@s.whatsapp.net":true,"201129553432@s.whatsapp.net":true,"201005023508@s.whatsapp.net":true,"201005023508:23@s.whatsapp.net":true,"201005023508:24@s.whatsapp.net":true,"201005023508:25@s.whatsapp.net":true,"201156781229@s.whatsapp.net":true,"201151056588@s.whatsapp.net":true,"201151056588:13@s.whatsapp.net":true,"201009759192@s.whatsapp.net":true,"201030808136@s.whatsapp.net":true,"201224989258@s.whatsapp.net":true,"201102051506@s.whatsapp.net":true,"201281079916@s.whatsapp.net":true,"201281079916:27@s.whatsapp.net":true,"201281079916:29@s.whatsapp.net":true,"201030872620@s.whatsapp.net":true,"201069499367@s.whatsapp.net":true,"201069499367:9@s.whatsapp.net":true,"201069499367:10@s.whatsapp.net":true,"201205711056@s.whatsapp.net":true,"201068740337@s.whatsapp.net":true,"201154597250@s.whatsapp.net":true,"905300911471@s.whatsapp.net":true,"905300911471:6@s.whatsapp.net":true}