[{"senderKeyId":440730813,"senderChainKey":{"iteration":1,"seed":"YjPmO3guSL5Ucpu+C5pP5ExLbxJMJl7Iwz/D7B/1phk="},"senderSigningKey":{"public":"Bc/opO9qZnIJm8qMlxDbuLwerNt845clEnSJxVm5d4g4"},"senderMessageKeys":[]},{"senderKeyId":1853234393,"senderChainKey":{"iteration":3,"seed":"bLdDVk2ZebJe23Y1Gea5ZJ6tbsy07fEU1kFRgWrgSRw="},"senderSigningKey":{"public":"Ba79wWJMBPerAJUYDtFta3msfJLRFBTv2fRgNTSNLPtY"},"senderMessageKeys":[]},{"senderKeyId":736067109,"senderChainKey":{"iteration":6,"seed":"sOAb97qkxd6wbg0Dg1hQBddmfLmTOv1WpF/RYR6ZlTM="},"senderSigningKey":{"public":"BW+q+g3kLVJnjYsQ4E/rB4dgBtcpivvu3u9qKSK46pUI"},"senderMessageKeys":[]},{"senderKeyId":736067109,"senderChainKey":{"iteration":4,"seed":"Q6P1LBzCJEjihZnK08+PPlnwv82eu+K3DkAEC54+lPQ="},"senderSigningKey":{"public":"BW+q+g3kLVJnjYsQ4E/rB4dgBtcpivvu3u9qKSK46pUI"},"senderMessageKeys":[]}]