{"_sessions":{"BVb9CRXgdeUXnXC8dLBpl6VrsLZii8yU2vYgmXIxmnZQ":{"registrationId":80509733,"currentRatchet":{"ephemeralKeyPair":{"pubKey":"BUFUXSR0jB0nBkTkB2CNGpdMy/DY5BJBhQKEFHQLSicK","privKey":"sJghOtJyb9I7nbOxNdPuctlXuF4Hgles2q5gTKXB2GU="},"lastRemoteEphemeralKey":"BZ66JPKkQi5LaPn64T0H9r0AdcOAYpQL1obq4zA4wCcx","previousCounter":0,"rootKey":"KYJvqJio1tPaeN1VWtB3g+ypyn5QwBVTCAHB3f3nTgo="},"indexInfo":{"baseKey":"BVb9CRXgdeUXnXC8dLBpl6VrsLZii8yU2vYgmXIxmnZQ","baseKeyType":1,"closed":-1,"used":1741877407636,"created":1741877407636,"remoteIdentityKey":"BdoIAiteb35tENTCxjbXDHWWizEi4dpW1yzvNfk9w98w"},"_chains":{"BUFUXSR0jB0nBkTkB2CNGpdMy/DY5BJBhQKEFHQLSicK":{"chainKey":{"counter":0,"key":"1wH2g3lJzrHX+KSNMC1ZUn7lvfzaZsvQ1IH73d+UoUY="},"chainType":1,"messageKeys":{}}},"pendingPreKey":{"signedKeyId":1,"baseKey":"BVb9CRXgdeUXnXC8dLBpl6VrsLZii8yU2vYgmXIxmnZQ","preKeyId":7065174}}},"version":"v1"}