{"_sessions":{"Bd7ezTC5GveCMv8Whb1A0OozRLFp3KxPaMYotZlf9cUn":{"registrationId":771786305,"currentRatchet":{"ephemeralKeyPair":{"pubKey":"BYunxR5n9asY1H9jVd9WH/z43yzUZCqfOQJYbFcI3L9Y","privKey":"0LsE2CAhJ9UIo5XVWHn5yOQ3eBiJMf0kPlmlQoemOUs="},"lastRemoteEphemeralKey":"BRNuUMZFdKB2Cc+hfl7Nj1h0yIVSZuRuex/opa0s0qVh","previousCounter":0,"rootKey":"Nb4FOpUFOTP0YoWL0dD3KQAnbA3dDFFSUx8SZhiV13g="},"indexInfo":{"baseKey":"Bd7ezTC5GveCMv8Whb1A0OozRLFp3KxPaMYotZlf9cUn","baseKeyType":2,"closed":-1,"used":1741892803143,"created":1741892803143,"remoteIdentityKey":"Bf644iZvURYiMpzYNeVmlNJ8s8wAZ4Fm1NYpFtapLS5w"},"_chains":{"BRNuUMZFdKB2Cc+hfl7Nj1h0yIVSZuRuex/opa0s0qVh":{"chainKey":{"counter":0,"key":"9UwdgM6l5Pvj2aW2gHaXM7WHMY+qcyMx+eDAAR88Amg="},"chainType":2,"messageKeys":{}},"BYunxR5n9asY1H9jVd9WH/z43yzUZCqfOQJYbFcI3L9Y":{"chainKey":{"counter":-1,"key":"k3UWr++Z3IJNjnDCjUPsDCnNpPb8+FAp01FGmudg6F4="},"chainType":1,"messageKeys":{}}}}},"version":"v1"}