{"_sessions":{"BalXorLJoaOQKsM7n0sM70zvwv6SiwNPJP1/Ec5Saf5n":{"registrationId":518409262,"currentRatchet":{"ephemeralKeyPair":{"pubKey":"BUCTfmsC3gbE4FLWc+9/sbT8+Xxe0jYOzKneiFgMMvd3","privKey":"EIud65d7efV9VpJI5JnVlBiDIn77AtVv/Eg4LnDpKlg="},"lastRemoteEphemeralKey":"Bc4dy2tQWgwujn2emzOWmOVIA8KvgLmKcHINp2cZpWhA","previousCounter":0,"rootKey":"v0xt5vSWAsw8BJ12kclFuKfvUq7PtpyOpfaYdgVcf1w="},"indexInfo":{"baseKey":"BalXorLJoaOQKsM7n0sM70zvwv6SiwNPJP1/Ec5Saf5n","baseKeyType":1,"closed":-1,"used":1741874424754,"created":1741874424754,"remoteIdentityKey":"BTUQXZLS6w5EBU7jvWmxInfEwg+GLpGOknqv6rfxeCN8"},"_chains":{"BUCTfmsC3gbE4FLWc+9/sbT8+Xxe0jYOzKneiFgMMvd3":{"chainKey":{"counter":2,"key":"CuCcaAjl/cO5yNHAwCgP5Fgilc2tcRs58e1cfXsfab0="},"chainType":1,"messageKeys":{}}},"pendingPreKey":{"signedKeyId":0,"baseKey":"BalXorLJoaOQKsM7n0sM70zvwv6SiwNPJP1/Ec5Saf5n","preKeyId":3150160}}},"version":"v1"}