{"_sessions":{"BZAg5Dph91I0Ceq7MrclAi7X0Dk2R1a6q6XHYYaugC8K":{"registrationId":1589270124,"currentRatchet":{"ephemeralKeyPair":{"pubKey":"BUjONJ+G4/Nuvxa9RdTVuY7/UD0zHl9tJ6Uy8XgdY34C","privKey":"iKtONKw+IjxXh+2cx3TRC8sAom7KCNPvigO6UnHVb0s="},"lastRemoteEphemeralKey":"BZIVecaIieFDhXyNghIDatMSB27HgFSm0D8rol17mcQX","previousCounter":1,"rootKey":"+ThrBN27xdf3k7sl54twnaWB02b106JkxzZkVT942dc="},"indexInfo":{"baseKey":"BZAg5Dph91I0Ceq7MrclAi7X0Dk2R1a6q6XHYYaugC8K","baseKeyType":1,"closed":-1,"used":1741955672129,"created":1741875237788,"remoteIdentityKey":"BTu+93RRdOuTniDUfu9zDTWMSAdX82sXhLSbm9iQZSwY"},"_chains":{"BZIVecaIieFDhXyNghIDatMSB27HgFSm0D8rol17mcQX":{"chainKey":{"counter":0,"key":"6i5R3glMNvGifGmLYC0D/BwBMFyZKot64+1GX34SZ7Q="},"chainType":2,"messageKeys":{}},"BUjONJ+G4/Nuvxa9RdTVuY7/UD0zHl9tJ6Uy8XgdY34C":{"chainKey":{"counter":-1,"key":"UknpYo1cac2U2HsQv6Uy2U4pF+wplODYeTgpMeLuiao="},"chainType":1,"messageKeys":{}}}}},"version":"v1"}