{"_sessions":{"BRi9d7/AYj+I5V7rN2PuR78hFct7BYo6hW+FvKr/PFgz":{"registrationId":166430986,"currentRatchet":{"ephemeralKeyPair":{"pubKey":"BVjp2K5muKvQlkfQ1eZ1gOn5trskh+3i2AIDJed8G+9N","privKey":"wLMmJI8Im8bc2uhLtMLVS1pMOIFdh9UdF4mv7dq08FI="},"lastRemoteEphemeralKey":"BZBo1Y6y/Fpbnh8ysrg1L+bdWOYER9j5VQONsuJNYvVM","previousCounter":1,"rootKey":"23S/nQvUw6JWTSx8gi1A0WQ5opy0YFG1fNL3WwDUBEY="},"indexInfo":{"baseKey":"BRi9d7/AYj+I5V7rN2PuR78hFct7BYo6hW+FvKr/PFgz","baseKeyType":1,"closed":-1,"used":1741955677150,"created":1741874424786,"remoteIdentityKey":"BRtNQ4fEjgL1aqrmJ+yAoMMOQw4cxx7XOMUEGHQowSQZ"},"_chains":{"BUNMpwQp24XJPYEqonPmsFrx7Hp0LMm1t/8J9rxGFwAq":{"chainKey":{"counter":0},"chainType":2,"messageKeys":{}},"BZBo1Y6y/Fpbnh8ysrg1L+bdWOYER9j5VQONsuJNYvVM":{"chainKey":{"counter":0,"key":"06ykYChjML/VGA8tPMbMn4ySXRwWkbk+14bMITbPp+M="},"chainType":2,"messageKeys":{}},"BVjp2K5muKvQlkfQ1eZ1gOn5trskh+3i2AIDJed8G+9N":{"chainKey":{"counter":-1,"key":"RNfWUJ9+rRkl8g6hhIQiRf832lKKklnGQy+fHd8z+So="},"chainType":1,"messageKeys":{}}}}},"version":"v1"}