{"_sessions":{"BXZ3P1HzOO3GYFCwQ9FNJmMrqsmkCAODSGm0yynd2GtG":{"registrationId":307395569,"currentRatchet":{"ephemeralKeyPair":{"pubKey":"BSQPakpXx6mMbfu/AVLkqHZYRvhmhZ9MSsyX0AJAdZRR","privKey":"4BgxpCEY6cOdCJ+6xp+XVrLbjtboxqRupv8n1LkNNHs="},"lastRemoteEphemeralKey":"BU6iHWohc0nYooLHewsspOnrJZdcHi/QnxFXY1YgVAJy","previousCounter":0,"rootKey":"RppqqHm1yHLdVYyAL/kl/751Xhmu9Hm9QIF4shx52wc="},"indexInfo":{"baseKey":"BXZ3P1HzOO3GYFCwQ9FNJmMrqsmkCAODSGm0yynd2GtG","baseKeyType":1,"closed":-1,"used":1741891618258,"created":1741891618258,"remoteIdentityKey":"BR1XjNxoZGRXtd+jJ9c3QxPeYyem2OeySf/Zjmc1NBx8"},"_chains":{"BSQPakpXx6mMbfu/AVLkqHZYRvhmhZ9MSsyX0AJAdZRR":{"chainKey":{"counter":1,"key":"AvETuWuMfhFxRP8HiBngTi/Obwkj32B1as21fIEKOfM="},"chainType":1,"messageKeys":{}}},"pendingPreKey":{"signedKeyId":0,"baseKey":"BXZ3P1HzOO3GYFCwQ9FNJmMrqsmkCAODSGm0yynd2GtG","preKeyId":1878969}}},"version":"v1"}