{"_sessions":{"BbPFZzjx9AaOLJEoyf/ifhWQP5Z2UAmbZFgwctcd84Yn":{"registrationId":111603884,"currentRatchet":{"ephemeralKeyPair":{"pubKey":"BUefsPI7ba0nVf3DpoQXg3Fu4QA+p0Pq/9lE9P9EEeRp","privKey":"iBgRQwjb3aFBG/bFWazEmxlPhF5luXi+DZyiBAIUdXE="},"lastRemoteEphemeralKey":"BUoFNhTTs2fYtOQGh+Zm5tD+cZD8kmG5pTHc/Q7IsvMb","previousCounter":0,"rootKey":"t12y3HywiiQqwX59lZ8rsI8OT961DBFMkL8KDF84/6M="},"indexInfo":{"baseKey":"BbPFZzjx9AaOLJEoyf/ifhWQP5Z2UAmbZFgwctcd84Yn","baseKeyType":1,"closed":-1,"used":1741891037980,"created":1741874424787,"remoteIdentityKey":"BTW471hSCQI1dsQJQYrxLbqkI0udfa0A/LV93uaQA4RX"},"_chains":{"BUoFNhTTs2fYtOQGh+Zm5tD+cZD8kmG5pTHc/Q7IsvMb":{"chainKey":{"counter":0,"key":"0C2QDUCXlNRsNbbALq+lhyCu+unXq37wjtGAwmGOFR8="},"chainType":2,"messageKeys":{}},"BUefsPI7ba0nVf3DpoQXg3Fu4QA+p0Pq/9lE9P9EEeRp":{"chainKey":{"counter":1,"key":"OxrquqUfFS6uraIB+4TauU+ffUxQOAV6yCAFb0XweoQ="},"chainType":1,"messageKeys":{}}}}},"version":"v1"}