{"_sessions":{"BUEKr9jEonNMd/PeXD9WJOWnkvd7ZKbW2BBKAbWI4CUf":{"registrationId":683233803,"currentRatchet":{"ephemeralKeyPair":{"pubKey":"BTaNHtk9n5tvCxoABVfuZJtdfjgETf6uGI9dG3FoVqBo","privKey":"GAZffHoMYO2r8RxE7j0wpeVxoDXDC9ruY/6s4OP74FA="},"lastRemoteEphemeralKey":"BQbLLYlfb65wPw/Y/w1xaxramFn7gxQxRHhElJGfGg0w","previousCounter":0,"rootKey":"Krj25hWaYKIWtTvm2XDgLRBWSf/BCN+38xlYp7F3Npk="},"indexInfo":{"baseKey":"BUEKr9jEonNMd/PeXD9WJOWnkvd7ZKbW2BBKAbWI4CUf","baseKeyType":2,"closed":-1,"used":1741892692404,"created":1741892692404,"remoteIdentityKey":"Bc9Oz0RT5B/8wBZOXBgp0PwUr09pHpsdbDgSnn9gbTtZ"},"_chains":{"BQbLLYlfb65wPw/Y/w1xaxramFn7gxQxRHhElJGfGg0w":{"chainKey":{"counter":0,"key":"HY08AaUO3xg/4kN+AlsExv1VusPMQ3Eno6m2QqAodqc="},"chainType":2,"messageKeys":{}},"BTaNHtk9n5tvCxoABVfuZJtdfjgETf6uGI9dG3FoVqBo":{"chainKey":{"counter":-1,"key":"iL09p60RHcewKVcQAZ4A/Oq3JLT/GdqxdK7LcBS2URY="},"chainType":1,"messageKeys":{}}}}},"version":"v1"}