{"_sessions":{"BYMTwsEzrM54ArlLtTiQdDqRWzj/MEtXhHl03vryaX5v":{"registrationId":1505097137,"currentRatchet":{"ephemeralKeyPair":{"pubKey":"BVr3LPP6RLCDsLJoSqkZvRimVN8zXFP3s33CnfhvqfQD","privKey":"iPGp8EjtQaM6Vp5RBNnT8pG3pkMnVSRhgzXsaxu9fGU="},"lastRemoteEphemeralKey":"BfMJNokefOf7V9Umr0eIMLJBqF73grjNqMsWvk8qffMM","previousCounter":0,"rootKey":"ZYISKeX7WRA16KPoOLKQV+ZCW+mXnuYWXMXkgpd7v24="},"indexInfo":{"baseKey":"BYMTwsEzrM54ArlLtTiQdDqRWzj/MEtXhHl03vryaX5v","baseKeyType":1,"closed":-1,"used":1741891618225,"created":1741891618225,"remoteIdentityKey":"BcC3awP3AOQ023lSrmC98PUaLm6RFCKvqisJ5f/R1N4Z"},"_chains":{"BVr3LPP6RLCDsLJoSqkZvRimVN8zXFP3s33CnfhvqfQD":{"chainKey":{"counter":1,"key":"fxlAnRlq+v+W18scg23B4b4mw+O7Ouvy4q91M+XuR9k="},"chainType":1,"messageKeys":{}}},"pendingPreKey":{"signedKeyId":6,"baseKey":"BYMTwsEzrM54ArlLtTiQdDqRWzj/MEtXhHl03vryaX5v","preKeyId":13761389}}},"version":"v1"}