{"_sessions":{"BVduoSVWICHXYZScavA5k04foO+RD51WDna4in5jBRE6":{"registrationId":567258068,"currentRatchet":{"ephemeralKeyPair":{"pubKey":"BVTu6zzbeVCUHv0gt4X23t0yRFwFtFrTn/Jw3WirZUEJ","privKey":"UDYekmnEZQstNLcUcb28QBPMlk3u6SU9smSvgG3a7Uo="},"lastRemoteEphemeralKey":"Ba1ZpYqvEKJKxe2UInV8y2s5PI2eKJK9LfyanOGcjgdL","previousCounter":0,"rootKey":"ISvIOatG4jVORC4UgvVwwqKeD6gXAKZlcTIDLyIYE9k="},"indexInfo":{"baseKey":"BVduoSVWICHXYZScavA5k04foO+RD51WDna4in5jBRE6","baseKeyType":1,"closed":1741888636598,"used":1741877407705,"created":1741877407705,"remoteIdentityKey":"BXEAmby3AT8piB/t1ChvoDV9Ch/MzX0R36zWcHV3GbNb"},"_chains":{"BVTu6zzbeVCUHv0gt4X23t0yRFwFtFrTn/Jw3WirZUEJ":{"chainKey":{"counter":0,"key":"21Lnr/IDCw580tj1/cfTtblIvj2HRJDyCBiz8vbvLsA="},"chainType":1,"messageKeys":{}}},"pendingPreKey":{"signedKeyId":22,"baseKey":"BVduoSVWICHXYZScavA5k04foO+RD51WDna4in5jBRE6","preKeyId":2382294}},"BWdgojjAcYtD8DHJE6q6RsQw53A7veXm3/NR1eAC+a49":{"registrationId":567258068,"currentRatchet":{"ephemeralKeyPair":{"pubKey":"BS3BFwIhiAtmMLP4s9h0ed3jTO5UBbx+RjaZqaFfC2hY","privKey":"kAR4crVus5mlemFkB/jOlvBZ4Cg+3dfgXWlbQnXKuWk="},"lastRemoteEphemeralKey":"BXYw2QDVW0533V2bAIugPuBNesyprbEl7rv9bGSDChRe","previousCounter":0,"rootKey":"Jn4+dq/3ifuOJ+Z28M6HHLGaFDcx5B5j9/LJGPgMcp4="},"indexInfo":{"baseKey":"BWdgojjAcYtD8DHJE6q6RsQw53A7veXm3/NR1eAC+a49","baseKeyType":2,"closed":-1,"used":1741888636598,"created":1741888636598,"remoteIdentityKey":"BXEAmby3AT8piB/t1ChvoDV9Ch/MzX0R36zWcHV3GbNb"},"_chains":{"BXYw2QDVW0533V2bAIugPuBNesyprbEl7rv9bGSDChRe":{"chainKey":{"counter":0,"key":"uNKQFdyLi0n0UXIfQ0/GXqQXN1arOssCO4H3ooKCWSE="},"chainType":2,"messageKeys":{}},"BS3BFwIhiAtmMLP4s9h0ed3jTO5UBbx+RjaZqaFfC2hY":{"chainKey":{"counter":-1,"key":"dpYGPMNIyToNVVqW2AkkjP0Q2vGwyctcfweh3IbQRjQ="},"chainType":1,"messageKeys":{}}}}},"version":"v1"}