{"_sessions":{"BcOZVT5tBXSYCVEcp0ob/+J8S9rwFhLkoOLWhEIyj/Fl":{"registrationId":893896515,"currentRatchet":{"ephemeralKeyPair":{"pubKey":"BdhBJYIH+KIU7NzoBkN0MBLYZ4JB74d3NX3/x8ZBLiYy","privKey":"SPuNXV+IWok4ozxXfYUDXmzC1N7hnwKyewD9oPODzGE="},"lastRemoteEphemeralKey":"BcVvZ6WhAeia5DNgw4CjVT+XeasuZzSpOAa0o3/+OMNk","previousCounter":0,"rootKey":"Mxz3VHQxj4DO/33QyzIm9DUFYJ39ZkhLl+Vbna811zo="},"indexInfo":{"baseKey":"BcOZVT5tBXSYCVEcp0ob/+J8S9rwFhLkoOLWhEIyj/Fl","baseKeyType":2,"closed":-1,"used":1741874126331,"created":1741874126331,"remoteIdentityKey":"BabLTCz1yDtj8k5ev3EOQfdpQOg+zcPoPQViTfwjGgZS"},"_chains":{"BcVvZ6WhAeia5DNgw4CjVT+XeasuZzSpOAa0o3/+OMNk":{"chainKey":{"counter":1,"key":"erNOSv/M2xuXM6aJgpMT/7qzHPl/x5yROHvN/9A1gQ8="},"chainType":2,"messageKeys":{}},"BdhBJYIH+KIU7NzoBkN0MBLYZ4JB74d3NX3/x8ZBLiYy":{"chainKey":{"counter":-1,"key":"/OCkJqNWphOKTK59eawiTk4BwKFTxU6h8xXi1BJFBuY="},"chainType":1,"messageKeys":{}}}}},"version":"v1"}