{"_sessions":{"BSJopN9U6LRQFfwjvcQyfPjXdjUdAg5BPaVlBFW18WNZ":{"registrationId":431751144,"currentRatchet":{"ephemeralKeyPair":{"pubKey":"BTXdwdVWjkcP4g9rFrbPIAF3lFC4ucxOk/V1h3cXj6MF","privKey":"YLtDEeiIpVRzjlvREH8gVPU3Tp2cZmNGOArhFXARf0o="},"lastRemoteEphemeralKey":"BYoygCN+5gwxl+DYwASM2uS5wLFZ7G1AYaqwOeeIGLJs","previousCounter":0,"rootKey":"ULH7TVay4AeDgA9a+1tO+bizzcT03pJfLQq+B8MZx30="},"indexInfo":{"baseKey":"BSJopN9U6LRQFfwjvcQyfPjXdjUdAg5BPaVlBFW18WNZ","baseKeyType":2,"closed":-1,"used":1741955674254,"created":1741955674254,"remoteIdentityKey":"BUYMj0zqqDuteSxrTT1Tx8MP6EhV6QSUQ7+4VjM4cM0K"},"_chains":{"BYoygCN+5gwxl+DYwASM2uS5wLFZ7G1AYaqwOeeIGLJs":{"chainKey":{"counter":0,"key":"CMmiyw541LfwORCZ5NlJGJmjW7JtH3ZwmSx9MR1zWMQ="},"chainType":2,"messageKeys":{}},"BTXdwdVWjkcP4g9rFrbPIAF3lFC4ucxOk/V1h3cXj6MF":{"chainKey":{"counter":-1,"key":"+MW+i9ULmDZYML+5UVh67+PZo1+c8pPXVYwy9aUUaEY="},"chainType":1,"messageKeys":{}}}}},"version":"v1"}