{"_sessions":{"BdArerY+TkJ2cnoCA33iCL+EIqnpGI4+c9W3uBRr9opH":{"registrationId":1682050256,"currentRatchet":{"ephemeralKeyPair":{"pubKey":"BRvkQvftIFxcOOeu6HIJzD1cOPf2Og2E1EssVE59r9YP","privKey":"SDc5KL+mL3TXOjPFvdgfMPvZtb5WGqDXYwcmnqM6vnE="},"lastRemoteEphemeralKey":"Be9l2M5UuZJXfGVjXtA9FsEoU8aBXsB8koZ0H61JlKcR","previousCounter":1,"rootKey":"60mHDjTMmkLUY3h7NupGhD1svXWmc/vKpMC7Hf6YxYY="},"indexInfo":{"baseKey":"BdArerY+TkJ2cnoCA33iCL+EIqnpGI4+c9W3uBRr9opH","baseKeyType":1,"closed":-1,"used":1741955673102,"created":1741875237818,"remoteIdentityKey":"BabgEQgzM+HaUYAQQvPv1S6tDwNBaZyawzpqdVZ7G24E"},"_chains":{"Be9l2M5UuZJXfGVjXtA9FsEoU8aBXsB8koZ0H61JlKcR":{"chainKey":{"counter":1,"key":"RSeKJgs41X7RYWqbkkKo63gAsQ2542MN9o/DVk/prAo="},"chainType":2,"messageKeys":{}},"BRvkQvftIFxcOOeu6HIJzD1cOPf2Og2E1EssVE59r9YP":{"chainKey":{"counter":-1,"key":"hPPv2u9Bs+ZT+SX7s4e0LHWQ/yN+sbqQJrx+iktYACM="},"chainType":1,"messageKeys":{}}}}},"version":"v1"}