{"_sessions":{"BQlOiqU+UGJI5JIqFfJKG+wSfpFuxRATnQQAka/NIKhc":{"registrationId":188,"currentRatchet":{"ephemeralKeyPair":{"pubKey":"BbNuqm8lY4fZtZK2dIaxMIOp+KAkwlWpuK1zZ7/WV8ER","privKey":"oNwWLRX41AAuy/LyH63RDfylb26SLE0nKNA9qb+sdXE="},"lastRemoteEphemeralKey":"BXBWDM9a2GqD1any/UwrWNWJYIk76CdewdX4PHMi5mMG","previousCounter":0,"rootKey":"SP8OLeml8gEHYpxeJL0LYoU3+lItyPEJDe3HG9TFUuk="},"indexInfo":{"baseKey":"BQlOiqU+UGJI5JIqFfJKG+wSfpFuxRATnQQAka/NIKhc","baseKeyType":1,"closed":-1,"used":1741875237766,"created":1741875237766,"remoteIdentityKey":"BbYEbgFJPSH0G4GW1ndomX88qpYR241o4GiJA6/lSg5L"},"_chains":{"BbNuqm8lY4fZtZK2dIaxMIOp+KAkwlWpuK1zZ7/WV8ER":{"chainKey":{"counter":1,"key":"KtKnQk9ry+/VTvRp8umUXbhynOidMRtMzdUaMvBwsI4="},"chainType":1,"messageKeys":{}}},"pendingPreKey":{"signedKeyId":1,"baseKey":"BQlOiqU+UGJI5JIqFfJKG+wSfpFuxRATnQQAka/NIKhc"}}},"version":"v1"}