{"_sessions":{"BQniRNJsNLayuNyAKmtkrC6MNe2QJTXhcfkPqWHrsX9J":{"registrationId":941007713,"currentRatchet":{"ephemeralKeyPair":{"pubKey":"BSOGEz/8HKUOA1VgGMd3r9f8708XvDrHMWamK+nYb1df","privKey":"EMPvadYKjJqcW4dUq36N/XQBGEB52Q6QaXPPVU3HMXE="},"lastRemoteEphemeralKey":"BRA1MfQjlGWscS1VQozcbfBPmnI1kGzyy7cqynqSqz1N","previousCounter":0,"rootKey":"vw7/cHb0K4iSIjZojeWCkiIKBC5kxWp8gi1JlW+ovzU="},"indexInfo":{"baseKey":"BQniRNJsNLayuNyAKmtkrC6MNe2QJTXhcfkPqWHrsX9J","baseKeyType":2,"closed":-1,"used":1741955677136,"created":1741955677136,"remoteIdentityKey":"BT3JJ1z//XDo3dukR5oDJOVvqNf5a/6BAISZYnbRNgAL"},"_chains":{"BRA1MfQjlGWscS1VQozcbfBPmnI1kGzyy7cqynqSqz1N":{"chainKey":{"counter":0,"key":"0VDBARPB6VPF/fC055eFRxREtSDAEJKuhBLzoSX1OHI="},"chainType":2,"messageKeys":{}},"BSOGEz/8HKUOA1VgGMd3r9f8708XvDrHMWamK+nYb1df":{"chainKey":{"counter":-1,"key":"NBsuM/Y0bgFxp3sGJ/BUYUMoENfrJ+R33rDUbueZSqc="},"chainType":1,"messageKeys":{}}}}},"version":"v1"}