{"_sessions":{"BReRth6k8j6SkBCyabs3eMakMF0gQQAGqkV9wcdMqIAU":{"registrationId":1741840888,"currentRatchet":{"ephemeralKeyPair":{"pubKey":"BfY4dk5UZNIeD708mxTONeI1uy6Ls2TNfmwvBSmxiFpC","privKey":"6BVXK7vqWy/qvXgha46WidUtSyD+YQJM6rDgROoK91o="},"lastRemoteEphemeralKey":"Bd0AsPwuP0hVc+cooCBTxvpLX9A7t0MxfHI1Y/I8lodB","previousCounter":0,"rootKey":"fhcBNV1IMHN495dcIqD5GIe9acyUzoBlWAQWf6j5gvE="},"indexInfo":{"baseKey":"BReRth6k8j6SkBCyabs3eMakMF0gQQAGqkV9wcdMqIAU","baseKeyType":1,"closed":-1,"used":1741877407690,"created":1741877407690,"remoteIdentityKey":"BXMrw5j1dvYepa/tkivXIBYZq+xCM0nct7g1G6DxOwlI"},"_chains":{"BfY4dk5UZNIeD708mxTONeI1uy6Ls2TNfmwvBSmxiFpC":{"chainKey":{"counter":0,"key":"VcAMjIzL8BGY5mGKjLnEWuuptyU2HNICzdGSjMmHt9E="},"chainType":1,"messageKeys":{}}},"pendingPreKey":{"signedKeyId":23,"baseKey":"BReRth6k8j6SkBCyabs3eMakMF0gQQAGqkV9wcdMqIAU","preKeyId":13271753}}},"version":"v1"}