{"_sessions":{"BZVV/W/2Bj3T0daCB301gHTQ/0oNrfuY4mzuTx/Vm2JG":{"registrationId":1982591186,"currentRatchet":{"ephemeralKeyPair":{"pubKey":"BSBWjNTnm4hWHHrkCQqJTmRzoE6eL4KU03EipciBz0JZ","privKey":"4ONiUBEYB6Epv0aJyDROMRqlGSbj/1Z+WyzFVUaHQHI="},"lastRemoteEphemeralKey":"BQIZUoYr8vcXVJV0Jycj5rhiM1LextnDCiqflBlD/v8W","previousCounter":0,"rootKey":"IENAHnMKjd7wmniEAPdJr0a03eVx5Ua5xS2ZM3VKnds="},"indexInfo":{"baseKey":"BZVV/W/2Bj3T0daCB301gHTQ/0oNrfuY4mzuTx/Vm2JG","baseKeyType":2,"closed":-1,"used":1741955673372,"created":1741955673372,"remoteIdentityKey":"BScc3/08itBqjt63ciUgBdr/WWdTUpfLQzj3SxzSURl0"},"_chains":{"BQIZUoYr8vcXVJV0Jycj5rhiM1LextnDCiqflBlD/v8W":{"chainKey":{"counter":0,"key":"3KLppW7DXlxhShE4GC9f/5iudUMj/Auazg1GRJ57jtU="},"chainType":2,"messageKeys":{}},"BSBWjNTnm4hWHHrkCQqJTmRzoE6eL4KU03EipciBz0JZ":{"chainKey":{"counter":-1,"key":"22m0ioVooFowb4bYTEnZgNSkY+ctPV2/DScGLzP8yMQ="},"chainType":1,"messageKeys":{}}}}},"version":"v1"}