{"_sessions":{"BVCNwstfk5bWLs6B9on+Yp9KMmkzwSFwzSagw+TGe0lp":{"registrationId":82952540,"currentRatchet":{"ephemeralKeyPair":{"pubKey":"BSZrWzbTp46lTvsyURl/pEwQJ9p2qADY1aXD8UM3cPcP","privKey":"gD7sWA2Q7mlp0LVJ+xB8W49LxEFrv9dLZXNNkvgmUWA="},"lastRemoteEphemeralKey":"BW5eHfp4lEJvtrjgm7FvcxPjOrCu+2JK0NmxY8QH9IQP","previousCounter":0,"rootKey":"V6o1M3dDVpCVCj5TixoSY+YT/qO1eJeYUgSolc8CWcQ="},"indexInfo":{"baseKey":"BVCNwstfk5bWLs6B9on+Yp9KMmkzwSFwzSagw+TGe0lp","baseKeyType":1,"closed":-1,"used":1741875237800,"created":1741875237800,"remoteIdentityKey":"BWZlil9hBSBH09AmIBg7cUyES7+TnseG070ApxRzqBI4"},"_chains":{"BSZrWzbTp46lTvsyURl/pEwQJ9p2qADY1aXD8UM3cPcP":{"chainKey":{"counter":1,"key":"6Rxdf9KxS7MOn/YkRzGbt6rkln40Q/NCgSOdXGM5h1U="},"chainType":1,"messageKeys":{}}},"pendingPreKey":{"signedKeyId":44,"baseKey":"BVCNwstfk5bWLs6B9on+Yp9KMmkzwSFwzSagw+TGe0lp","preKeyId":10665531}}},"version":"v1"}