{"_sessions":{"BWmaLoj/qJXnR9rArUHUIasSW2N76hw08mOISqjrJExc":{"registrationId":1963994680,"currentRatchet":{"ephemeralKeyPair":{"pubKey":"BatP3HUG4GYeZePsnYdIi7hgL4B0CXWJZOhyLLmdIDsy","privKey":"UHh/+VtPPLGxY9J57pChxF3RIajfHUN/yke/7bP3o10="},"lastRemoteEphemeralKey":"Bf1TmQ5O0pWy0LPaDq9Ce5/IiGiBp3sPPann9Yhjg+1t","previousCounter":0,"rootKey":"RAuKHwqGExQCY/Aln7ts87unCcNyC25qPHsijMml7i4="},"indexInfo":{"baseKey":"BWmaLoj/qJXnR9rArUHUIasSW2N76hw08mOISqjrJExc","baseKeyType":1,"closed":-1,"used":1741877407669,"created":1741877407669,"remoteIdentityKey":"BURiErUMIcBtvwSFdjmvEGgRJeFq9BR/0PJjPwJvtoRq"},"_chains":{"BatP3HUG4GYeZePsnYdIi7hgL4B0CXWJZOhyLLmdIDsy":{"chainKey":{"counter":0,"key":"bfrwgebOoxoPOtBSYPOd1IepNTHrGkcuX/n5OWl6yi0="},"chainType":1,"messageKeys":{}}},"pendingPreKey":{"signedKeyId":45,"baseKey":"BWmaLoj/qJXnR9rArUHUIasSW2N76hw08mOISqjrJExc","preKeyId":13012187}}},"version":"v1"}