{"_sessions":{"Bal6/NNv3gQofhxeIKqRtTkwJLwSmbfF7bgslvAhBHIs":{"registrationId":11236,"currentRatchet":{"ephemeralKeyPair":{"pubKey":"BVJ1/AMxp5B74YFLxHSOeK4ghwEDswXQXgOsS2eggloC","privKey":"SKV7UC2uZ8f26HIgifxJZs2KN9/1dJX+fKvMCkHNUWg="},"lastRemoteEphemeralKey":"BY+nq8pdqy2fia+yJ18PxlO7Xjq8B285Po7WlHy4PN5N","previousCounter":0,"rootKey":"weSfAFV1qHXWeV07mATzG7RKRnfptPdDLnXNXUGQojQ="},"indexInfo":{"baseKey":"Bal6/NNv3gQofhxeIKqRtTkwJLwSmbfF7bgslvAhBHIs","baseKeyType":1,"closed":-1,"used":1741877407639,"created":1741877407639,"remoteIdentityKey":"Ba9tgZtSPGtCwfssdi76FyARo1ksFUk0gSwAqWkGMMhN"},"_chains":{"BVJ1/AMxp5B74YFLxHSOeK4ghwEDswXQXgOsS2eggloC":{"chainKey":{"counter":0,"key":"MZVyNcQvFvBLR/oXAB7eyjPGBYsGveCBcM+y5TLhu/8="},"chainType":1,"messageKeys":{}}},"pendingPreKey":{"signedKeyId":1,"baseKey":"Bal6/NNv3gQofhxeIKqRtTkwJLwSmbfF7bgslvAhBHIs"}}},"version":"v1"}