{"_sessions":{"Bf12cjSY5aHa8bo9F800EORXby1MFieip0yr8Kn5zZMp":{"registrationId":1586787902,"currentRatchet":{"ephemeralKeyPair":{"pubKey":"BdVPSUAmMl7FkHHvoJq7nA30f4CxqQ1DMhhressIV8po","privKey":"uPrRq4uku+zurT78P5bNujGWffd8lZaJ3M+lEfVjJ3s="},"lastRemoteEphemeralKey":"BeOrOPckE8hywOJ5NwXH3qlQVuPP5lzlvtVALIAL4c4r","previousCounter":0,"rootKey":"wZJwvKy7LBeyNPL6qcP+pS22MSSmoOvPVu9h4dVLJwg="},"indexInfo":{"baseKey":"Bf12cjSY5aHa8bo9F800EORXby1MFieip0yr8Kn5zZMp","baseKeyType":1,"closed":-1,"used":1741877407719,"created":1741877407719,"remoteIdentityKey":"BWWXG0N4PSKSpYHKbp4xkbZPloi9y8BQ41/l/XfFfb4l"},"_chains":{"BdVPSUAmMl7FkHHvoJq7nA30f4CxqQ1DMhhressIV8po":{"chainKey":{"counter":0,"key":"iOIAG99ZykJiyrcJo5t/+xZmxuDU9K4az8G4RpmBP2s="},"chainType":1,"messageKeys":{}}},"pendingPreKey":{"signedKeyId":14,"baseKey":"Bf12cjSY5aHa8bo9F800EORXby1MFieip0yr8Kn5zZMp","preKeyId":5725893}}},"version":"v1"}