{"_sessions":{"BWg8tyDeszLpHL0/ceTcJrtXBHuHtGqCY/WSiStqpvpS":{"registrationId":1586184130,"currentRatchet":{"ephemeralKeyPair":{"pubKey":"BU0vaY86CWPkeVrHS6dJggWk1J+/mkDNfATn16tiQHh5","privKey":"+MdC13NUBwyd1jpD+wuDJpvDftSwWgvvmZSLqMAPJVo="},"lastRemoteEphemeralKey":"BR4uK55d/alqvJ/fs306vTSzOMzhasEdDzY7uIUgzzEi","previousCounter":0,"rootKey":"4wwHJWwRG6QqT0TrnYHQyjbs53ynHD+mdxMUCc1PP+I="},"indexInfo":{"baseKey":"BWg8tyDeszLpHL0/ceTcJrtXBHuHtGqCY/WSiStqpvpS","baseKeyType":1,"closed":-1,"used":1741877407694,"created":1741877407694,"remoteIdentityKey":"BUWNrQX9k++lIsOpQ3dtSgOnmOSRdKXCvA/5zexrP7lb"},"_chains":{"BU0vaY86CWPkeVrHS6dJggWk1J+/mkDNfATn16tiQHh5":{"chainKey":{"counter":0,"key":"pirZRTIkkkW7XpbKDUtFlbnDUA72plRfC1XQqcE4Yvc="},"chainType":1,"messageKeys":{}}},"pendingPreKey":{"signedKeyId":4,"baseKey":"BWg8tyDeszLpHL0/ceTcJrtXBHuHtGqCY/WSiStqpvpS","preKeyId":10154788}}},"version":"v1"}