{"_sessions":{"BSH3ZVeV2t42HJHAduIQskjaC8kizBI67xXqb/CxUlR9":{"registrationId":983,"currentRatchet":{"ephemeralKeyPair":{"pubKey":"BWDczx11btFta8lAQjh9q8OJKyxt8CfpcGZFZw1lQFpO","privKey":"IAuGoHc9xTMRGMsnS4yTM8q9Niev+iva3GE6UKTn7lk="},"lastRemoteEphemeralKey":"BSHnaxdetRVFBNg/dMxFZ5pNpQSNa4CTanAwuO0TCpFF","previousCounter":0,"rootKey":"UP7Rdssim0YOhrjwXD9OeOVfh2JQyk0n5mt5UhUQTXE="},"indexInfo":{"baseKey":"BSH3ZVeV2t42HJHAduIQskjaC8kizBI67xXqb/CxUlR9","baseKeyType":1,"closed":-1,"used":1741877407627,"created":1741877407627,"remoteIdentityKey":"BVLocSH6nlfSm20FoFYQsK+xVDcAyhqSRXwfaTlD+zxS"},"_chains":{"BWDczx11btFta8lAQjh9q8OJKyxt8CfpcGZFZw1lQFpO":{"chainKey":{"counter":0,"key":"3VdI/PlY8dYO36ovJfjweMtdXAg4tvqg4jcKnie/96g="},"chainType":1,"messageKeys":{}}},"pendingPreKey":{"signedKeyId":1,"baseKey":"BSH3ZVeV2t42HJHAduIQskjaC8kizBI67xXqb/CxUlR9"}}},"version":"v1"}