{"_sessions":{"Bc+j5lxfUQXCueehQGZzxNpziwh8tUDdy0yFFP1CdPwV":{"registrationId":1859967245,"currentRatchet":{"ephemeralKeyPair":{"pubKey":"BZZT7zfSGIIQ3vqKifmotRAiBwFrtUkepjjOedSY9FNo","privKey":"8C4Fgg0x/oLK+X4Yka5dRggQLUQTdIm0zZ2OgSKmLF0="},"lastRemoteEphemeralKey":"BXjnqNskFALzFDTaucGuAkZdHO5mqnnLALn/ZFDukN5X","previousCounter":0,"rootKey":"LTFR0O2DKO33+NJ3/aH/W1jpGCdtiv09ZsnJXLDkbow="},"indexInfo":{"baseKey":"Bc+j5lxfUQXCueehQGZzxNpziwh8tUDdy0yFFP1CdPwV","baseKeyType":1,"closed":-1,"used":1741877407653,"created":1741877407653,"remoteIdentityKey":"BTHFYzBt0m0s15YbAmXfhDRDDk6jl9qAD27IiUkmyAkF"},"_chains":{"BZZT7zfSGIIQ3vqKifmotRAiBwFrtUkepjjOedSY9FNo":{"chainKey":{"counter":0,"key":"jMkCt21HvAhcSuTSzDN77fh1cHTSxLQFq54ivifftXA="},"chainType":1,"messageKeys":{}}},"pendingPreKey":{"signedKeyId":2,"baseKey":"Bc+j5lxfUQXCueehQGZzxNpziwh8tUDdy0yFFP1CdPwV","preKeyId":1995}}},"version":"v1"}