{"_sessions":{"BUkMHcJ4XUDb5uMiDxlGXAqkqRn7vgC4ps1cdXxj3RFc":{"registrationId":378329722,"currentRatchet":{"ephemeralKeyPair":{"pubKey":"Bb0JfGBYYQvzXnmwwB8CkZeqkSOaMu2kV8MuQ7GruAQI","privKey":"OI75ruzCxhSvv5pjZ5QNYWOVUcAOS0SdkHzXtgrliX8="},"lastRemoteEphemeralKey":"BZLRzPPVYr0E2CNMvRBD9PGFcmFb/o3PCuYJy7JX9L8C","previousCounter":0,"rootKey":"aFxqgC7t0qnFwzntOP7DNYHM3mpjCBV16qID6ys+71E="},"indexInfo":{"baseKey":"BUkMHcJ4XUDb5uMiDxlGXAqkqRn7vgC4ps1cdXxj3RFc","baseKeyType":1,"closed":-1,"used":1741874424794,"created":1741874424794,"remoteIdentityKey":"BeiZNMoks74nfUodad/gPaKfrQtOMJ1XwpiziA2wvC8a"},"_chains":{"Bb0JfGBYYQvzXnmwwB8CkZeqkSOaMu2kV8MuQ7GruAQI":{"chainKey":{"counter":2,"key":"BPRN3ZWwOPssn+3b3rbHXtQdpk3jYtc7H8DMb3RtxZc="},"chainType":1,"messageKeys":{}}},"pendingPreKey":{"signedKeyId":34,"baseKey":"BUkMHcJ4XUDb5uMiDxlGXAqkqRn7vgC4ps1cdXxj3RFc","preKeyId":528295}}},"version":"v1"}