{"_sessions":{"BV5QCe+3udoHpGoh4zWpBcfFpb/AiiOpgCWmYKBZDkIn":{"registrationId":311247559,"currentRatchet":{"ephemeralKeyPair":{"pubKey":"BXVneErschTMv/HnvVWM0KnCjmHDDPDq4y6Wsa6Q1AFl","privKey":"qEvdv3tu4c98IIWozLmEf2V4WxpDQFfaoGaCubwB1WM="},"lastRemoteEphemeralKey":"BZsqcN4/UnU4CVGLpM5rVknHLFhaZ8fRRKvcr0ejQmRV","previousCounter":0,"rootKey":"v4vrX80X6gbODFafpfTq+6xuo1bGVtd/vBDiwx4kDdw="},"indexInfo":{"baseKey":"BV5QCe+3udoHpGoh4zWpBcfFpb/AiiOpgCWmYKBZDkIn","baseKeyType":1,"closed":-1,"used":1741874424784,"created":1741874424784,"remoteIdentityKey":"BWk4cKN4MFEiGQc2AsfvlvbokPwZiN/3jrQ+3R/kvI1N"},"_chains":{"BXVneErschTMv/HnvVWM0KnCjmHDDPDq4y6Wsa6Q1AFl":{"chainKey":{"counter":2,"key":"FXt+sRMWXujzFMwGVUMymLNgzg2YE5TFVbgTbMTyhSs="},"chainType":1,"messageKeys":{}}},"pendingPreKey":{"signedKeyId":12,"baseKey":"BV5QCe+3udoHpGoh4zWpBcfFpb/AiiOpgCWmYKBZDkIn","preKeyId":11790879}}},"version":"v1"}