{"_sessions":{"BSAQpQFam5qFx6mK2Jw/m1elYvMTEfziyVhCmJSfNoRt":{"registrationId":1159097467,"currentRatchet":{"ephemeralKeyPair":{"pubKey":"BSdlWxSiYtg6u6sZUbInTGBpVzWwfu4T1i/Va9Wm6+Bu","privKey":"EK7M0rDNNxNB0qDaiEHDMZj3CY1j/KppUvq04pvlIm8="},"lastRemoteEphemeralKey":"BXnJ7XVPYk7mBqLA9LlScbHth5ZR0+V7ZKu7gfbCkxhe","previousCounter":0,"rootKey":"oi4iJZGhcxMThlc5WOfQ/Z1AJb/EOdN2Ay9fAVS2TEk="},"indexInfo":{"baseKey":"BSAQpQFam5qFx6mK2Jw/m1elYvMTEfziyVhCmJSfNoRt","baseKeyType":1,"closed":-1,"used":1741874424798,"created":1741874424798,"remoteIdentityKey":"BaFWK4OvCbGfcSH69xnC7mbzLTdRkXWzwsK1shGh+2U2"},"_chains":{"BSdlWxSiYtg6u6sZUbInTGBpVzWwfu4T1i/Va9Wm6+Bu":{"chainKey":{"counter":2,"key":"Nw1ueAoysVy1eQiIWCDYqjl2h2eqQkiP+rNYZngTp34="},"chainType":1,"messageKeys":{}}},"pendingPreKey":{"signedKeyId":34,"baseKey":"BSAQpQFam5qFx6mK2Jw/m1elYvMTEfziyVhCmJSfNoRt","preKeyId":3689355}}},"version":"v1"}