{"_sessions":{"BSIOyjT5YXDN980WTz7bg6ISwkVTiuoR5d4y+C8vpog+":{"registrationId":1127998040,"currentRatchet":{"ephemeralKeyPair":{"pubKey":"BesAicAN9+UkPENtogDUR6x/zPG1zWpExXEpDVEteNdj","privKey":"gEglL9V3WlXL7z3DZ5EJya5NHzXyfkCWlxa/eC0bUUY="},"lastRemoteEphemeralKey":"BRkWwhcoPQnCyh/SxKWUSDttg2F57+euh+lqMXpEaeIX","previousCounter":0,"rootKey":"WmaFRVbEjpqMeo0r+5oC8kn+BAabC5Ryu9RFK3c/is8="},"indexInfo":{"baseKey":"BSIOyjT5YXDN980WTz7bg6ISwkVTiuoR5d4y+C8vpog+","baseKeyType":2,"closed":-1,"used":1741874087037,"created":1741874087037,"remoteIdentityKey":"BRZhR4hnoXMCt3oPha0jg/GRBjbdHUYlafFSbX8YKWEl"},"_chains":{"BRkWwhcoPQnCyh/SxKWUSDttg2F57+euh+lqMXpEaeIX":{"chainKey":{"counter":0,"key":"We9/tCYmv0TXR2EeeYuz2ERxW0WP47QJAkMNyWOOilU="},"chainType":2,"messageKeys":{}},"BesAicAN9+UkPENtogDUR6x/zPG1zWpExXEpDVEteNdj":{"chainKey":{"counter":-1,"key":"DFxIldomSmQIT6rDumv0IJf/7LeXp3aiXEEhDzWCSKY="},"chainType":1,"messageKeys":{}}}}},"version":"v1"}