{"_sessions":{"BfXKJ90aVT3h0uVlNEAWJr2hzLxviCiaAxdov8vLl7kg":{"registrationId":1533189941,"currentRatchet":{"ephemeralKeyPair":{"pubKey":"BWJqC11TxQzaiLc4FNymm/McarugRufwVHxns/jHlQlu","privKey":"KHIyHI1ceRMlUN9rrDZuh7CLG3Q7Ua8CF2KhsffQMHc="},"lastRemoteEphemeralKey":"BSyyhcOialfi51as/STyhw0fx4P3aXQzTm/now00ctk6","previousCounter":0,"rootKey":"A4VExNrqgcmweh2y8yVu36aYwr++S9qZ9oqQQ5ack8M="},"indexInfo":{"baseKey":"BfXKJ90aVT3h0uVlNEAWJr2hzLxviCiaAxdov8vLl7kg","baseKeyType":1,"closed":-1,"used":1741877407726,"created":1741877407726,"remoteIdentityKey":"BeCm2lcPaU+N/Acjbo9Ton04I569o7V8WbYfE/9Xv0Jz"},"_chains":{"BWJqC11TxQzaiLc4FNymm/McarugRufwVHxns/jHlQlu":{"chainKey":{"counter":0,"key":"c6TO4G8LjP6CsP7sv9fDWRMC/dgiCwQfiKC5TrsgJZw="},"chainType":1,"messageKeys":{}}},"pendingPreKey":{"signedKeyId":2,"baseKey":"BfXKJ90aVT3h0uVlNEAWJr2hzLxviCiaAxdov8vLl7kg","preKeyId":8212256}}},"version":"v1"}