{"_sessions":{"BUxcQvTlJjQiUoiGDUFaOW2WkdkLayzjxJf4lRYp1iUB":{"registrationId":1610054455,"currentRatchet":{"ephemeralKeyPair":{"pubKey":"BZP0Nlf6lx/DuA73T1UVdWAKil4WUebOp7EhpkFq4Z0p","privKey":"2IGqJvlFV5obrMI/5W+WG/R1ShZgZmzLBRBbL9mNqmQ="},"lastRemoteEphemeralKey":"BftZci45sE7CWYliwEtImpJTssnqVVRdPSZvajdAwaZQ","previousCounter":0,"rootKey":"H5BKmjEMS+3i3DBeAsseKgLlg9KssK8H2Ax98ObTKpc="},"indexInfo":{"baseKey":"BUxcQvTlJjQiUoiGDUFaOW2WkdkLayzjxJf4lRYp1iUB","baseKeyType":1,"closed":-1,"used":1741875237804,"created":1741875237804,"remoteIdentityKey":"BURHWIx52lA5sStpbvg8FGxTXZfwSj+NkAms18+UMKVV"},"_chains":{"BZP0Nlf6lx/DuA73T1UVdWAKil4WUebOp7EhpkFq4Z0p":{"chainKey":{"counter":1,"key":"ll7CHOLHc3XL24/X3vNuDg0s8XXkoMMehOCuBQBCX+c="},"chainType":1,"messageKeys":{}}},"pendingPreKey":{"signedKeyId":3,"baseKey":"BUxcQvTlJjQiUoiGDUFaOW2WkdkLayzjxJf4lRYp1iUB","preKeyId":474020}}},"version":"v1"}