{"_sessions":{"BVXTdG235/lJUoHd7ZrSsV04ZTJ1fY3Ybg565hhsrhdx":{"registrationId":266870005,"currentRatchet":{"ephemeralKeyPair":{"pubKey":"BcyCFczp2AebH2O6Osc5AuLq5uLJs3UxTQ9HBQSvK0sk","privKey":"sG4em9Pjmccpk7MTDngu+VfFUPWFMzoaDmYP7ZNOdl8="},"lastRemoteEphemeralKey":"BZfjyai9YV6Rw3u6zM3q9ZuLm1blOjYVzf33Qcdwobw4","previousCounter":0,"rootKey":"BUMveRiSJVfhhW5EtY6Ls3tJLPwtopVnGi5UVo6RztE="},"indexInfo":{"baseKey":"BVXTdG235/lJUoHd7ZrSsV04ZTJ1fY3Ybg565hhsrhdx","baseKeyType":1,"closed":-1,"used":1741875237781,"created":1741875237781,"remoteIdentityKey":"BSEZwVfHBXnzUgDj56VukrWbE/Q7f/aLEDxe2e2T6v8N"},"_chains":{"BcyCFczp2AebH2O6Osc5AuLq5uLJs3UxTQ9HBQSvK0sk":{"chainKey":{"counter":1,"key":"YBBqkU3vikdEmxo3j//QfgshgRQ7uV0HRm+PrOW9ptw="},"chainType":1,"messageKeys":{}}},"pendingPreKey":{"signedKeyId":2,"baseKey":"BVXTdG235/lJUoHd7ZrSsV04ZTJ1fY3Ybg565hhsrhdx","preKeyId":6889876}}},"version":"v1"}