{"_sessions":{"BWnXhCl/n76RYoGEoYMzxI0VBfhWSpMZZVQfllU7l9t3":{"registrationId":726939965,"currentRatchet":{"ephemeralKeyPair":{"pubKey":"BYjrYv8vRSTTNVymadE32ki2I7art0wMudfBlo6Lns0L","privKey":"UKemZnRGx7KxFI7XNvDdGw4KsfPTXCvAZ0k3t4nAjks="},"lastRemoteEphemeralKey":"BWhM01jPTJY6A8BhIOxhPoOhaLYyVA7k+YE1nAsEeMQk","previousCounter":0,"rootKey":"cTLXRKhtxNlCe/cQPOfy8cY4gqGHLr0a3MAsnE3iR0E="},"indexInfo":{"baseKey":"BWnXhCl/n76RYoGEoYMzxI0VBfhWSpMZZVQfllU7l9t3","baseKeyType":2,"closed":-1,"used":1741956207945,"created":1741956207945,"remoteIdentityKey":"BZZYoyUMDn/8LaiyIyAMjabCLhPOwwCoQuESfeCnVBFE"},"_chains":{"BWhM01jPTJY6A8BhIOxhPoOhaLYyVA7k+YE1nAsEeMQk":{"chainKey":{"counter":0,"key":"bh9NYeWcORdJhThs+jgoFygJuQmu9joOC7LFXJEcjmY="},"chainType":2,"messageKeys":{}},"BYjrYv8vRSTTNVymadE32ki2I7art0wMudfBlo6Lns0L":{"chainKey":{"counter":-1,"key":"K9YgEipkV+C6IDaaCYvlgn3O/jCFxsF1axuBKd+i+JM="},"chainType":1,"messageKeys":{}}}}},"version":"v1"}