{"_sessions":{"BSMgmaGuS5XB9xaEtUjyQD9TlW9kxnQWnAnhC61EDTww":{"registrationId":2132255510,"currentRatchet":{"ephemeralKeyPair":{"pubKey":"BWGSDF0rJLx3rRUde0oL2R+68QG2VdyyK4f4+j8PVgo8","privKey":"4PhAeThpK/Clr4jY+YFMVaodw9FNPoLO/1ZPXwOEREE="},"lastRemoteEphemeralKey":"BbNcSgn4/ySs9RitNstp/Jfu19+wfK/3RgHCmAHilzNL","previousCounter":0,"rootKey":"AslYQHWBfezwrsRgFihYnTtOK3gt0fq2LQd6LxUspqA="},"indexInfo":{"baseKey":"BSMgmaGuS5XB9xaEtUjyQD9TlW9kxnQWnAnhC61EDTww","baseKeyType":1,"closed":-1,"used":1741877407676,"created":1741877407676,"remoteIdentityKey":"BVsb+NTjUApLg3WMU8uBS4yOSwsLiLHref8yplcF5IQt"},"_chains":{"BWGSDF0rJLx3rRUde0oL2R+68QG2VdyyK4f4+j8PVgo8":{"chainKey":{"counter":0,"key":"X5hcIeOcLe4jmQoOLbbK+qMQJv2jD27EtjxxZCZMnSw="},"chainType":1,"messageKeys":{}}},"pendingPreKey":{"signedKeyId":31,"baseKey":"BSMgmaGuS5XB9xaEtUjyQD9TlW9kxnQWnAnhC61EDTww","preKeyId":7858441}}},"version":"v1"}