{"_sessions":{"BX7N9T7Bg3DRPcBVr2ce2Bf5mUVP0U633dApZs8N5KZf":{"registrationId":226,"currentRatchet":{"ephemeralKeyPair":{"pubKey":"BWCCRzX+HXCO+OaGC/wGymoCP5tTJsUa3Z4+IaKaY6Z0","privKey":"WL+88Z3LKGojfinHyJnC0nuig3kPUPkA40xcQL4hKUM="},"lastRemoteEphemeralKey":"BS0EcBQhady38FgsHWXDM1wWuFEq4+mGvcrxfpf8MxYy","previousCounter":0,"rootKey":"vwR8Pio/NAF2Xe/OxtOvH07TIYbgnA9s4P7H9i+5rMc="},"indexInfo":{"baseKey":"BX7N9T7Bg3DRPcBVr2ce2Bf5mUVP0U633dApZs8N5KZf","baseKeyType":2,"closed":-1,"used":1741877411215,"created":1741877411215,"remoteIdentityKey":"BcmFurs84KfWDK3pmmnWoGXpyN/wHPa3DEdjYMb4D+pP"},"_chains":{"BS0EcBQhady38FgsHWXDM1wWuFEq4+mGvcrxfpf8MxYy":{"chainKey":{"counter":0,"key":"CBLFwBvj20owGGkkAQ3LJtT5OvJxcxcDDA9gyefD20Y="},"chainType":2,"messageKeys":{}},"BWCCRzX+HXCO+OaGC/wGymoCP5tTJsUa3Z4+IaKaY6Z0":{"chainKey":{"counter":0,"key":"0/PdPiHPlmCFFzZlKCQsSMKi25WWe8V+1z7rvM0lZzg="},"chainType":1,"messageKeys":{}}}}},"version":"v1"}