{"_sessions":{"BbdJTNtmVSeu3tdnBEU+WhNK5M504gfAAW/JNOFVcg9n":{"registrationId":247,"currentRatchet":{"ephemeralKeyPair":{"pubKey":"BQN0HZ9Rc5KAC3bHg5wGtfTnav1690tpyNstOHNnDdAB","privKey":"IG8QXVaFs65OBLnNlhQ/36gkxIdQkpbPJU2MuqiqTFo="},"lastRemoteEphemeralKey":"BWMnQh8YuShsYAPpEbsIF2s6EWcoHR4ESYVJorlcAlgT","previousCounter":0,"rootKey":"qQkqwrMVastX2JGOUfhOg0KQ2BixUpZTYOPCar+dqXo="},"indexInfo":{"baseKey":"BbdJTNtmVSeu3tdnBEU+WhNK5M504gfAAW/JNOFVcg9n","baseKeyType":1,"closed":-1,"used":1741875237767,"created":1741875237767,"remoteIdentityKey":"BRoI89P1xL1hvVKKkzqp1xP7v+ykmnSoVh2+KQfJPuMQ"},"_chains":{"BQN0HZ9Rc5KAC3bHg5wGtfTnav1690tpyNstOHNnDdAB":{"chainKey":{"counter":1,"key":"LpV9k5JjM3S38wh0b+bn8jSGTT0UBiTGNBlznhJC++U="},"chainType":1,"messageKeys":{}}},"pendingPreKey":{"signedKeyId":1,"baseKey":"BbdJTNtmVSeu3tdnBEU+WhNK5M504gfAAW/JNOFVcg9n"}}},"version":"v1"}