{"_sessions":{"BZjmDLoHssMknbKU7DiyRXGD8/q8a2ZnQLwwwOLZqkg0":{"registrationId":1903460313,"currentRatchet":{"ephemeralKeyPair":{"pubKey":"BSHNfgbA546vQHphC3hpNI8dkYhDUW+OmDL6c8+sQGw2","privKey":"iDbCpITc9nwJO8quKnmq1tOaHYd02kEK1BHZ0B3eGXg="},"lastRemoteEphemeralKey":"BUZybLh2FJcCzEaHO+vh8BJQf/4U88x53/R/qsMSCAAk","previousCounter":0,"rootKey":"7UmPOK3GfJpdaKy5olLhzHczAq8LwgHk7PyUFBwJnhE="},"indexInfo":{"baseKey":"BZjmDLoHssMknbKU7DiyRXGD8/q8a2ZnQLwwwOLZqkg0","baseKeyType":1,"closed":-1,"used":1741875237787,"created":1741875237787,"remoteIdentityKey":"BTm262FzmdIsOoztAwIRsZUe8qYapDIHcmv9+eHVClBx"},"_chains":{"BSHNfgbA546vQHphC3hpNI8dkYhDUW+OmDL6c8+sQGw2":{"chainKey":{"counter":1,"key":"xPHKIDm7gXi1VVsLuRz4eINXZRA2xG41TMsRTt5rNVA="},"chainType":1,"messageKeys":{}}},"pendingPreKey":{"signedKeyId":0,"baseKey":"BZjmDLoHssMknbKU7DiyRXGD8/q8a2ZnQLwwwOLZqkg0","preKeyId":1509516}}},"version":"v1"}