{"_sessions":{"BdT10P+Nx9XAo0Qv2MA9hfC7znpvtBSoe6dSsH8Kql4I":{"registrationId":680534652,"currentRatchet":{"ephemeralKeyPair":{"pubKey":"Ba7oReU0r+0aebJaBtMQcDV3qq7v50wK1ggcLg5cfVE0","privKey":"UKpnFKN2LVlk0cIWgYf1LtISWlVLRBbF5pQqsDAq504="},"lastRemoteEphemeralKey":"BcIAIY+3DjZ+l/luomC0zXSkeuZQr2fyx5NeYdEJ+dwF","previousCounter":0,"rootKey":"4QLjeZ66Nn3zPAVG3AQM8yNu25x5DQKIF1HGKycW948="},"indexInfo":{"baseKey":"BdT10P+Nx9XAo0Qv2MA9hfC7znpvtBSoe6dSsH8Kql4I","baseKeyType":2,"closed":-1,"used":1741955673422,"created":1741955673422,"remoteIdentityKey":"BbdXHBOzmuOjNJREGTukDOMghgaX+ODYtNiubuQji6Vv"},"_chains":{"BcIAIY+3DjZ+l/luomC0zXSkeuZQr2fyx5NeYdEJ+dwF":{"chainKey":{"counter":0,"key":"+21iT2fEm48IMgIX4mtK6oN0LuJtgjm3SrVgbu2dMuE="},"chainType":2,"messageKeys":{}},"Ba7oReU0r+0aebJaBtMQcDV3qq7v50wK1ggcLg5cfVE0":{"chainKey":{"counter":-1,"key":"OA3W+S8Clsrin/ymJIYlcIZvsbczGZ5vU4akHRN21sU="},"chainType":1,"messageKeys":{}}}}},"version":"v1"}