{"_sessions":{"BThNBLAMhWCmP0Wynby9ehBFjL7ZIzOHQt6VJLxvBOsK":{"registrationId":206274056,"currentRatchet":{"ephemeralKeyPair":{"pubKey":"BRDlGdPWj96y50GFhzst60Gjf38HNMwdsauXIQNhMqRa","privKey":"mHoZBYGZ/gVOsgw6k3hVg+aiemdGvqFosPiCIa/DOF4="},"lastRemoteEphemeralKey":"BbacdnI5ERl2V1d7y/RjAbKo6Y+VaVjFPEBL897o1XY7","previousCounter":0,"rootKey":"CvzWBoS+LM0QNPFEFyXVBYP2Z0oPLe0lBTQf0EKap2Q="},"indexInfo":{"baseKey":"BThNBLAMhWCmP0Wynby9ehBFjL7ZIzOHQt6VJLxvBOsK","baseKeyType":1,"closed":-1,"used":1741877407631,"created":1741877407631,"remoteIdentityKey":"BQTDDTe5zwPr2o372sdKvytFxSFsr2epxq8qreAxNq4a"},"_chains":{"BRDlGdPWj96y50GFhzst60Gjf38HNMwdsauXIQNhMqRa":{"chainKey":{"counter":0,"key":"LWZPYqZhXrV4blphEOvDMGNszvjgoQyaETdKrLG5cBg="},"chainType":1,"messageKeys":{}}},"pendingPreKey":{"signedKeyId":7,"baseKey":"BThNBLAMhWCmP0Wynby9ehBFjL7ZIzOHQt6VJLxvBOsK","preKeyId":3847}}},"version":"v1"}