{"_sessions":{"BeRkskyziF07TdUIZuuBTR4VtPegmNN5eR9VI1T2e6Ub":{"registrationId":186,"currentRatchet":{"ephemeralKeyPair":{"pubKey":"BQtCKJGcQZ28qbpNbAzdyJgc/W8AB0nHqPDURX+onxU/","privKey":"cOysUWkYbX8VXqhqVPOfTGLowWjCfDPeiDPKjk6s/3I="},"lastRemoteEphemeralKey":"BQJxvrfXrA/sWFyZs+qzV6odHA+kh2XqnCKxcAqzlwd4","previousCounter":0,"rootKey":"6WXR27lQ89NZNhoPnrXqUErDMp/QbfrgzHs6nQtRCxE="},"indexInfo":{"baseKey":"BeRkskyziF07TdUIZuuBTR4VtPegmNN5eR9VI1T2e6Ub","baseKeyType":1,"closed":-1,"used":1741875237771,"created":1741875237771,"remoteIdentityKey":"BU+ZpVyM2OK2YrLB/CKoBik1h6HdC6ZOiLz/vFBnGCRi"},"_chains":{"BQtCKJGcQZ28qbpNbAzdyJgc/W8AB0nHqPDURX+onxU/":{"chainKey":{"counter":1,"key":"Go1ijFp3slq1RPXFoLdWxpglizeKxYyNG7BwslFrdJI="},"chainType":1,"messageKeys":{}}},"pendingPreKey":{"signedKeyId":1,"baseKey":"BeRkskyziF07TdUIZuuBTR4VtPegmNN5eR9VI1T2e6Ub"}}},"version":"v1"}