{"_sessions":{"BaA44nlSlRfoLrILVsz81lqsgT/tkJS40uNK4oVNX2w4":{"registrationId":1824177611,"currentRatchet":{"ephemeralKeyPair":{"pubKey":"BeCujN26q25zVV4z3g6VCYtZDOUS6D0LF4e8H5ILXHQz","privKey":"+DejEzE1LK/WcZb7X66YAPL+f0aMPdUyci99MF3UgXY="},"lastRemoteEphemeralKey":"BaQI0o5yRf5u+pmVJ6rv48rBgTeDk2Gn5c0ORm5zLLUV","previousCounter":2,"rootKey":"mjwcaP6MbWgsb8YEzOPj/K9P6VYaMqkYOFGpUIUQ8Rk="},"indexInfo":{"baseKey":"BaA44nlSlRfoLrILVsz81lqsgT/tkJS40uNK4oVNX2w4","baseKeyType":1,"closed":-1,"used":1741955670365,"created":1741874424792,"remoteIdentityKey":"BUZhtMutsD1i7/KMC77B1WK3tEHTSNwNH6igTVkdFtBP"},"_chains":{"BaQI0o5yRf5u+pmVJ6rv48rBgTeDk2Gn5c0ORm5zLLUV":{"chainKey":{"counter":0,"key":"dINVWs+O4c0srTmJ2ijTjfHrVwsKdPvjHm4FlcOESIo="},"chainType":2,"messageKeys":{}},"BeCujN26q25zVV4z3g6VCYtZDOUS6D0LF4e8H5ILXHQz":{"chainKey":{"counter":-1,"key":"dZcbbzU+bdGa9iFgcOGe7DX42ks+QGjiIpnfecGtVtE="},"chainType":1,"messageKeys":{}}}}},"version":"v1"}