{"_sessions":{"BVll4QA0/bsZ4uPyUDUolBZNaZUNaWyjNQidOBHNpAgs":{"registrationId":1799315521,"currentRatchet":{"ephemeralKeyPair":{"pubKey":"BeYxOeSd6njjvlQWSZa9sFfcetzd5iAJ8ZyOsk+R36N/","privKey":"2Mx4DgdSeIxthXKr69s1mqqjo2J2dMJcygXVbHK2U1U="},"lastRemoteEphemeralKey":"BUXMQvGDUEAOQfLOrMfQjn8MtlUAjut0iBbz9JvzFWl2","previousCounter":0,"rootKey":"QjdD2fEuX5s+f2iH9qXT+Ccw5embr4nPx/0e1V9SPUQ="},"indexInfo":{"baseKey":"BVll4QA0/bsZ4uPyUDUolBZNaZUNaWyjNQidOBHNpAgs","baseKeyType":1,"closed":-1,"used":1741875273837,"created":1741875273837,"remoteIdentityKey":"BQkLuaYTdypEPkQ4L7UgUbmWop2w+Th7qHejBCNVYhpR"},"_chains":{"BeYxOeSd6njjvlQWSZa9sFfcetzd5iAJ8ZyOsk+R36N/":{"chainKey":{"counter":1,"key":"uh3VEAB2lpt5tmnKykn2vDyTMe0hpiGaLga7Zefj87Y="},"chainType":1,"messageKeys":{}}},"pendingPreKey":{"signedKeyId":6,"baseKey":"BVll4QA0/bsZ4uPyUDUolBZNaZUNaWyjNQidOBHNpAgs","preKeyId":13777077}}},"version":"v1"}