{"_sessions":{"BRbCBAIgN0VqKjNyOwk5KFgOyquzCtV0McZnafCWcjFG":{"registrationId":2065270471,"currentRatchet":{"ephemeralKeyPair":{"pubKey":"BZqttN1iIV6t7J0zx3mSWEQi32iE77dG16ZMIj5ypQIM","privKey":"QG/oDNI+E4MSi7f+Gt8ijiL+1g2fuRRTHSeZFL3CN0k="},"lastRemoteEphemeralKey":"Bd+Mi1QdaTKU6FxzPonN5NFDkRp/hU2rwIfrS18VlMU7","previousCounter":0,"rootKey":"Hy4lTGb8ovrY8TmdibwL7hLt1SZChQQipFL+Qpm1oRc="},"indexInfo":{"baseKey":"BRbCBAIgN0VqKjNyOwk5KFgOyquzCtV0McZnafCWcjFG","baseKeyType":1,"closed":-1,"used":1741891618218,"created":1741891618218,"remoteIdentityKey":"Bf47Bh1LZ5RQluOYi9gOFhqEDAr/mRledK3hOX59I8Ve"},"_chains":{"BZqttN1iIV6t7J0zx3mSWEQi32iE77dG16ZMIj5ypQIM":{"chainKey":{"counter":1,"key":"CsFLmQATA43Xv/6Rh04yYCT1gUJVPoYrbiySlfGn/mw="},"chainType":1,"messageKeys":{}}},"pendingPreKey":{"signedKeyId":5,"baseKey":"BRbCBAIgN0VqKjNyOwk5KFgOyquzCtV0McZnafCWcjFG","preKeyId":13274870}}},"version":"v1"}