{"_sessions":{"BZAnstj9e0jRSk3RQ/T83So6JT+1Ga20y9ScONItT694":{"registrationId":14568,"currentRatchet":{"ephemeralKeyPair":{"pubKey":"Be2kPBokYp6NZMPZZpv2fe1ZYwv/EXAxKDoGf5tBr+VL","privKey":"mCSlphfQZbA1wnpKo2aqj9K7vpev+v9jiL/MFNg8PUw="},"lastRemoteEphemeralKey":"BcPcXus+ppay7kNo9MUklkcmM4kIs1vAyDQupcBZGBJt","previousCounter":0,"rootKey":"35XgjvhwPKcSRr7kinGTBb9/BDEz6mdD4KN4AzCYaW8="},"indexInfo":{"baseKey":"BZAnstj9e0jRSk3RQ/T83So6JT+1Ga20y9ScONItT694","baseKeyType":1,"closed":-1,"used":1741877407633,"created":1741877407633,"remoteIdentityKey":"BcaFjawZFiS2ej1Ufyb5lyinC6fImou/NPwV5MnIGGJ2"},"_chains":{"Be2kPBokYp6NZMPZZpv2fe1ZYwv/EXAxKDoGf5tBr+VL":{"chainKey":{"counter":0,"key":"2ppY0eoytZvbxMipTbW5aYmAuK8R7Np8hq1D0bQic2I="},"chainType":1,"messageKeys":{}}},"pendingPreKey":{"signedKeyId":1,"baseKey":"BZAnstj9e0jRSk3RQ/T83So6JT+1Ga20y9ScONItT694"}}},"version":"v1"}