{"_sessions":{"BZrsMnogJnhQggeiZ4X1vHpkACFup3Nc5onrVrEH8FkF":{"registrationId":678809420,"currentRatchet":{"ephemeralKeyPair":{"pubKey":"BVoyDGhBQWlRFx3Pvr5rcHlIkT4QmOVVV/Yq8TSSY48q","privKey":"eHMq6OJ90TCsCLty+Bb51JlYk9rANQl4Aql2OYqa8Vw="},"lastRemoteEphemeralKey":"BXy6F0c+PNMYKa0lWu49Gc0X/lRVdoODWCoX/RFcn58h","previousCounter":2,"rootKey":"98LiKd6LN0Dx0UONLZzlMOios0Yq9Ad0cElC2eD5PXo="},"indexInfo":{"baseKey":"BZrsMnogJnhQggeiZ4X1vHpkACFup3Nc5onrVrEH8FkF","baseKeyType":2,"closed":-1,"used":1741955669336,"created":1741872628294,"remoteIdentityKey":"BVJzm80T9LJLPosP59hSMDt+6/E4M5xjw5mQEW4lhLBF"},"_chains":{"Be4q7nqHOOlYtLQfusoEhM6noqgPd6QQ07PfhNJWE7BG":{"chainKey":{"counter":0},"chainType":2,"messageKeys":{}},"BXy6F0c+PNMYKa0lWu49Gc0X/lRVdoODWCoX/RFcn58h":{"chainKey":{"counter":0,"key":"hwJz6gjk7mXWPhWdr0hFFg2CKurX/fXiniyOfFVPcQw="},"chainType":2,"messageKeys":{}},"BVoyDGhBQWlRFx3Pvr5rcHlIkT4QmOVVV/Yq8TSSY48q":{"chainKey":{"counter":-1,"key":"rFYKO4sU6gHh8VzQoNO9Z6Uu9+SEVJgECGge7RpfRE4="},"chainType":1,"messageKeys":{}}}}},"version":"v1"}