{"_sessions":{"BXCJQJqTtsqjvjqGB568MDdnvRmFlO//lzavMRHwFWMu":{"registrationId":1660808423,"currentRatchet":{"ephemeralKeyPair":{"pubKey":"BcA00oD4ApMpHJXkhCk8z3Kbr/INW360d8HLF6TVcOc/","privKey":"MAGAw3o/A5/NhS32VTdfsC7qbI1Ui0dYTKtHy4sXHGs="},"lastRemoteEphemeralKey":"BROeWfT8t0delFbfAjOS03ROWYJJKRQEVG8cjrm6YFx8","previousCounter":0,"rootKey":"TYnHkZJxuPbGj2J/E6BOnBLhKFBXBpTEa4c3IealK60="},"indexInfo":{"baseKey":"BXCJQJqTtsqjvjqGB568MDdnvRmFlO//lzavMRHwFWMu","baseKeyType":1,"closed":-1,"used":1741877407629,"created":1741877407629,"remoteIdentityKey":"Bb+sf31A1MLMfRuG2C/WvSXpHPOxC92hs/4zEhwvOh9Z"},"_chains":{"BcA00oD4ApMpHJXkhCk8z3Kbr/INW360d8HLF6TVcOc/":{"chainKey":{"counter":0,"key":"LEXa/CGday3TjdVM8wEzU56UCGNXOToiD8K9gPdTAdw="},"chainType":1,"messageKeys":{}}},"pendingPreKey":{"signedKeyId":67,"baseKey":"BXCJQJqTtsqjvjqGB568MDdnvRmFlO//lzavMRHwFWMu","preKeyId":1638}}},"version":"v1"}