{"_sessions":{"BTlbXDp3mHsdsQRcbWpDc/OH+7Yr09rYZWHRFMjT3MRL":{"registrationId":1973955260,"currentRatchet":{"ephemeralKeyPair":{"pubKey":"BVdrT7L8b5P1qy+qDvPS3bXEkaQiKuKaY2e6uPs+6xZc","privKey":"8M/RX+KxvjEuLtj5RCPFE89pLMjcS2WkwcXVDfkJsno="},"lastRemoteEphemeralKey":"BXmd83sicA9+ZJYlncYjSAnokUyIvogzPPUoADpvBfZI","previousCounter":0,"rootKey":"XLVsLsNnGMXQ0uH6PonH2QTxAUM/16Jyx+csIcsfw2w="},"indexInfo":{"baseKey":"BTlbXDp3mHsdsQRcbWpDc/OH+7Yr09rYZWHRFMjT3MRL","baseKeyType":1,"closed":-1,"used":1741877407678,"created":1741877407678,"remoteIdentityKey":"BYoyP8OnXb5OwCsDoCALFf9UtFdL4xEx4GRvxwkvNhlA"},"_chains":{"BVdrT7L8b5P1qy+qDvPS3bXEkaQiKuKaY2e6uPs+6xZc":{"chainKey":{"counter":0,"key":"vvZsn5KiocuIkA/2umDfZKDEbnSeqYSs3dCc8vjcG9A="},"chainType":1,"messageKeys":{}}},"pendingPreKey":{"signedKeyId":10,"baseKey":"BTlbXDp3mHsdsQRcbWpDc/OH+7Yr09rYZWHRFMjT3MRL","preKeyId":10617265}}},"version":"v1"}