{"_sessions":{"BUi5hVrXqoQqqgOv5TX/TIthwofWzydxfeKNdWMJs+pO":{"registrationId":186411222,"currentRatchet":{"ephemeralKeyPair":{"pubKey":"Bf9KQGzb//Zu9q4/v9/TsvTx5qgPNVhOX2x2won0hLpK","privKey":"YKVUvKjxcA86OiGxVR/mLlxBWFjUYQaX9tsWvRQT3Hs="},"lastRemoteEphemeralKey":"BeLd2mRziaB0+kv1Cujc9khpVSbMlynie3aC97uQPZgi","previousCounter":1,"rootKey":"tLg3TTMWv7L7+XtmroC+JsDHzvc8t7CwUXa0WOCgLk8="},"indexInfo":{"baseKey":"BUi5hVrXqoQqqgOv5TX/TIthwofWzydxfeKNdWMJs+pO","baseKeyType":1,"closed":-1,"used":1741955666759,"created":1741891618244,"remoteIdentityKey":"BVXn55lQQrT82O3Ce6BthDxb69kpCsEwkcm+eYT6eD8S"},"_chains":{"BeLd2mRziaB0+kv1Cujc9khpVSbMlynie3aC97uQPZgi":{"chainKey":{"counter":0,"key":"3Prh6W68y1CF3DQM7adt2TQzf0i+kOCJK7I5i5yIOt0="},"chainType":2,"messageKeys":{}},"Bf9KQGzb//Zu9q4/v9/TsvTx5qgPNVhOX2x2won0hLpK":{"chainKey":{"counter":-1,"key":"y4UKYVvHrqAlPPS1IKzTTrTHvNBDZ5aR9Y4g8Q6ptEs="},"chainType":1,"messageKeys":{}}}}},"version":"v1"}