{"_sessions":{"Bf+5RwGt+LmM3HctRLha/ZJEWKaAtHHp6z3B6OwaDldb":{"registrationId":1441569405,"currentRatchet":{"ephemeralKeyPair":{"pubKey":"BbgTPKN1ztLQSx9BrbGdK9JqmOAD8C8hODaqNlH9x4NP","privKey":"eCUE5yIUPPgG60RO6PD9d2wJDafgfvr+cdvtk9Nq43I="},"lastRemoteEphemeralKey":"BdZa5JVCvBp6r/Zcqgc4pUvmA42sd78pcF6M6Zd/ig1L","previousCounter":0,"rootKey":"JGW3M2/pTyrO+v3TLWdk5FFRsd3S49T+Yq29rLdRL6A="},"indexInfo":{"baseKey":"Bf+5RwGt+LmM3HctRLha/ZJEWKaAtHHp6z3B6OwaDldb","baseKeyType":1,"closed":-1,"used":1741891618254,"created":1741891618254,"remoteIdentityKey":"BUzhGzAKetI7HKTYr3pgQRg7QLVWX9ed/FYWMReSrvg+"},"_chains":{"BbgTPKN1ztLQSx9BrbGdK9JqmOAD8C8hODaqNlH9x4NP":{"chainKey":{"counter":1,"key":"sUQlZTgnhIyCMpgNjS6Hnz3lDn2D2DJU4cy/EaJ7Bhw="},"chainType":1,"messageKeys":{}}},"pendingPreKey":{"signedKeyId":1,"baseKey":"Bf+5RwGt+LmM3HctRLha/ZJEWKaAtHHp6z3B6OwaDldb","preKeyId":15301322}}},"version":"v1"}