{"_sessions":{"Bfnzeq3Ryecf4oMroEDEtcHg5mk2jKJNIr5z5xK1VFYE":{"registrationId":1381158126,"currentRatchet":{"ephemeralKeyPair":{"pubKey":"BW7W/4Gz4SedW4hXkAeQakUNkL8Z3rNwbUC9t1N2PMw5","privKey":"+AQfjZQLjKIXggBpCey8VtaEGxWq6sfuCCuO+fAwLGw="},"lastRemoteEphemeralKey":"BUgBBGbTaUI7fx0y1wDa2czM0+sMOqwAVbF+FCtY0SJ5","previousCounter":0,"rootKey":"Mw7+ZhYlxb0phUnldWph5cSjTPe8R0t8U7Yysh4TL/4="},"indexInfo":{"baseKey":"Bfnzeq3Ryecf4oMroEDEtcHg5mk2jKJNIr5z5xK1VFYE","baseKeyType":2,"closed":-1,"used":1741955670252,"created":1741955670252,"remoteIdentityKey":"BVU98W6A1staeFnUTjy/LeQVWh7PeTMOwpUeQ2p70H8o"},"_chains":{"BUgBBGbTaUI7fx0y1wDa2czM0+sMOqwAVbF+FCtY0SJ5":{"chainKey":{"counter":0,"key":"ZIdktt/UCu/n4ZL5cKSSwOGDBGOkncQNo4qUxKzBGgg="},"chainType":2,"messageKeys":{}},"BW7W/4Gz4SedW4hXkAeQakUNkL8Z3rNwbUC9t1N2PMw5":{"chainKey":{"counter":-1,"key":"1BrDi1XCMH5ytyAWoZBGXGSM4yu2mNUaSXlcvtqRoeA="},"chainType":1,"messageKeys":{}}}}},"version":"v1"}