{"_sessions":{"BTtYWwCQ/vUYLyESHXlO1v6xWIJF69x0g79rER9kYyBV":{"registrationId":1567763810,"currentRatchet":{"ephemeralKeyPair":{"pubKey":"BaCZri4yAolcu+b2Y1dRZC6TrT0FM+wPMCcnbDlx86ku","privKey":"yE7xT/4RiJYvgYGjai0NHyKrGGIgZU3Y+GcY6GmO5nc="},"lastRemoteEphemeralKey":"BSlsMQ+S3bih7WT8QIgY0aYXyIVTbQPWXtiDv5Bjwoke","previousCounter":0,"rootKey":"VrFVmcfCNeQtJ9lxzi0hnS9/Xafwcq2qd/eCOupDyEE="},"indexInfo":{"baseKey":"BTtYWwCQ/vUYLyESHXlO1v6xWIJF69x0g79rER9kYyBV","baseKeyType":2,"closed":-1,"used":1741955693880,"created":1741955693880,"remoteIdentityKey":"BVApOOyC0WqAdOZEZdd/U3urosuRuyKxCX6PiP0U8xhM"},"_chains":{"BSlsMQ+S3bih7WT8QIgY0aYXyIVTbQPWXtiDv5Bjwoke":{"chainKey":{"counter":0,"key":"Abtliu/6PegCwzI7N9LQoN/2zwS3ECqGwznFHqtGTbg="},"chainType":2,"messageKeys":{}},"BaCZri4yAolcu+b2Y1dRZC6TrT0FM+wPMCcnbDlx86ku":{"chainKey":{"counter":-1,"key":"udg7fKqMxOeA8DUVs/MiDfp6Uc8wFb9YdW/hN6TqvTA="},"chainType":1,"messageKeys":{}}}}},"version":"v1"}