{"_sessions":{"BQic9e3p2i99dyKMJmEl4MyYhnI3rpJTvhlGcw4HNvd2":{"registrationId":16006,"currentRatchet":{"ephemeralKeyPair":{"pubKey":"Bap8TzIi6wyyUNPAHXYCMs5bm15tsNvD/W+vk+KeVVR7","privKey":"YNJNoxvwBaJA9mpx5V8Vdit/VDH0x2rJvJTShIXBxXw="},"lastRemoteEphemeralKey":"BWIP+W0Mr2XAfC8hf3qiApmLByDmyrd9liq71iucYNYa","previousCounter":0,"rootKey":"KwonSbxCwTwRA49gBv27niFSD2Zkt2e+DrPVnNr6IPU="},"indexInfo":{"baseKey":"BQic9e3p2i99dyKMJmEl4MyYhnI3rpJTvhlGcw4HNvd2","baseKeyType":1,"closed":-1,"used":1741891618224,"created":1741891618224,"remoteIdentityKey":"BUT6coH9pTW7bD8rQ5g4QsHnkom9PZgSU6Jd+C0Bbv9D"},"_chains":{"Bap8TzIi6wyyUNPAHXYCMs5bm15tsNvD/W+vk+KeVVR7":{"chainKey":{"counter":1,"key":"ZCIbSCCesshSesJCxYB7YlWJhejXOUsya0PGokxPkV0="},"chainType":1,"messageKeys":{}}},"pendingPreKey":{"signedKeyId":1,"baseKey":"BQic9e3p2i99dyKMJmEl4MyYhnI3rpJTvhlGcw4HNvd2"}}},"version":"v1"}