{"_sessions":{"BfFmM7TaEIfl3WwCugZJumGPh1K5j2C8GYPBN6bmGERW":{"registrationId":5481,"currentRatchet":{"ephemeralKeyPair":{"pubKey":"BfgswI77xKRDbFfhU1VjCg9pD09JzUYt/aG0U8LfFHEE","privKey":"sK85SYa/7Rj6n+TC4pEnaWOc0P4kjmxW7UNE4BvUC34="},"lastRemoteEphemeralKey":"BduW2aKFO7GxWj6hNS5F3bGkEVYsbBt0y7VnnsSF1rJQ","previousCounter":0,"rootKey":"9wJJKr5BwOqZ0AhsmBTZHMV5J2H4ujqF36cXNTOEx5g="},"indexInfo":{"baseKey":"BfFmM7TaEIfl3WwCugZJumGPh1K5j2C8GYPBN6bmGERW","baseKeyType":1,"closed":-1,"used":1741874424757,"created":1741874424757,"remoteIdentityKey":"BTFqyIIEnY+LLg/MVxoPI+A5L2UdC/jsZjUupm/oFQdv"},"_chains":{"BfgswI77xKRDbFfhU1VjCg9pD09JzUYt/aG0U8LfFHEE":{"chainKey":{"counter":2,"key":"pP8WHukUxelvGIyRNXJBZM5CcOYunWgLS/IWBzn+GZA="},"chainType":1,"messageKeys":{}}},"pendingPreKey":{"signedKeyId":1,"baseKey":"BfFmM7TaEIfl3WwCugZJumGPh1K5j2C8GYPBN6bmGERW","preKeyId":129}}},"version":"v1"}