{"_sessions":{"Bf7o9cycmn4MUWPwewusbhmudFLf69X/8o6aFVvaNEVk":{"registrationId":248451018,"currentRatchet":{"ephemeralKeyPair":{"pubKey":"BaUoWtjmME5DfixhMjsDDP2U95kCdeJCNy1N1qodTaQm","privKey":"eCQE62a0ZAkaJ20doQygqNmueM686UwOzzq3DIGgokw="},"lastRemoteEphemeralKey":"Bc8/0JiNLJWWmZ63AwOFap/hOwOpAhZMrivrbQtdrW4l","previousCounter":1,"rootKey":"Xj5STCyMPOErHCRWiRRHnJIFW4PCutIWu6H9DBAFPJ8="},"indexInfo":{"baseKey":"Bf7o9cycmn4MUWPwewusbhmudFLf69X/8o6aFVvaNEVk","baseKeyType":1,"closed":-1,"used":1741891724096,"created":1741891618250,"remoteIdentityKey":"BdkAmsEjGsI/bRn+4U18PcpGTlW8FjnUQRmZ94WZWmlo"},"_chains":{"Bc8/0JiNLJWWmZ63AwOFap/hOwOpAhZMrivrbQtdrW4l":{"chainKey":{"counter":0,"key":"Adpqc5wrCVYJE1tqtyjtDWueQ1rmG8QddzJ91DmNCfU="},"chainType":2,"messageKeys":{}},"BaUoWtjmME5DfixhMjsDDP2U95kCdeJCNy1N1qodTaQm":{"chainKey":{"counter":-1,"key":"RaUrJQjml2MQmjOL/VEHpV17P6A98u++z+KzNZd4CUE="},"chainType":1,"messageKeys":{}}}}},"version":"v1"}