{"_sessions":{"BfBcN8W/0hNDn48RTiA/ojqQ5e9nXWHO/MYr3l4dyj4Q":{"registrationId":1482155936,"currentRatchet":{"ephemeralKeyPair":{"pubKey":"BVoJGJ3d93bmzzXnDMaG8XbkM66MpiT6YPHw+2FJttUG","privKey":"iJCNhFr6qBMXatXIpvhW69xEzpsgFbWOGz0pxq6gRF0="},"lastRemoteEphemeralKey":"BTrSVPTM31oah937tkasC81OuhGQRWa+1l/wCX8k9OFg","previousCounter":0,"rootKey":"cRvRmN2VswyRYKfsiT20BPoGGLaVBT/GTBzSDn2hvkY="},"indexInfo":{"baseKey":"BfBcN8W/0hNDn48RTiA/ojqQ5e9nXWHO/MYr3l4dyj4Q","baseKeyType":1,"closed":-1,"used":1741877407720,"created":1741877407720,"remoteIdentityKey":"BUHCFZ9/5J43xCRaPeBt6vkRfyR6fDE1XwlpPINGOZBK"},"_chains":{"BVoJGJ3d93bmzzXnDMaG8XbkM66MpiT6YPHw+2FJttUG":{"chainKey":{"counter":0,"key":"LzyPWuxzOxlq9DfwL9lSJVfnsCFNlxeXHUXukTZKhWQ="},"chainType":1,"messageKeys":{}}},"pendingPreKey":{"signedKeyId":4460782,"baseKey":"BfBcN8W/0hNDn48RTiA/ojqQ5e9nXWHO/MYr3l4dyj4Q","preKeyId":10738}}},"version":"v1"}