{"_sessions":{"BWTAfHv5USI/dFTIzQ7l1M22ftg4q4x/75S64VJNqPgb":{"registrationId":217,"currentRatchet":{"ephemeralKeyPair":{"pubKey":"BV9GbnmHqnGDlCgTrMt/nzjQPh1ig0cZOXh+moe90Rxj","privKey":"CPjSw3YVngMhRTRBDuy3dEMVeG9jpJ4gwtnjk/XFz3Q="},"lastRemoteEphemeralKey":"BYoCuYcbAtvRCsQEnBBm8TiFvpnaP1xm4hP7Ec8/b00A","previousCounter":0,"rootKey":"98P/ayATiKdFSuD6k2Ynj51eYMleQShryiiyE2uJdYU="},"indexInfo":{"baseKey":"BWTAfHv5USI/dFTIzQ7l1M22ftg4q4x/75S64VJNqPgb","baseKeyType":1,"closed":-1,"used":1741875237769,"created":1741875237769,"remoteIdentityKey":"BcUuJVCVKI06inLYJM7TKymAjEiKcxyOTpXBANp5XLth"},"_chains":{"BV9GbnmHqnGDlCgTrMt/nzjQPh1ig0cZOXh+moe90Rxj":{"chainKey":{"counter":1,"key":"08kdBEw02jkB054FFsIVeNm/22PEezdMNvzkJbm0788="},"chainType":1,"messageKeys":{}}},"pendingPreKey":{"signedKeyId":1,"baseKey":"BWTAfHv5USI/dFTIzQ7l1M22ftg4q4x/75S64VJNqPgb"}}},"version":"v1"}