{"_sessions":{"Be9yHsDCP7ujdUer1DPOzYZ4/EM/QggMC6moHNRCRRF0":{"registrationId":2044244331,"currentRatchet":{"ephemeralKeyPair":{"pubKey":"BYonP2uGtzPyauBuEXFncs7PTaNlCwm+33chLHzxNaIL","privKey":"kDoCwCetiRgGya4oaV3kcyCJnXSkwkcLmRZSrj7X02c="},"lastRemoteEphemeralKey":"BYNQ/SXfxTPx5fmJWqplNxhXwJx2GdSwmdmx2IbNEM9F","previousCounter":0,"rootKey":"xEIINOQThT1d8lTVn8sj6U49Y8J4kcYq/TIL17X+2lI="},"indexInfo":{"baseKey":"Be9yHsDCP7ujdUer1DPOzYZ4/EM/QggMC6moHNRCRRF0","baseKeyType":1,"closed":1741955666477,"used":1741877407677,"created":1741877407677,"remoteIdentityKey":"Be+2XBUDEXLOw+xZp36TpgDMQGj30gqbsHuV+YE10eIA"},"_chains":{"BYonP2uGtzPyauBuEXFncs7PTaNlCwm+33chLHzxNaIL":{"chainKey":{"counter":0,"key":"L/Aq6vrGklhU6et+EBZM2vDK8dKXta4WrFw7Imkp9Pc="},"chainType":1,"messageKeys":{}}},"pendingPreKey":{"signedKeyId":2,"baseKey":"Be9yHsDCP7ujdUer1DPOzYZ4/EM/QggMC6moHNRCRRF0","preKeyId":13874011}},"BR8pObuexT8ABuWd4NMI7iHbk8S9plutzPXwktpwSmIC":{"registrationId":2044244331,"currentRatchet":{"ephemeralKeyPair":{"pubKey":"Bd5H5PeQslXuE5Wu4B8sOh8OwLN/eYfv4Wry+RLUhSQa","privKey":"gBmzXzmKIbpD9rlFyZBEuOjU8dBMUxTroy4JSZJxJEw="},"lastRemoteEphemeralKey":"BTaCYmMnDZkqDdUTlZxZ23bspVLvLwista7++tuUkaRg","previousCounter":0,"rootKey":"foc4XHOCFLX2QJDvDuiOip8qRCgNwlooQAeWnh8y0uM="},"indexInfo":{"baseKey":"BR8pObuexT8ABuWd4NMI7iHbk8S9plutzPXwktpwSmIC","baseKeyType":2,"closed":-1,"used":1741955666479,"created":1741955666479,"remoteIdentityKey":"Be+2XBUDEXLOw+xZp36TpgDMQGj30gqbsHuV+YE10eIA"},"_chains":{"BTaCYmMnDZkqDdUTlZxZ23bspVLvLwista7++tuUkaRg":{"chainKey":{"counter":0,"key":"3p0M5zijS2B4nZveZ9eMYSPp2FeX2VmEk7YxbvFoGf8="},"chainType":2,"messageKeys":{}},"Bd5H5PeQslXuE5Wu4B8sOh8OwLN/eYfv4Wry+RLUhSQa":{"chainKey":{"counter":-1,"key":"LzKj1uqkHTNFtQvDnC79v4uqYvD5HRvlSN3Rki2NUQ4="},"chainType":1,"messageKeys":{}}}}},"version":"v1"}