{"_sessions":{"BQDm1sdYvof0SxJaw1s8GHjCjDvkMsE0bVc+0lrO8xZ1":{"registrationId":271461029,"currentRatchet":{"ephemeralKeyPair":{"pubKey":"Ba5yvH8Bv4Rr6JhdYdIsC/xHHKgv9DmQ8CZ3UNO6cPUs","privKey":"iGjiqoxfBiVeC1Crtv1ArAnjlhQx4kDkEwpb4K+niVg="},"lastRemoteEphemeralKey":"Bba0asyE7AnsYYOfk93/4hL/A3Km4cndHN+OGJqU/TsX","previousCounter":0,"rootKey":"snA+1XiF+pVegGNlZ+FFvZM344vAZJo3sChl6dSe7Fw="},"indexInfo":{"baseKey":"BQDm1sdYvof0SxJaw1s8GHjCjDvkMsE0bVc+0lrO8xZ1","baseKeyType":1,"closed":-1,"used":1741875237813,"created":1741875237813,"remoteIdentityKey":"BVThCo3jQZpZcuGm1ol3ypgunLd3WiR49A8sm+sVzEhW"},"_chains":{"Ba5yvH8Bv4Rr6JhdYdIsC/xHHKgv9DmQ8CZ3UNO6cPUs":{"chainKey":{"counter":1,"key":"F5CR7JAP+PH8gyOllph4YX7d7TZKu2fB0GqfCc7wYUA="},"chainType":1,"messageKeys":{}}},"pendingPreKey":{"signedKeyId":0,"baseKey":"BQDm1sdYvof0SxJaw1s8GHjCjDvkMsE0bVc+0lrO8xZ1","preKeyId":280247}}},"version":"v1"}