{"_sessions":{"Bd1m5ZHxzWVwm6xdZArJrBxftiKb4Zlo8DPnL6bMjVQA":{"registrationId":931100958,"currentRatchet":{"ephemeralKeyPair":{"pubKey":"Be6AeFpkE34AuAUMYF8wzw2OMBIjiU+4vtwAuHSCbxpV","privKey":"yFlENbVs9aFXGjozhd6/Nz4CLJBYApchopffr8br2mE="},"lastRemoteEphemeralKey":"Bfznh7MEaEQjNnVhQjeVs3rTm6AAq7TKEFRnARNOXlIR","previousCounter":0,"rootKey":"yMCS62SsjNCXR5AuwKxqYUWNNh3vyUW/hEW6KVKRvLo="},"indexInfo":{"baseKey":"Bd1m5ZHxzWVwm6xdZArJrBxftiKb4Zlo8DPnL6bMjVQA","baseKeyType":2,"closed":-1,"used":1741955671939,"created":1741955671939,"remoteIdentityKey":"BYOmTVa4Ts8uwN4fpuCeSJKX+ho+562IEN5DsWdz2NYb"},"_chains":{"Bfznh7MEaEQjNnVhQjeVs3rTm6AAq7TKEFRnARNOXlIR":{"chainKey":{"counter":0,"key":"P/tDak5lmGSNK4beacCQvjITMpZomxhXrEGgo9G7rOg="},"chainType":2,"messageKeys":{}},"Be6AeFpkE34AuAUMYF8wzw2OMBIjiU+4vtwAuHSCbxpV":{"chainKey":{"counter":-1,"key":"sFNWtHLQcyWxPNWp8U4xdvUMAgI5Dl9Sojxjz5xQUII="},"chainType":1,"messageKeys":{}}}}},"version":"v1"}