{"_sessions":{"BRh5FHYDMmzoGI84/WGjSOS8aJPlskimTZLFgX+PG08V":{"registrationId":1568133494,"currentRatchet":{"ephemeralKeyPair":{"pubKey":"BQBq9EBm+9Q6LgcfSiyvCkuf9AZ0U1fGddQLvNN3GCh5","privKey":"6IoMBOMgRVf/2LuFMmO1t7excwUM7g650eKLphT7OHU="},"lastRemoteEphemeralKey":"Bdo/O97/KKEpF1B5fEm4BxRypTGLK10hE9hk5eAlUCAS","previousCounter":0,"rootKey":"TgAseLPooXhKoLXwhLmxnBZlykt2vq1Fl3tERqv6E38="},"indexInfo":{"baseKey":"BRh5FHYDMmzoGI84/WGjSOS8aJPlskimTZLFgX+PG08V","baseKeyType":1,"closed":-1,"used":1741875237795,"created":1741875237795,"remoteIdentityKey":"BdA+Rj6htjJVhDFqFcbrO6F8lgR3ydqZQsS/wadGcU19"},"_chains":{"BQBq9EBm+9Q6LgcfSiyvCkuf9AZ0U1fGddQLvNN3GCh5":{"chainKey":{"counter":1,"key":"2bI2mOlqYXFFhvyg5E+MoJ90Qkl2TlnN5TAZZRlhmO4="},"chainType":1,"messageKeys":{}}},"pendingPreKey":{"signedKeyId":2,"baseKey":"BRh5FHYDMmzoGI84/WGjSOS8aJPlskimTZLFgX+PG08V","preKeyId":2307537}}},"version":"v1"}