{"_sessions":{"BbPW0bClZSoVXbEnlOjYRSY6cU+7dQguGWz3ypegs8Iy":{"registrationId":809338243,"currentRatchet":{"ephemeralKeyPair":{"pubKey":"BU2f/hYz+2RzCDrlp8tCojTvmxV0kDSGJtBDJUHkLTcu","privKey":"WBOXJmzzuJqyrLFipNS06NBWnePHRlCBu5CwXB5873A="},"lastRemoteEphemeralKey":"BdbPLCwh3ljYCjkAV9LeHSkwzknpZNRu09EMRnfjll0R","previousCounter":0,"rootKey":"HCSHuJmxiBADu07SIjupW1fLY0zMre2X6Lg3LVDoeMc="},"indexInfo":{"baseKey":"BbPW0bClZSoVXbEnlOjYRSY6cU+7dQguGWz3ypegs8Iy","baseKeyType":1,"closed":-1,"used":1741891618238,"created":1741891618238,"remoteIdentityKey":"BTbz8nw+H14UBuGmoPabVgAvVjHgOXEKxATZjzvLzChK"},"_chains":{"BU2f/hYz+2RzCDrlp8tCojTvmxV0kDSGJtBDJUHkLTcu":{"chainKey":{"counter":1,"key":"4KPGpU5EkOqJedvI+41eTraEbybhL4Q1ZlajR5xV9dU="},"chainType":1,"messageKeys":{}}},"pendingPreKey":{"signedKeyId":17,"baseKey":"BbPW0bClZSoVXbEnlOjYRSY6cU+7dQguGWz3ypegs8Iy","preKeyId":7382155}}},"version":"v1"}