{"_sessions":{"BZ3fOybxG6hpwMrmFkj4bub+qDFOUU/0jX6Gb697fHMH":{"registrationId":1883371836,"currentRatchet":{"ephemeralKeyPair":{"pubKey":"BeixGLN74IKO5pOewAza0fVzafq4h8Xp/d5aKcgwVcxh","privKey":"+DmgKDBgy/x1bS5sDcQnbklYh1LJTabmIje+NGfZ+nc="},"lastRemoteEphemeralKey":"BYowUdPqln/xoRn9Ca4DASuJf4heO2olvIlQ4TB6/Dhv","previousCounter":0,"rootKey":"MwtHY0hUieONAGV+McncdJdLybDCjML/5ceeik8wMBY="},"indexInfo":{"baseKey":"BZ3fOybxG6hpwMrmFkj4bub+qDFOUU/0jX6Gb697fHMH","baseKeyType":1,"closed":-1,"used":1741874424802,"created":1741874424802,"remoteIdentityKey":"BQd9uF91Jtb6oo62uNNHnjRZ/6ipjbMBc0FAO1uncFBV"},"_chains":{"BeixGLN74IKO5pOewAza0fVzafq4h8Xp/d5aKcgwVcxh":{"chainKey":{"counter":2,"key":"xRvIqzaD/9yIViBQfyVtOS1QujLdSTXgyEKlPoApzv4="},"chainType":1,"messageKeys":{}}},"pendingPreKey":{"signedKeyId":0,"baseKey":"BZ3fOybxG6hpwMrmFkj4bub+qDFOUU/0jX6Gb697fHMH","preKeyId":3786893}}},"version":"v1"}