{"_sessions":{"BXLnOi7iBFikm87th+SDqSwwqhVQNKFjJxVWnFipcyxL":{"registrationId":170652133,"currentRatchet":{"ephemeralKeyPair":{"pubKey":"BSgwz+ikGQOp1mndqTsHfUiND7sWpc7IXuJsmU4+NFJM","privKey":"wMohvj1q0mUDtYlOGmJFApMUZSO+SCBP+/mLV1JUBUk="},"lastRemoteEphemeralKey":"Be+WepKa+bZFOWXxtDV/X2a6ql/D+PwqvAYtpMyMuvga","previousCounter":0,"rootKey":"WyPjNVKAdYnjp3UXYoRVUdq4Z0mYvFt98xyDIYbuFmg="},"indexInfo":{"baseKey":"BXLnOi7iBFikm87th+SDqSwwqhVQNKFjJxVWnFipcyxL","baseKeyType":1,"closed":-1,"used":1741877407643,"created":1741877407643,"remoteIdentityKey":"BRLNIglYzGVBQaMQGR4uPACi/y49442VW89ntBhYnNIP"},"_chains":{"BSgwz+ikGQOp1mndqTsHfUiND7sWpc7IXuJsmU4+NFJM":{"chainKey":{"counter":0,"key":"gUtRKALRS66lHkkpmx9ej08bvB1GJSVR1z1D2V+r0fY="},"chainType":1,"messageKeys":{}}},"pendingPreKey":{"signedKeyId":3,"baseKey":"BXLnOi7iBFikm87th+SDqSwwqhVQNKFjJxVWnFipcyxL","preKeyId":1301}}},"version":"v1"}