{"_sessions":{"BR468NhhyHdFTVSPfuj4Na6l0Bi53W0fNhKeZqMCFTNq":{"registrationId":401518058,"currentRatchet":{"ephemeralKeyPair":{"pubKey":"BfnZSSHwI0wvoNyrTfT83RiRxBwkgwZJ0GkD11eGU14E","privKey":"IM3xFsIRf9wIh8HRxW7R6ZupqQ5+qC6DjYG2CY8zomc="},"lastRemoteEphemeralKey":"BXNGbC+kLQKcaIOIYJGpjKFtYRNGM044ziwtdmmzDxsJ","previousCounter":0,"rootKey":"B2Qs49UoZhPqMkrXiDuPLlQJrgOPrzUogJiw937nJ64="},"indexInfo":{"baseKey":"BR468NhhyHdFTVSPfuj4Na6l0Bi53W0fNhKeZqMCFTNq","baseKeyType":2,"closed":-1,"used":1741955673017,"created":1741955673017,"remoteIdentityKey":"BTV2rksNqrbTIg4B0m+UWpsAzKQPBg0SXdkVl0MvR1oU"},"_chains":{"BXNGbC+kLQKcaIOIYJGpjKFtYRNGM044ziwtdmmzDxsJ":{"chainKey":{"counter":0,"key":"/ktNOyJfLRPkizzs5rsrMo+27HeJG8+ZCEYJD54JuQI="},"chainType":2,"messageKeys":{}},"BfnZSSHwI0wvoNyrTfT83RiRxBwkgwZJ0GkD11eGU14E":{"chainKey":{"counter":-1,"key":"1epicyE9sh5c4IEGKF7B1g6jWOZhoj9026Sbn5YZ0BI="},"chainType":1,"messageKeys":{}}}}},"version":"v1"}