{"_sessions":{"BaKrYTdCo6HPX5gb1dRrsCS9v/CC3NDcvt5LXiZ0WfZ1":{"registrationId":8926,"currentRatchet":{"ephemeralKeyPair":{"pubKey":"BVnjE76//48MRXqKdUUjY8MvMKnckp3GgaADvkScNNkz","privKey":"KM+axykLGcBnmv5VJiS5GG0i07oWqXWvtWRhicbOFUo="},"lastRemoteEphemeralKey":"BTYqQQwVNsKBo4vke0ZO4s6NBf5+Bzdqcz2NefHKos88","previousCounter":0,"rootKey":"Xc45OXAM6h7N95YdYbu4pRLau0bvg0RXyAm85GsLCNc="},"indexInfo":{"baseKey":"BaKrYTdCo6HPX5gb1dRrsCS9v/CC3NDcvt5LXiZ0WfZ1","baseKeyType":1,"closed":-1,"used":1741891618226,"created":1741891618226,"remoteIdentityKey":"BTRB9RTWYsGNLu1l+3cAJdXxCw2kZjsrXiPhcnoKQNZD"},"_chains":{"BVnjE76//48MRXqKdUUjY8MvMKnckp3GgaADvkScNNkz":{"chainKey":{"counter":1,"key":"ec8QVrcEKuCa/qvNEJO8Z8jzEzmupSQfnEnhkmKUWxk="},"chainType":1,"messageKeys":{}}},"pendingPreKey":{"signedKeyId":2,"baseKey":"BaKrYTdCo6HPX5gb1dRrsCS9v/CC3NDcvt5LXiZ0WfZ1"}}},"version":"v1"}