{"_sessions":{"BWeXXkbwe9pT5edtz8Eu9jguH/yFJo5LqX1T2qB9lA5e":{"registrationId":1640659553,"currentRatchet":{"ephemeralKeyPair":{"pubKey":"BdOUTyJJFkpjXQLylthCXKXmSvhLpm882LplFZD7BTI7","privKey":"wDgpxpoe2Mv+IYUJf2TtbNoCqzlDGstcn+9jfD+eD0A="},"lastRemoteEphemeralKey":"BUwmTW6bZ3BoOzWq1cHRGWn4xC0DSOYOSujuCaSKCUgo","previousCounter":0,"rootKey":"pvS/RyYGgzJv/u9soHv/kTGwSjDgoFXVFJtZZw2fbd4="},"indexInfo":{"baseKey":"BWeXXkbwe9pT5edtz8Eu9jguH/yFJo5LqX1T2qB9lA5e","baseKeyType":1,"closed":-1,"used":1741877407641,"created":1741877407641,"remoteIdentityKey":"BW9vxrAoP7Uc1lbC+E/7ZiSs4bIszYY6Jt+Fz34JbJEH"},"_chains":{"BdOUTyJJFkpjXQLylthCXKXmSvhLpm882LplFZD7BTI7":{"chainKey":{"counter":0,"key":"oqyZlQ4UoATAoB3SxaIipnLtWxWPPUKJte+reC/0b+s="},"chainType":1,"messageKeys":{}}},"pendingPreKey":{"signedKeyId":7,"baseKey":"BWeXXkbwe9pT5edtz8Eu9jguH/yFJo5LqX1T2qB9lA5e","preKeyId":2767}}},"version":"v1"}