{"_sessions":{"BXhB4mCgMLEwSzFl/vnBCA7h/0LGM5uVJxmbfFYvtRVG":{"registrationId":1126625077,"currentRatchet":{"ephemeralKeyPair":{"pubKey":"BdRCxLlK5NsugiNZ13f1mArJYBRHk72g1spw0aa1OKt0","privKey":"yMhE8jBopArp9oUbM9qPfmL/G7WqLRI0TP4S8ledTHw="},"lastRemoteEphemeralKey":"BUNlfLEEGCThd133lykKxr3d0qIOGA9PAF3LX+8luIQR","previousCounter":0,"rootKey":"S94zjpIJMZGevyYzUF/WAcU8tNI+BQ5SPzWhCpMwW8s="},"indexInfo":{"baseKey":"BXhB4mCgMLEwSzFl/vnBCA7h/0LGM5uVJxmbfFYvtRVG","baseKeyType":1,"closed":-1,"used":1741875237783,"created":1741875237783,"remoteIdentityKey":"BYAhLUoVOlxMgNO8JNlAbDttT1t5n5At2Qp5rmhkTmsF"},"_chains":{"BdRCxLlK5NsugiNZ13f1mArJYBRHk72g1spw0aa1OKt0":{"chainKey":{"counter":1,"key":"zKIStuXB0h4Ks0VLNlQNTTEP0zEpcoULVW2iPbnPoRU="},"chainType":1,"messageKeys":{}}},"pendingPreKey":{"signedKeyId":2,"baseKey":"BXhB4mCgMLEwSzFl/vnBCA7h/0LGM5uVJxmbfFYvtRVG","preKeyId":9874861}}},"version":"v1"}