{"_sessions":{"BV25kiUFPwd5b9TX6fpxQLE433jHjCatdeTT9mZs4k5k":{"registrationId":1348710908,"currentRatchet":{"ephemeralKeyPair":{"pubKey":"BQSBlatqxxXnENVSOs8v2G9Ayw7nIMbhqIadg8T2LsQ7","privKey":"cM3NSZuhG+F3DIV+5nyuhO+KycKUyPueR4dkz9uK/VQ="},"lastRemoteEphemeralKey":"BWi6h0B8vMKR9pEAf62zfqgY2AxHUm0ERJbhqdBN6qF/","previousCounter":0,"rootKey":"RnpsJUyiTTHCRdWj6CZde+F05YQbtg5K1bGOOFQjQlU="},"indexInfo":{"baseKey":"BV25kiUFPwd5b9TX6fpxQLE433jHjCatdeTT9mZs4k5k","baseKeyType":1,"closed":-1,"used":1741875237807,"created":1741875237807,"remoteIdentityKey":"BZnCAYaKEl/PUBak3WMJJP/1215LWloJmUIgAFYu1ph5"},"_chains":{"BQSBlatqxxXnENVSOs8v2G9Ayw7nIMbhqIadg8T2LsQ7":{"chainKey":{"counter":1,"key":"L0FK023lk2PqpuX9Zh2WlL4V7J76Gq/GytlJzy5O49I="},"chainType":1,"messageKeys":{}}},"pendingPreKey":{"signedKeyId":1,"baseKey":"BV25kiUFPwd5b9TX6fpxQLE433jHjCatdeTT9mZs4k5k","preKeyId":1653121}}},"version":"v1"}