{"_sessions":{"BUNhmYSqsekPhcjIe+wezfh1mYYwdRwK7ezGybNFZNtw":{"registrationId":851406501,"currentRatchet":{"ephemeralKeyPair":{"pubKey":"BVetdoqHl7ZkAZATfSZbeZU3zdKAx1yfDyDoa5uXW9AB","privKey":"cI1zQMILfctTHgT2NDg7nHmX4dxQfsfr9ykF4fBkPkM="},"lastRemoteEphemeralKey":"BYIMOyYTKxyQiVlwDdh1sRsIrQRPHopPrbkv1DXwBJUR","previousCounter":0,"rootKey":"/aYG/J/riseP0iBNZjK4Huxztv8cC/zZJD3R/S1tn2Y="},"indexInfo":{"baseKey":"BUNhmYSqsekPhcjIe+wezfh1mYYwdRwK7ezGybNFZNtw","baseKeyType":1,"closed":-1,"used":1741875237782,"created":1741875237782,"remoteIdentityKey":"Bcl0a2Fok4TGLJO9p0rwIHhz79JTg5O5ICZiJu2NF2Eq"},"_chains":{"BVetdoqHl7ZkAZATfSZbeZU3zdKAx1yfDyDoa5uXW9AB":{"chainKey":{"counter":1,"key":"7kpYxmecNJd3UbIgtcstCpDxn6i/mQ60VMwe4Rgkexc="},"chainType":1,"messageKeys":{}}},"pendingPreKey":{"signedKeyId":0,"baseKey":"BUNhmYSqsekPhcjIe+wezfh1mYYwdRwK7ezGybNFZNtw"}}},"version":"v1"}