{"_sessions":{"BVT9Y+t1Eg2F3TKekispePXpnc9pwt5dk/j2EOFMMzE2":{"registrationId":1335040334,"currentRatchet":{"ephemeralKeyPair":{"pubKey":"BVnWxcsiVG83RPfAk5afarPbVlgVGhY4/Nzzl0arIok5","privKey":"kN6fWKVSAYmNODihL1DR2/R7lBzJZkWETzkW8i6kyEI="},"lastRemoteEphemeralKey":"BVuC5dygF+YTl9IlB/BRdURAAREiSKfl5j7/Aop8CY85","previousCounter":0,"rootKey":"VrFmAHGs+H5rFfaTiK0b6tCKq2pYXUsOUHfb1UfTWZ4="},"indexInfo":{"baseKey":"BVT9Y+t1Eg2F3TKekispePXpnc9pwt5dk/j2EOFMMzE2","baseKeyType":1,"closed":-1,"used":1741875237784,"created":1741875237784,"remoteIdentityKey":"BZMk/7KuoNo8AR6ZizAx7mn4jmIWqi1+arTnWNInBINL"},"_chains":{"BVnWxcsiVG83RPfAk5afarPbVlgVGhY4/Nzzl0arIok5":{"chainKey":{"counter":1,"key":"3P+PsUv9GrETGnXh/w+BdDnWdpY6FaKkV8ySnAJqEo0="},"chainType":1,"messageKeys":{}}},"pendingPreKey":{"signedKeyId":1,"baseKey":"BVT9Y+t1Eg2F3TKekispePXpnc9pwt5dk/j2EOFMMzE2"}}},"version":"v1"}