{"_sessions":{"BbBK4ULBjg0KrTa+jlOZKUxhJ+/IHEB9IRd1jSrTGpkQ":{"registrationId":1158878162,"currentRatchet":{"ephemeralKeyPair":{"pubKey":"BXcuYYfRsAremI2GvxMjdDKKrRogBv5ipir4a8ZbDf03","privKey":"oMGumWJR1FSchsG2MsqS4u/paKJwTob/rjlaXMebW2w="},"lastRemoteEphemeralKey":"Be/RhhJf9arVzmKIWuqjZ/8dMYG6e6uiyNN0GDpoq6Eu","previousCounter":2,"rootKey":"Fqxq5bsnFoKBk3N0P7yfF0x0uVPbf3oD8Ur8IvFLRPA="},"indexInfo":{"baseKey":"BbBK4ULBjg0KrTa+jlOZKUxhJ+/IHEB9IRd1jSrTGpkQ","baseKeyType":1,"closed":-1,"used":1741955669899,"created":1741874424766,"remoteIdentityKey":"BVI0lkC/LG/YwWvLH4N5z7cC2zleNDQLBypZLOw1Ke4o"},"_chains":{"Be/RhhJf9arVzmKIWuqjZ/8dMYG6e6uiyNN0GDpoq6Eu":{"chainKey":{"counter":1,"key":"nOt0M3aAALcTxaQwOp0rsB82yaxaqASVs2hhNOwyQ0s="},"chainType":2,"messageKeys":{}},"BXcuYYfRsAremI2GvxMjdDKKrRogBv5ipir4a8ZbDf03":{"chainKey":{"counter":-1,"key":"7kh45Uoz5v94nJSOdR5LNhQwMni1Us/+zGOI4eU2/nQ="},"chainType":1,"messageKeys":{}}}}},"version":"v1"}