{"_sessions":{"Bcm21XC0BpzKE4E48+SvCE4zGn0ilH8tNJlSANFq/ox2":{"registrationId":681618172,"currentRatchet":{"ephemeralKeyPair":{"pubKey":"BZbv2/a6HjokT1HfbAlLnD6jWcxvqX/KqJuBgycbm8o9","privKey":"oOJ0fmvuTfeGsflH2EadRmjTH6szc5NhH+km574cfWs="},"lastRemoteEphemeralKey":"BarM1PsvizzH8wmGiJrfBerCiYTR1TibTUZARWtxZ/Iy","previousCounter":0,"rootKey":"Q6tr88HT7BKDiWQBkjgj4YpYOeySEyLzNW70Gf+MctQ="},"indexInfo":{"baseKey":"Bcm21XC0BpzKE4E48+SvCE4zGn0ilH8tNJlSANFq/ox2","baseKeyType":2,"closed":-1,"used":1741874549482,"created":1741874549482,"remoteIdentityKey":"BVRDk3hFW9x2FAM4Bv+Yu+L0htxL5wQ+xWm6XKae/cJz"},"_chains":{"BarM1PsvizzH8wmGiJrfBerCiYTR1TibTUZARWtxZ/Iy":{"chainKey":{"counter":0,"key":"FuONUFqg/3U3yDc7lhU3GVFv8Y1tTF3ZB8YrTFbVuUo="},"chainType":2,"messageKeys":{}},"BZbv2/a6HjokT1HfbAlLnD6jWcxvqX/KqJuBgycbm8o9":{"chainKey":{"counter":0,"key":"bPAdpq5kEBZD4x2LBt5WTW7TUelIvtbdOHARs4TCfzk="},"chainType":1,"messageKeys":{}}}}},"version":"v1"}