{"_sessions":{"BdlFOxp6KcqZdgpgm9wsnbTsqIStr9HKfpm7a9kR38Vj":{"registrationId":800600792,"currentRatchet":{"ephemeralKeyPair":{"pubKey":"Bdv9zuuPgweiMQmCGWMTjjjq7k+C0heMciyFBki3q75x","privKey":"oBmRxs54NtaeHETB8h+aNmN1QUEPxskd91UtZ40Vk0Q="},"lastRemoteEphemeralKey":"Bd9uYvsOjHdT5K7mq6mVIWuvPo4d64yf3hRmD/9U1AMA","previousCounter":0,"rootKey":"KdQgGXzymN1vzYuq4jXM0uewxdZEb56/Hg62b/ne1hE="},"indexInfo":{"baseKey":"BdlFOxp6KcqZdgpgm9wsnbTsqIStr9HKfpm7a9kR38Vj","baseKeyType":1,"closed":1741888636708,"used":1741877407671,"created":1741877407671,"remoteIdentityKey":"BTx3adC61ZqUGrbJs4yOU/m5x0edhFhiB1spY3yGKZo8"},"_chains":{"Bdv9zuuPgweiMQmCGWMTjjjq7k+C0heMciyFBki3q75x":{"chainKey":{"counter":0,"key":"FFt9Q+mIvwv+wVUH6h9D0O3PJWDamhQf7192CPITr5c="},"chainType":1,"messageKeys":{}}},"pendingPreKey":{"signedKeyId":31,"baseKey":"BdlFOxp6KcqZdgpgm9wsnbTsqIStr9HKfpm7a9kR38Vj","preKeyId":15971030}},"BZyZZwc2RVqVCgMuIAUk4C8FNWWkII/F9OsbosW3S8FM":{"registrationId":800600792,"currentRatchet":{"ephemeralKeyPair":{"pubKey":"BSAiPqYlVBSyz11K/kKExvnIK9euEMbqKHAHgju4dbhN","privKey":"OIbxvbj+K+Q7hm98p3y3E9T18qNBeBv2lenI2OWa6Hg="},"lastRemoteEphemeralKey":"BXsXfjQbASMYn5ip0GearMd+zLbfo+iLagMPsSOaXhxz","previousCounter":0,"rootKey":"X/LqWB76RELxuLByGlh2f/ZjSOZ6ipJ6l2PoaZtXcnY="},"indexInfo":{"baseKey":"BZyZZwc2RVqVCgMuIAUk4C8FNWWkII/F9OsbosW3S8FM","baseKeyType":2,"closed":-1,"used":1741888636709,"created":1741888636709,"remoteIdentityKey":"BTx3adC61ZqUGrbJs4yOU/m5x0edhFhiB1spY3yGKZo8"},"_chains":{"BXsXfjQbASMYn5ip0GearMd+zLbfo+iLagMPsSOaXhxz":{"chainKey":{"counter":0,"key":"kmycenvMegN4i9qPMvdt5FNlALbCNa2Ku1Q9oj+k/vA="},"chainType":2,"messageKeys":{}},"BSAiPqYlVBSyz11K/kKExvnIK9euEMbqKHAHgju4dbhN":{"chainKey":{"counter":-1,"key":"4opdP9gOcDN7rGO/QO8H9H99XUZv2cTlElVuuBPDfrg="},"chainType":1,"messageKeys":{}}}}},"version":"v1"}