{"_sessions":{"BbH8X0LlQZzR7gku+814nu31hC4+m+Aha2uKfR7ec5Uo":{"registrationId":900390995,"currentRatchet":{"ephemeralKeyPair":{"pubKey":"BR5wwm+coFx0p37MZqqIFD4gCUeGa0m5ncTu3FgTtGhh","privKey":"ULvJ6VG08Cn/UCmfAcNusu5E5bIlpE1uSPUvf3PMR38="},"lastRemoteEphemeralKey":"BaNOgfmZj5fRBF1Ior8WwPxD9M2/r0NNHbE114JcK9kz","previousCounter":0,"rootKey":"m1tHSIoQTlnM3bxrUI1JfoVTiLhIjQgR6Be+8LvPj0M="},"indexInfo":{"baseKey":"BbH8X0LlQZzR7gku+814nu31hC4+m+Aha2uKfR7ec5Uo","baseKeyType":1,"closed":-1,"used":1741891618227,"created":1741891618227,"remoteIdentityKey":"BdBFWFp6IxPq44t8Otp6jMoyrK3b1k17pJ/NA7jvB8to"},"_chains":{"BR5wwm+coFx0p37MZqqIFD4gCUeGa0m5ncTu3FgTtGhh":{"chainKey":{"counter":1,"key":"U2h7n6MMsABGmNHMtbKxjo2UFZ5Q9gYwdEKfoIv6sAc="},"chainType":1,"messageKeys":{}}},"pendingPreKey":{"signedKeyId":14,"baseKey":"BbH8X0LlQZzR7gku+814nu31hC4+m+Aha2uKfR7ec5Uo","preKeyId":3236}}},"version":"v1"}