{"_sessions":{"BfZ+u7OARlbUxdLWLVf6T/ZoMJ8mCOMEmxL+dN2KzZdh":{"registrationId":602185728,"currentRatchet":{"ephemeralKeyPair":{"pubKey":"BSYlLIa+DMSE6bjlCRp9feNhrIP20jSv3NHcVDR+8aQp","privKey":"4GziEZLJ8hX85u/fSFz9stCDqkzSS4khuW4xTL9MN28="},"lastRemoteEphemeralKey":"BVcTBWUA1tZOSF22ykE8U4zCiPbiEnmmvgU0zlzXg9B9","previousCounter":0,"rootKey":"qcAJCUp1243ANJFCZgawzJgJu+7iRfcY4aulMVA78JQ="},"indexInfo":{"baseKey":"BfZ+u7OARlbUxdLWLVf6T/ZoMJ8mCOMEmxL+dN2KzZdh","baseKeyType":1,"closed":-1,"used":1741877407723,"created":1741877407723,"remoteIdentityKey":"BeM8a8t02wUvE2dNcRisUYHobNZ8Y+G8tO8ttghXBcJP"},"_chains":{"BSYlLIa+DMSE6bjlCRp9feNhrIP20jSv3NHcVDR+8aQp":{"chainKey":{"counter":0,"key":"ebS2v5qeF4DjBVEObJ49GEJHC5mHM+i/xedk30voFHQ="},"chainType":1,"messageKeys":{}}},"pendingPreKey":{"signedKeyId":0,"baseKey":"BfZ+u7OARlbUxdLWLVf6T/ZoMJ8mCOMEmxL+dN2KzZdh","preKeyId":3160389}}},"version":"v1"}