{"_sessions":{"BRxwqy9i4hlNtAfojkmqom6So2fiwK48P4u8E72agBV4":{"registrationId":1959165172,"currentRatchet":{"ephemeralKeyPair":{"pubKey":"BaEhXbDI+NUrR8lj/9kIeV8TUNAXVSh1Gh4vsHF2ihIX","privKey":"sLcv+O6uDzPS7ySDa8Uk92oqsBOnAZXHF8+rK2xKZ1E="},"lastRemoteEphemeralKey":"BbW/xG633qrgYFa1T8U3xi0rbA2YckFPjiufCWNZKSo4","previousCounter":0,"rootKey":"GO7UkosJlBlefR1xzQYYb5iAlueBHT+jjEpyhsZuqAQ="},"indexInfo":{"baseKey":"BRxwqy9i4hlNtAfojkmqom6So2fiwK48P4u8E72agBV4","baseKeyType":1,"closed":-1,"used":1741877407667,"created":1741877407667,"remoteIdentityKey":"Bb2W82C4SN/AJoobJmG/Eu7JAEx2d1vXz01+T1j9HBEn"},"_chains":{"BaEhXbDI+NUrR8lj/9kIeV8TUNAXVSh1Gh4vsHF2ihIX":{"chainKey":{"counter":0,"key":"Iyf0LE9F3zBhMH1yw2/TgsU5S8We0t84VyONUZP11Ow="},"chainType":1,"messageKeys":{}}},"pendingPreKey":{"signedKeyId":31,"baseKey":"BRxwqy9i4hlNtAfojkmqom6So2fiwK48P4u8E72agBV4","preKeyId":10415454}}},"version":"v1"}