{"_sessions":{"BddIMT2w55eZhKQ59G8gaq2r4zN9YbQnjE43gYQ9C2gA":{"registrationId":566733947,"currentRatchet":{"ephemeralKeyPair":{"pubKey":"BX+XtncRqsKkhljYnf8epLjfNawO4Y4rhA9Q10Zj5+ov","privKey":"YAf5VwNgethISZodRXIORTj+2wYioDaLJQ3C5svQkHU="},"lastRemoteEphemeralKey":"Bejal+X2qg/A7FOrJ/G4oHCRfJkDLtjsMyY91/l5mlxb","previousCounter":0,"rootKey":"j1F1Ey1TmSEVfPkOFEEd5ZGwawB1RrQZdaJ6wHq2N7E="},"indexInfo":{"baseKey":"BddIMT2w55eZhKQ59G8gaq2r4zN9YbQnjE43gYQ9C2gA","baseKeyType":2,"closed":-1,"used":1741871310004,"created":1741871310004,"remoteIdentityKey":"BUb+0cS7YMW0bOeSk5E5de12hUQoFOEk+wSHz364Hhgt"},"_chains":{"Bejal+X2qg/A7FOrJ/G4oHCRfJkDLtjsMyY91/l5mlxb":{"chainKey":{"counter":1,"key":"GLhv0nKZrubuoJ6JEGlsyeC8XnuzK8SAHs1a2c1Mfso="},"chainType":2,"messageKeys":{}},"BX+XtncRqsKkhljYnf8epLjfNawO4Y4rhA9Q10Zj5+ov":{"chainKey":{"counter":0,"key":"iRZxEFrpqHNysBrm1XKHZ6HMIgCVuUrpyNJxH8OLLq4="},"chainType":1,"messageKeys":{}}}}},"version":"v1"}