{"_sessions":{"Be4O5Rjbmf+q4zbvKuJvbyN6QfNRtmQ3V96FKB0aNRJt":{"registrationId":306446184,"currentRatchet":{"ephemeralKeyPair":{"pubKey":"Ba88uy8gTp9gQqtzRb948np2OpfygwJCJqkD+V076ERz","privKey":"WGJVTHlpRf8KA6Ip+wPKin24qU5l0vHXv7KCsZuEO2U="},"lastRemoteEphemeralKey":"Be0zGSLLWT+atQirO/QjSEWNDlIg+KnB34kzsCnesMAZ","previousCounter":0,"rootKey":"vGl/XXoBCI3wGeuYGGCa0IPT1SwcQ7cfaJ3CGzAoY8w="},"indexInfo":{"baseKey":"Be4O5Rjbmf+q4zbvKuJvbyN6QfNRtmQ3V96FKB0aNRJt","baseKeyType":1,"closed":-1,"used":1741891618240,"created":1741891618240,"remoteIdentityKey":"BQX4CaraPcjkKcjf/i9Rqgsrq0yQyRiFyBisogUOPxtW"},"_chains":{"Ba88uy8gTp9gQqtzRb948np2OpfygwJCJqkD+V076ERz":{"chainKey":{"counter":1,"key":"yUh5Z3JTrAFIOR3ObYaJQhj7g1c21gW6hgy3vhNl63Q="},"chainType":1,"messageKeys":{}}},"pendingPreKey":{"signedKeyId":15,"baseKey":"Be4O5Rjbmf+q4zbvKuJvbyN6QfNRtmQ3V96FKB0aNRJt","preKeyId":11466183}}},"version":"v1"}