{"_sessions":{"BRjR3UV6O+V8Ygnktj55CXTc/Bc8qzOB9x69I2JWQPBR":{"registrationId":938867020,"currentRatchet":{"ephemeralKeyPair":{"pubKey":"BTq/bv21nfC8UXefyq0ET3bB3g4m4CdrU1TMdQQlI8xx","privKey":"uO/ZC+wrrt5FF77rmNDQP3J4jUY52BCrLBj4FM1ne0Y="},"lastRemoteEphemeralKey":"BVdDOVIQMDqRz+ZiNY8io1BdgHZ42/SiVI9EVxaWnGBJ","previousCounter":2,"rootKey":"Eavp2WBMahLomBzUv0uqUsbWRzxkIgz5u4p8MWiAh98="},"indexInfo":{"baseKey":"BRjR3UV6O+V8Ygnktj55CXTc/Bc8qzOB9x69I2JWQPBR","baseKeyType":2,"closed":-1,"used":1741955668344,"created":1741871855005,"remoteIdentityKey":"BcyUfs8WkEmTqt6tMvrKWdeGw3wNLoDCaKeqbmZRbutL"},"_chains":{"BfJUNddxr5bre4rqAKnHyTeeKIb/kMZNbcFAqgAj0+M4":{"chainKey":{"counter":0},"chainType":2,"messageKeys":{}},"BVdDOVIQMDqRz+ZiNY8io1BdgHZ42/SiVI9EVxaWnGBJ":{"chainKey":{"counter":0,"key":"4etaVgZUeCI1lGCk4H13DIG3C/z7+H/WN0n0m+lL1Vo="},"chainType":2,"messageKeys":{}},"BTq/bv21nfC8UXefyq0ET3bB3g4m4CdrU1TMdQQlI8xx":{"chainKey":{"counter":-1,"key":"5BrY09gKp9e9T4WY2hgfOpR07FPkSIUVtkuPY8wcvms="},"chainType":1,"messageKeys":{}}}}},"version":"v1"}