{"_sessions":{"BVj18XEDZ96d9ecuHsF7SpEJHxnvqg7SCRzH88yC+wUH":{"registrationId":1798690392,"currentRatchet":{"ephemeralKeyPair":{"pubKey":"BSJvPrW2py4LAUP487WwzoxSCQLqp6ZWZ8S9lgnwBz4G","privKey":"mGUkV9x6GGr0OdIXYrDp+IEBZon/fa/WtNiQMLaLxnc="},"lastRemoteEphemeralKey":"Bc4HJHhS1mG+vXYodZfv9qBQZMoxk0e8uPuwUkY+X8k4","previousCounter":0,"rootKey":"H6IRM77Jz13ySMbpvDqf8VkfWoKmLEk8PLihN7WDw4M="},"indexInfo":{"baseKey":"BVj18XEDZ96d9ecuHsF7SpEJHxnvqg7SCRzH88yC+wUH","baseKeyType":1,"closed":-1,"used":1741877407630,"created":1741877407630,"remoteIdentityKey":"BTid6gpDH548oqvqrsduRnBdOCZ2yKc3rZ2b8kna6CUd"},"_chains":{"BSJvPrW2py4LAUP487WwzoxSCQLqp6ZWZ8S9lgnwBz4G":{"chainKey":{"counter":0,"key":"eagbIy8TqX4BjPc2xcPmoQe2Ze7k3cK78TUFCZFw5ec="},"chainType":1,"messageKeys":{}}},"pendingPreKey":{"signedKeyId":26,"baseKey":"BVj18XEDZ96d9ecuHsF7SpEJHxnvqg7SCRzH88yC+wUH","preKeyId":2372}}},"version":"v1"}