{"_sessions":{"BaV/ldy061C91n2sqMhniesHzzsJ/tHFf3cQ1TcbLjdb":{"registrationId":762263607,"currentRatchet":{"ephemeralKeyPair":{"pubKey":"BYT/f5KMfnQAMgekuhOgr7dtBCHIApIkzw5MQP7u8dN+","privKey":"gEX8hPxh3QyimkMkfRf+Vl9usNRUVUHQDYPAK82C3kk="},"lastRemoteEphemeralKey":"BSACOwqVVIKCbrnF9t60eKSSCJm15M4KH+V6DsoLgD4z","previousCounter":0,"rootKey":"9NuC4Kalf0XIlmJ/DWWfg+f43ezmh+vreu3EAslczms="},"indexInfo":{"baseKey":"BaV/ldy061C91n2sqMhniesHzzsJ/tHFf3cQ1TcbLjdb","baseKeyType":2,"closed":-1,"used":1741957225930,"created":1741871221502,"remoteIdentityKey":"BadFpuoNEoG28bkOhHmEzhBktPje2id30Y5fMtZX2/Ya"},"_chains":{"Bbxo0BvNzEG7F8FoLRO5jazMCL4B9zPQrFhHGTFN5Eot":{"chainKey":{"counter":2},"chainType":2,"messageKeys":{}},"Bcdv/btRIKjSYsREchrvu7j3zHi0PKctV8a9Zjq49ql3":{"chainKey":{"counter":14},"chainType":2,"messageKeys":{}},"BTk4nX4xHaDHIGcDzNIpeVyZcwhP+fnaKC79YttO7r59":{"chainKey":{"counter":1},"chainType":2,"messageKeys":{}},"BX+L9yNLdQJkecVSF0Mhr/1JW6wbpp1gaQOWQ/IZAbQs":{"chainKey":{"counter":0},"chainType":2,"messageKeys":{}},"BYaz2Erp2YURNCWavz46r1AU2yhmzo9w5jyssqhaPV92":{"chainKey":{"counter":1},"chainType":2,"messageKeys":{}},"BVEkMDoSzIlCK/GotLtsRhnYJDtEJavSpC2hkVZSLgQo":{"chainKey":{"counter":0},"chainType":2,"messageKeys":{}},"BYVXNVVNr23zdc/Qb54Bcl3hPc36ulmcuqW3S76PKlt5":{"chainKey":{"counter":1},"chainType":2,"messageKeys":{}},"BRAD1ok9NbvbkLvZMo5+P9PhEXHGmPoMwmf0cnGx+44a":{"chainKey":{"counter":0},"chainType":2,"messageKeys":{}},"BWFm8ZidLVVVB0w9cemPU0MJ8VZOyRXEeCz+xiSZftJZ":{"chainKey":{"counter":0},"chainType":2,"messageKeys":{}},"BdypTNNMbXNtIlrpFpj1SMcaMfCjH2fcA/OaBT2cKZ0F":{"chainKey":{"counter":2},"chainType":2,"messageKeys":{}},"Bc4DQSfcpOtJMlRX9P9+ATEQCWGdMVaSOY1z6Ozvkvho":{"chainKey":{"counter":0},"chainType":2,"messageKeys":{}},"BZjOD1v2wiI3Q+AwYiTwVUOjbArlV23Utk/pZqDUoRt0":{"chainKey":{"counter":0},"chainType":2,"messageKeys":{}},"BT8mu4LM/ZEq9uGpOkFPhT17xERY8KhAX1p+G9Z6MNt0":{"chainKey":{"counter":1},"chainType":2,"messageKeys":{}},"BaUZQKTATL8Tn+Q2wOz2ka6Md4ci4ddgVRJMJrRhN3kL":{"chainKey":{"counter":0},"chainType":2,"messageKeys":{}},"BdOp6eY7WUlKDrcKdY6hjngucmC2oqiDQUkCGfFNVwc3":{"chainKey":{"counter":0},"chainType":2,"messageKeys":{}},"BYQOd8Pq7wr/8BuYHSYJ7f9lmL5P6E1FzgDTVmcPH1Qx":{"chainKey":{"counter":1},"chainType":2,"messageKeys":{}},"BdiKKNweyys05i7qfKVXjxs5L0yBkrzRe/cq/YnpA3Nn":{"chainKey":{"counter":4},"chainType":2,"messageKeys":{}},"BfcXE+4z8/x159UuQ7EVYKd/nNOopyIXr23UkEUOg69D":{"chainKey":{"counter":0},"chainType":2,"messageKeys":{}},"BUGCKxA3HpOxnI17rLF4dWBz1pA5MKo/ZDSHaOGjDGx3":{"chainKey":{"counter":0},"chainType":2,"messageKeys":{}},"BcCJBVaOXQWERxhqYmCfnBR8yyoV25mvkI8p5xe40EpO":{"chainKey":{"counter":0},"chainType":2,"messageKeys":{}},"BaJVWQ+lohdPq+7N2mONAa4p7Ng/kfILcZRzceFVymFk":{"chainKey":{"counter":0},"chainType":2,"messageKeys":{}},"Ba81NNZ+SH/pU9rBQ3NsdVxtNcwkcDpuSJOw2JDSG0UG":{"chainKey":{"counter":0},"chainType":2,"messageKeys":{}},"BeXFeGumqs7g0g8t26pTKEkjjcMmnx+e3vy65pD4Ulla":{"chainKey":{"counter":0},"chainType":2,"messageKeys":{}},"BU21SIPsK6R+sgU8IQ/GKzaEGqDc6rKYUsEnE74M+41o":{"chainKey":{"counter":0},"chainType":2,"messageKeys":{}},"Bc4HtjKK1IoPsyLJuSrlb0lnzZUYPU7MEhzBCL2W+50E":{"chainKey":{"counter":1},"chainType":2,"messageKeys":{}},"BfveOMOuITCddCQybVme4AxSW+7CezOhLHcU0H0vf4ZK":{"chainKey":{"counter":0},"chainType":2,"messageKeys":{}},"BTI5CJXPViyWE2ESILoZ3IfvRcrJ4h30C/wlc0s0qwRY":{"chainKey":{"counter":0},"chainType":2,"messageKeys":{}},"BYDJdKSzDV2oWfHzrmaG79bWWX41o1mtQFaMGthR5uFV":{"chainKey":{"counter":0},"chainType":2,"messageKeys":{}},"BdKPP70A3q8JFW1l5n9aNJkeOZNwmjYs6Kip7t4ziRA5":{"chainKey":{"counter":0},"chainType":2,"messageKeys":{}},"BU6H8N3d+ADqP/t9z05kam1qTPaio9ER1TchgvE18D5X":{"chainKey":{"counter":1},"chainType":2,"messageKeys":{}},"BXBIE2EsEpo49HH/O7SYRMpNl/NzmV+d6qyB7qzoDOxE":{"chainKey":{"counter":1},"chainType":2,"messageKeys":{}},"BdD3bjmHLvHXeM02KJn7lvb7/aJwY5X/7Qy9R/NYHSMD":{"chainKey":{"counter":0},"chainType":2,"messageKeys":{}},"BZKWfikSO5+AmOFXsOVXy/YyVEL7Ebe2NNKVplYgwbA7":{"chainKey":{"counter":0},"chainType":2,"messageKeys":{}},"BXlsBTL9ktBuw0KOFzfAGmAiqqBm11w2h76EX/XkzMEv":{"chainKey":{"counter":0},"chainType":2,"messageKeys":{}},"BUPVERyqcyIuj3bcuJtKg6W4qRYUn4n3mPz2Ydc+4AI1":{"chainKey":{"counter":0},"chainType":2,"messageKeys":{}},"BV0FSqtyIs1XIbjrX1740KTcKpHepuinOTaDbCyidfF2":{"chainKey":{"counter":0},"chainType":2,"messageKeys":{}},"BVJ3V4TEPF607HJmqOT89TwalvqxyyBo7X14Kx11mzkJ":{"chainKey":{"counter":0},"chainType":2,"messageKeys":{}},"BcPvAjQYsgQ4SJEFN5yyXU8+P54O7ZfEdvS4oisCfRoO":{"chainKey":{"counter":0},"chainType":2,"messageKeys":{}},"BWOMqsR5uFs3/BokYXKPCD228scxulznASXFJs22nuJv":{"chainKey":{"counter":0},"chainType":2,"messageKeys":{}},"BWaelxCQYRkkNi8myFzL3JKEaxISy4hNw2BKVcUfIfhV":{"chainKey":{"counter":0},"chainType":2,"messageKeys":{}},"BRsuOu46B4jCGf72XgFtEPAQ7Curbxyt7Ok4BSEIgNMy":{"chainKey":{"counter":0},"chainType":2,"messageKeys":{}},"BRzQFhSPxP5gAv5Ocy1GIOW705+qfk2Hn2LLzCu9+u53":{"chainKey":{"counter":3},"chainType":2,"messageKeys":{}},"BbUcNhbw0uE+/eJ4oeZTmrfbEDzz2fGGeD7Z6DGZdi0i":{"chainKey":{"counter":0},"chainType":2,"messageKeys":{}},"BWAYZ9DsfozCwhSQgCfyB9jlDQjDDFX8MPamJd6Omhkq":{"chainKey":{"counter":0},"chainType":2,"messageKeys":{}},"BegLn81Deb0vizwEByV4kyaxIxyUXlMJdYmeMt33uCc3":{"chainKey":{"counter":0},"chainType":2,"messageKeys":{}},"BfC6obNEf3no2XSQtCjJh4ckzeMPdAe2n2Qp2ADDvwIs":{"chainKey":{"counter":0},"chainType":2,"messageKeys":{}},"BaF285XK/F3iPOkvyrYi4YXS6rFbvN+y7H668KvdHMo5":{"chainKey":{"counter":0},"chainType":2,"messageKeys":{}},"BRMYMfjbuA1Z4IYpK1j8nidZsGq4hLdzMAzZ9O634Ugq":{"chainKey":{"counter":1},"chainType":2,"messageKeys":{}},"BeQiTzQoMTeEcbBGfxE/31VrPinHJsbxLLylhb4x/JNb":{"chainKey":{"counter":0},"chainType":2,"messageKeys":{}},"BbB8rI2bu88vCYtGmYpPNhl20kfu46GoHNXslCV4kn0G":{"chainKey":{"counter":1},"chainType":2,"messageKeys":{}},"BeRebdjcvRhWY+HhwILjJNGeNxM4eKRu7lSN/RHleDVo":{"chainKey":{"counter":1},"chainType":2,"messageKeys":{}},"BSdnWispDqqSbPwlD8RGXpnAmfVCi8ZVghbbWZjAHVIf":{"chainKey":{"counter":0},"chainType":2,"messageKeys":{}},"BVCEMFrRFo/k5fbdXlTXX+kvP+oSKzrEuMJli5B70ucO":{"chainKey":{"counter":1},"chainType":2,"messageKeys":{"0":"fSStXOAwcelMntXQzrk8KLOyuHLEORIJNITQkatk6d4="}},"BTVRD7VvF//puAhbJJxTEqDHEAPk2Ru6b5Tq7ivXehpI":{"chainKey":{"counter":0},"chainType":2,"messageKeys":{}},"BX59lfVaUwyNGSFoWNLRFXggw0c0LuPHQ97ua5f5ntxG":{"chainKey":{"counter":0},"chainType":2,"messageKeys":{}},"BYsfU6ziDhKKddaxomxRkFqJRlesiKUQKu6R6lUAobIU":{"chainKey":{"counter":0},"chainType":2,"messageKeys":{}},"BbdEvwv0UsQyWcV9VznDXRrBTBrpUTMz3kTaRdIjaigp":{"chainKey":{"counter":0},"chainType":2,"messageKeys":{}},"Bb0NcLz+RddLMLZH7ZR0LQbHZKhovfcZYI6lyxaRMR8E":{"chainKey":{"counter":0},"chainType":2,"messageKeys":{}},"BadVouHJlxWxBNYgRbLRx3BoByo4SbVSD3BcjvzSsukS":{"chainKey":{"counter":0},"chainType":2,"messageKeys":{}},"Bfa+m+edgz7lmVoT4tTwIKOJkeME+6ghZ3GPy3rtcF0Z":{"chainKey":{"counter":2},"chainType":2,"messageKeys":{}},"BXiUTKFFyTmCq+1o+O6kDsv3gPF/tOkF9d5IJ/uiWIp8":{"chainKey":{"counter":0},"chainType":2,"messageKeys":{}},"BeGNgm/Fpumf4b9FlTu2Mfmn7OpwmXtgMRfoyY+n6TJH":{"chainKey":{"counter":0},"chainType":2,"messageKeys":{}},"BR4EPscua27CKXavRg1mqlaabpP0a1O4gE/q75Qd02JR":{"chainKey":{"counter":1},"chainType":2,"messageKeys":{}},"BZ2UrlLCoWzQwlLUw964zi32tEJpz16T/agr2JK1YUI4":{"chainKey":{"counter":0},"chainType":2,"messageKeys":{}},"BU/crU/9DYEDNUkpInj8xRbk6QX4BGGqhzwBKWBjQWpo":{"chainKey":{"counter":0},"chainType":2,"messageKeys":{}},"BeaIDdUjN5KEFaRfjpfMUp6VounpCwkIv9MntlP62j0O":{"chainKey":{"counter":0},"chainType":2,"messageKeys":{}},"BVDzKkTcC92K4sKe+t8apoxS+KWpJEpjSMBtw6ekk6FE":{"chainKey":{"counter":0},"chainType":2,"messageKeys":{}},"BfsMZHFQklD4I24XOI5kFEQ56D6GLvN1DUxXkFr0OZFW":{"chainKey":{"counter":1},"chainType":2,"messageKeys":{}},"BfHwYebLb1sUw6uAcnErrCOYQrcQRr2oyJ2/KAhWw90r":{"chainKey":{"counter":1},"chainType":2,"messageKeys":{}},"Bde3gQySY7H+moNHfdywkSGV/CAiix+4X6V6vx24oZdz":{"chainKey":{"counter":0},"chainType":2,"messageKeys":{}},"BW6kIwRw+8xqhvWjbYN+nFUnDRvMOQ3mt5smVwmf3SRB":{"chainKey":{"counter":0},"chainType":2,"messageKeys":{}},"BYXfl2RcvuuoBcLi7/aNmRRoUr0h8Yi0jqya+GIH9TZl":{"chainKey":{"counter":2},"chainType":2,"messageKeys":{}},"Bf0Qk314rELazN2BiJWqGzeGB9nRAzO3CXHKRChKJqRm":{"chainKey":{"counter":0},"chainType":2,"messageKeys":{}},"BT3f1xfpzdpkJVVQULydLaaJHRl2ZIzBvERH6ujYBQFr":{"chainKey":{"counter":0},"chainType":2,"messageKeys":{}},"BRXw/N8uOhKyCr4S2FR/daVsUVCU+bss+rtVS7XttHZk":{"chainKey":{"counter":0},"chainType":2,"messageKeys":{}},"BQw7JRxmEg54IJgSSNVUly2WkXdv38pFZTVeDK7DgpxM":{"chainKey":{"counter":0},"chainType":2,"messageKeys":{}},"BWRICNDqklSyOPlzU/v06fS7C0y0ui57oiSiHkBg0W8V":{"chainKey":{"counter":0},"chainType":2,"messageKeys":{}},"BbsFtiuUZXRPZQkokwh9zi4pBiT60U+xBy8qAOzRK4sD":{"chainKey":{"counter":0},"chainType":2,"messageKeys":{}},"BXHXmuGGhZ5kzkf9d+ViPxUZzNaCDNemV1mHBJJSwhcM":{"chainKey":{"counter":1},"chainType":2,"messageKeys":{}},"BQj+1im3uCDyHy3bgybL1sO7+xaztMiWEvCdC4JnElRT":{"chainKey":{"counter":2},"chainType":2,"messageKeys":{}},"BUJDbrIP6ev6RoAvaKCldmrnBr5CcnqINErrDfXV2PQu":{"chainKey":{"counter":0},"chainType":2,"messageKeys":{}},"BRGazqFvFcnt8Lir1kb7NIHoGExngGNOF21ORl8xu+VW":{"chainKey":{"counter":0},"chainType":2,"messageKeys":{}},"BbmfOBLWal1vQFj0JpUEUxK9pWmrLY612bGQ94quRjlu":{"chainKey":{"counter":0},"chainType":2,"messageKeys":{}},"BYfiVZ5HVfpWf0FQ8PBSUFT/6qYGQBPE7Nd/nOEirfxF":{"chainKey":{"counter":0},"chainType":2,"messageKeys":{}},"BbUyauiTzW/Rxy1nxmUq41aQLGxL8D1wLT+99FMYfPBJ":{"chainKey":{"counter":3},"chainType":2,"messageKeys":{}},"BU/aty0bikE/NSAVqpXAE/ya8Y2f7dygUTbdf0wjweNI":{"chainKey":{"counter":0},"chainType":2,"messageKeys":{}},"BXVZqkRvBnEclWoeIhjpAb8Z70fSBs724bEya6zMclAE":{"chainKey":{"counter":1},"chainType":2,"messageKeys":{}},"BU5O2vrTchZikL7JgvwZrms2SdJHQzaVNNj2lO8XHmlz":{"chainKey":{"counter":0},"chainType":2,"messageKeys":{}},"BRjtbyNwcfqaQ94Obfhsa5rQX2Tr45YmCdoooNsuJk57":{"chainKey":{"counter":1},"chainType":2,"messageKeys":{}},"BUNAauO5te+ExKRM6fAKX8CHGlkEsJJxbzt+FFd3s5JB":{"chainKey":{"counter":0},"chainType":2,"messageKeys":{}},"BXEd/aRJIlG1pm/YFIdc9ivgDn3xBn4UDLCbPE8fvegH":{"chainKey":{"counter":1},"chainType":2,"messageKeys":{}},"BQXjecESqFW0gceg5qmciyL13IhCI1uwY5SgP3Dv47I4":{"chainKey":{"counter":0},"chainType":2,"messageKeys":{}},"BSACOwqVVIKCbrnF9t60eKSSCJm15M4KH+V6DsoLgD4z":{"chainKey":{"counter":0,"key":"Fl6dpQiHPPIYaKUcYyANgs/0eXwsZ2VcUaR0USNm0zc="},"chainType":2,"messageKeys":{}},"BYT/f5KMfnQAMgekuhOgr7dtBCHIApIkzw5MQP7u8dN+":{"chainKey":{"counter":0,"key":"E/pDyQ5mSe1O/3652/Q9IeoMFgJhaEy7gX1Q4ub4wt0="},"chainType":1,"messageKeys":{}}}}},"version":"v1"}