{"_sessions":{"BRHoysOLP17gaP5k1IdrxAV+5+3TiVZcJd5SDKc+Es9Y":{"registrationId":1077241747,"currentRatchet":{"ephemeralKeyPair":{"pubKey":"BZMqdjqHw0SpaOH9gW/9VfSHAYrTdckKgQVWpKhtZTE9","privKey":"aJUDr80fy1z0HBrFyS/WAC6+sGyag1loVq51sQUymE0="},"lastRemoteEphemeralKey":"BUiiea2vcBRvTMvNoHoUV4sbakqBU2QsZk/j5rUqUNxx","previousCounter":0,"rootKey":"8+a/nu0JALG90azxxE9Dl+D5VPy1maITS9m2DZiHTPw="},"indexInfo":{"baseKey":"BRHoysOLP17gaP5k1IdrxAV+5+3TiVZcJd5SDKc+Es9Y","baseKeyType":1,"closed":-1,"used":1741874424760,"created":1741874424760,"remoteIdentityKey":"BaN60IEAXztHK/QCyPoWuFQtnn9y2j2f0mgnnGDLSVFd"},"_chains":{"BZMqdjqHw0SpaOH9gW/9VfSHAYrTdckKgQVWpKhtZTE9":{"chainKey":{"counter":2,"key":"PtNPJzSalfumH149oSSf5vb/7phjm3PzYSQnRnQiAa8="},"chainType":1,"messageKeys":{}}},"pendingPreKey":{"signedKeyId":90,"baseKey":"BRHoysOLP17gaP5k1IdrxAV+5+3TiVZcJd5SDKc+Es9Y","preKeyId":12976508}}},"version":"v1"}