{"_sessions":{"BXbApSmK0zySn7ws4RyjuQQRQh5f7JdSrcsRRsnoezIi":{"registrationId":1494438314,"currentRatchet":{"ephemeralKeyPair":{"pubKey":"BR8yS0dDDv2On3fANr2NPmcWqoQVn8U0V7O9MiFP5qtt","privKey":"mPy3rGrANmfPEkJ1NLdvRFfkasVssywO8RontxaDp0c="},"lastRemoteEphemeralKey":"BYRKUFzSMUuB6RMVaYmB0vrIq8U05kaIfJq0NNmdluRQ","previousCounter":0,"rootKey":"pQn7sBrV4UqmDTnUm5HFD/yEO6iOwjSckCG+1AWe9jw="},"indexInfo":{"baseKey":"BXbApSmK0zySn7ws4RyjuQQRQh5f7JdSrcsRRsnoezIi","baseKeyType":1,"closed":-1,"used":1741891618252,"created":1741891618252,"remoteIdentityKey":"Balpm45AH+xpCftOTlz36BnsoE92bQIO38cg7yaQrg8I"},"_chains":{"BR8yS0dDDv2On3fANr2NPmcWqoQVn8U0V7O9MiFP5qtt":{"chainKey":{"counter":1,"key":"NgMJmL0V9+e76x17CoOC4KlK9UZ+YQLWEI9u06F0iVA="},"chainType":1,"messageKeys":{}}},"pendingPreKey":{"signedKeyId":1,"baseKey":"BXbApSmK0zySn7ws4RyjuQQRQh5f7JdSrcsRRsnoezIi","preKeyId":2376821}}},"version":"v1"}