{"_sessions":{"BVOzdKUNFIBDRClRd+RAxfA4DeFTF/Vd0ZsKeNpcuIhR":{"registrationId":260797826,"currentRatchet":{"ephemeralKeyPair":{"pubKey":"BaYXCZVaX0LjsFW4kRQzc8YMOAP9zUxBQBvgxmBlpWla","privKey":"8JRG7H+hHgI3mjH01NEzlJo8grXnHSdRLg2Oe/4XF0o="},"lastRemoteEphemeralKey":"BbL4kmZ0Oiomeyc4eZkZr/x4vzxD/3G+DXp5+9BAIzx0","previousCounter":0,"rootKey":"L+Im07mY7PIm2WhsfEmxZGoEDuwfxIUY/wLqwGiQEM4="},"indexInfo":{"baseKey":"BVOzdKUNFIBDRClRd+RAxfA4DeFTF/Vd0ZsKeNpcuIhR","baseKeyType":1,"closed":-1,"used":1741877407707,"created":1741877407707,"remoteIdentityKey":"BedpGRatMcXaHUjuQvzrvK8UD3bAbPw4TlGDBJ8rxw0v"},"_chains":{"BaYXCZVaX0LjsFW4kRQzc8YMOAP9zUxBQBvgxmBlpWla":{"chainKey":{"counter":0,"key":"2XTsS2D7Rs3wZzX899ZipOUWdJi526qq7+ndSkx5eGA="},"chainType":1,"messageKeys":{}}},"pendingPreKey":{"signedKeyId":24,"baseKey":"BVOzdKUNFIBDRClRd+RAxfA4DeFTF/Vd0ZsKeNpcuIhR","preKeyId":15118751}}},"version":"v1"}