{"_sessions":{"BSY4/mgrm5VaH9kDe4Es1/bUcQB9PRftiVJdNY+8KwJG":{"registrationId":1148937307,"currentRatchet":{"ephemeralKeyPair":{"pubKey":"BYlPGwldnBrp/qjL8sUxpzlZ8r10YofaCBR+qLVwQmsG","privKey":"0FnIGjGPNgAZwtMtgnt3L0vwqCPjHImYApklsY8eE2I="},"lastRemoteEphemeralKey":"BcsI83hFg6W9LFuiti9X9+OXcBOr0i45VG0pXiP36Lw/","previousCounter":1,"rootKey":"n+TIJR0xiJe59Jdf7UDpxnSsf1qMWMipqQciiW+kNBU="},"indexInfo":{"baseKey":"BSY4/mgrm5VaH9kDe4Es1/bUcQB9PRftiVJdNY+8KwJG","baseKeyType":1,"closed":-1,"used":1741955764067,"created":1741875237785,"remoteIdentityKey":"BX1nBll6NxgV2Yzc+sbNlr/KNzgRneZAyv4o1pR24MxC"},"_chains":{"BcsI83hFg6W9LFuiti9X9+OXcBOr0i45VG0pXiP36Lw/":{"chainKey":{"counter":6,"key":"ejQzghjS77yyF55NiJdNcwkSIs6Q5k6TTTDyTKhUNlM="},"chainType":2,"messageKeys":{"1":"ApBu+v8ch5R9SDPY6DzeOrhYdO7Ookz+/eMPHympje0=","3":"YZJTRenjeZYjDZZfdwWWx9HA3h9lMzOYXcZ4Leoe/Z8="}},"BYlPGwldnBrp/qjL8sUxpzlZ8r10YofaCBR+qLVwQmsG":{"chainKey":{"counter":-1,"key":"roT72R5nxbEEqp04BRaXfRvCjJOFrwLAmE8Lc0hBIis="},"chainType":1,"messageKeys":{}}}}},"version":"v1"}