{"_sessions":{"BQIPJL4tQ+PEsx2+L4Ou42KfRt+xlBu7yQiadN8lLL9q":{"registrationId":1445713058,"currentRatchet":{"ephemeralKeyPair":{"pubKey":"BQU01iSInt9QwH/c6tlOanxx2+R3CFXJ0NIwX0fe7sw7","privKey":"sJrRpytn/wklhScjWWmN3RAsKPVfgiCv7PZTfkY+Pko="},"lastRemoteEphemeralKey":"Ba/F4qm8jJCDsQ9jz93T4ADpCBtoCUnRyovHAHNj6dAu","previousCounter":0,"rootKey":"Pn/XDLQ5xZQhvJ9Vdl+0ZynwBtWaxx0CO2QlWs9f0Ss="},"indexInfo":{"baseKey":"BQIPJL4tQ+PEsx2+L4Ou42KfRt+xlBu7yQiadN8lLL9q","baseKeyType":1,"closed":-1,"used":1741877407711,"created":1741877407711,"remoteIdentityKey":"BSMLVtVefp2QI5HpPZhZ+wD8XwpIyVVqYkJXSKp6e20h"},"_chains":{"BQU01iSInt9QwH/c6tlOanxx2+R3CFXJ0NIwX0fe7sw7":{"chainKey":{"counter":0,"key":"O3rsGFE6vz9KV9in0Vw6m7bJ6mgJzT8cTg+bSSup79s="},"chainType":1,"messageKeys":{}}},"pendingPreKey":{"signedKeyId":28,"baseKey":"BQIPJL4tQ+PEsx2+L4Ou42KfRt+xlBu7yQiadN8lLL9q","preKeyId":15046222}}},"version":"v1"}