{"_sessions":{"BVGEOE8q+kCfDuXGtAFxXMTViHAy/BRse1TtkBrRVn1L":{"registrationId":465567003,"currentRatchet":{"ephemeralKeyPair":{"pubKey":"BQAtseltndFkFfBHs5X2XdOZJfjkM0q7RqKHo4zW+zFh","privKey":"8EikdfE7VngF009MEkzNQ/4QS8pMXzsTQhgv4q/sznE="},"lastRemoteEphemeralKey":"BdWVkRdM7JPpt00hg5GEf5JP1na4l3zU6F+8u3STiSM1","previousCounter":0,"rootKey":"nCU9u1zZxrtkNvDyTDSBWMU1OkI2cMSPTonqtp23vqM="},"indexInfo":{"baseKey":"BVGEOE8q+kCfDuXGtAFxXMTViHAy/BRse1TtkBrRVn1L","baseKeyType":1,"closed":-1,"used":1741875237817,"created":1741875237817,"remoteIdentityKey":"BR+yQhGEGJaoDDDnqU6K8QDcs7EVnfpa30w0KuK3csgf"},"_chains":{"BQAtseltndFkFfBHs5X2XdOZJfjkM0q7RqKHo4zW+zFh":{"chainKey":{"counter":1,"key":"HsfQZPBWMk7Dtuchd/SG1MezwOrBfKazPJ+VW1sY54g="},"chainType":1,"messageKeys":{}}},"pendingPreKey":{"signedKeyId":10789350,"baseKey":"BVGEOE8q+kCfDuXGtAFxXMTViHAy/BRse1TtkBrRVn1L","preKeyId":14408}}},"version":"v1"}