{"_sessions":{"BSjGu1KkjvrtuPflszdccO8R1NZC2Ir5BpHFf4HTni9B":{"registrationId":799483948,"currentRatchet":{"ephemeralKeyPair":{"pubKey":"BYLQc6Hw3lWJMCrhMWelbV+MAAPhvixBNJhnJU0tyuA7","privKey":"gMPOD9TZQCU8aSudTRGXxE8f6PNXghfpYKVjq9yoY3g="},"lastRemoteEphemeralKey":"BfSfIJENMeM3US1jbHzBbHUv7MJcTvw8TVTc8aVcAKBQ","previousCounter":0,"rootKey":"yDzGWYGln/3OOQjr6AbZoT1omdZDRoytHhl3G9Gmsfs="},"indexInfo":{"baseKey":"BSjGu1KkjvrtuPflszdccO8R1NZC2Ir5BpHFf4HTni9B","baseKeyType":1,"closed":-1,"used":1741877407649,"created":1741877407649,"remoteIdentityKey":"BWzIsPphY7oXN2VLuRfJs+NOnDfUltm1L7ALPcCuZf8K"},"_chains":{"BYLQc6Hw3lWJMCrhMWelbV+MAAPhvixBNJhnJU0tyuA7":{"chainKey":{"counter":0,"key":"u5DTUV8EVaFd6EO4NKjOYNLJ+7NAHVZSlQlfGtzB7Dg="},"chainType":1,"messageKeys":{}}},"pendingPreKey":{"signedKeyId":1,"baseKey":"BSjGu1KkjvrtuPflszdccO8R1NZC2Ir5BpHFf4HTni9B","preKeyId":1389}}},"version":"v1"}