{"_sessions":{"Ba7YKYp06M4HWvoyyRtX3PuYfe7Hw9+xhCBX16Sj0pYy":{"registrationId":1581912290,"currentRatchet":{"ephemeralKeyPair":{"pubKey":"BTW6JR7LgqrWKqjCN34Y198BDjcbxyXH1YtgxWR9q0tt","privKey":"eHalAzlU7ZsKmiqwx7m+D90ydyC2nDqBy87qTkGR2lw="},"lastRemoteEphemeralKey":"BRupYRgzCvwMeFyHMw5MWDzwa/DQxqRkSF6PnLRDJANZ","previousCounter":0,"rootKey":"8qs6Ej+ReA77fcCJCdy6SJvH973fZ97d2bPxJlJbc6c="},"indexInfo":{"baseKey":"Ba7YKYp06M4HWvoyyRtX3PuYfe7Hw9+xhCBX16Sj0pYy","baseKeyType":1,"closed":-1,"used":1741874424758,"created":1741874424758,"remoteIdentityKey":"BX+1oQ0Uu/vMoevxgAPSHj16naH//S6zwB/EkZvR58VF"},"_chains":{"BTW6JR7LgqrWKqjCN34Y198BDjcbxyXH1YtgxWR9q0tt":{"chainKey":{"counter":2,"key":"rBRXb9yRl5jdbSQpUjEZQ09QzZ8wjmSDpPMwZ19H5k0="},"chainType":1,"messageKeys":{}}},"pendingPreKey":{"signedKeyId":0,"baseKey":"Ba7YKYp06M4HWvoyyRtX3PuYfe7Hw9+xhCBX16Sj0pYy","preKeyId":9778656}}},"version":"v1"}