{"_sessions":{"BULbhssixFEaSeXWnwPpZhikCPE8s/fv5XpXsNhZFbpY":{"registrationId":1356080116,"currentRatchet":{"ephemeralKeyPair":{"pubKey":"BS35KgGucCsUje930ho/nZcWN1jcVtFenv0hiKrQeaZ3","privKey":"SFkQBTuVPACTt0u1We1L+6C6mNT8q+g2c5TdkBIi814="},"lastRemoteEphemeralKey":"Bbgtxd21HpK2yASA5islutpFvngTdIBGcq04zlP3vRUu","previousCounter":0,"rootKey":"M+bFBxmxPymxocsXZOpqu/61ksvr/h91rEdXi9DuSxs="},"indexInfo":{"baseKey":"BULbhssixFEaSeXWnwPpZhikCPE8s/fv5XpXsNhZFbpY","baseKeyType":1,"closed":-1,"used":1741875237780,"created":1741875237780,"remoteIdentityKey":"BaS+PACcfsCjWbl2RT/qK0MaDzPSz8NgZPBT81CoVHJM"},"_chains":{"BS35KgGucCsUje930ho/nZcWN1jcVtFenv0hiKrQeaZ3":{"chainKey":{"counter":1,"key":"G+y19fdlnKRKtBhXSlWux+otJusi/xBLDwxrI0mEw4s="},"chainType":1,"messageKeys":{}}},"pendingPreKey":{"signedKeyId":4,"baseKey":"BULbhssixFEaSeXWnwPpZhikCPE8s/fv5XpXsNhZFbpY","preKeyId":1992411}}},"version":"v1"}