{"_sessions":{"BSMzvXvpKhXkONjCqpaXGTNhN7yaFIZJZVfewD0aGfZ2":{"registrationId":7310,"currentRatchet":{"ephemeralKeyPair":{"pubKey":"Bfmye9cnlOHeJJTqFGMz/0ox9a+2F9GfQZxBJrQKEXoU","privKey":"mM6gMfA4eZJDM1RgkRUUh/LttYtM657OJoAweM43j1g="},"lastRemoteEphemeralKey":"BUkke1wmdAW8DZyl/urs/+9AWx9OwmGRqd5oVRnjaFQY","previousCounter":0,"rootKey":"Q8VwX0iO5H1+UW7pT0+GPNx1+FCTEuzWIE6ySK9ZOYo="},"indexInfo":{"baseKey":"BSMzvXvpKhXkONjCqpaXGTNhN7yaFIZJZVfewD0aGfZ2","baseKeyType":1,"closed":-1,"used":1741874424774,"created":1741874424774,"remoteIdentityKey":"BZ5MATYYzcLurYct/9ubkvNj9yz7g1NIrItC04HEFkla"},"_chains":{"Bfmye9cnlOHeJJTqFGMz/0ox9a+2F9GfQZxBJrQKEXoU":{"chainKey":{"counter":6,"key":"bpUSYB/PkkoNg/FGei+PXxTXcXfWjEFnx5fQbKvCvOo="},"chainType":1,"messageKeys":{}}},"pendingPreKey":{"signedKeyId":1,"baseKey":"BSMzvXvpKhXkONjCqpaXGTNhN7yaFIZJZVfewD0aGfZ2"}}},"version":"v1"}