{"_sessions":{"BRxYu+tUlBeNlj2jwQfVIXyn3FBFhdfSgMndk/vAbt8L":{"registrationId":1297591727,"currentRatchet":{"ephemeralKeyPair":{"pubKey":"BX+d8pvEfSmrt7UMgQzS3SodB2DnGqi3pFhDljz9KAJh","privKey":"cADJVacyHsvSKbW8YdG+KUHRfxPedMjstTYdZGMEeWc="},"lastRemoteEphemeralKey":"BQotIUrx9RC4nT3Ge6CQ0RsW5Avu8JjdJNl9i3MecrBO","previousCounter":0,"rootKey":"H4tbQMVVBdnSfOqz5mG3AIzveRcL8nGzNAb+DxbpmI8="},"indexInfo":{"baseKey":"BRxYu+tUlBeNlj2jwQfVIXyn3FBFhdfSgMndk/vAbt8L","baseKeyType":2,"closed":-1,"used":1741871616679,"created":1741871616679,"remoteIdentityKey":"BesxO4ScYEDbYWwd3ggzSWD9Eq9w1SsZfeMamHessjlw"},"_chains":{"BQotIUrx9RC4nT3Ge6CQ0RsW5Avu8JjdJNl9i3MecrBO":{"chainKey":{"counter":0,"key":"u4K0YsOjcgDu1EjDC26OHiH8ovkvVTsqB2l+DWKGU2I="},"chainType":2,"messageKeys":{}},"BX+d8pvEfSmrt7UMgQzS3SodB2DnGqi3pFhDljz9KAJh":{"chainKey":{"counter":0,"key":"Vt7+/s/R4gahrfGZnj1xFfF/Qo9yaMf/kcPn43laXQ4="},"chainType":1,"messageKeys":{}}}}},"version":"v1"}