{"_sessions":{"BT6mTLf2HflX8aC8f+f8U2haZs8yRFtlmKap98wP3UdJ":{"registrationId":4748,"currentRatchet":{"ephemeralKeyPair":{"pubKey":"Bd318x401ytXILw0cD/k6JyY5i8u3URgIvwiKG+8u/hz","privKey":"QIYhrFBJyEtavqToVoDPs9jADaJNXmj4b8B/MDk2glE="},"lastRemoteEphemeralKey":"Bd8qjb68sitNq6Z3fWCTIBJ+0qHc197EHc1Dcqx8XPBY","previousCounter":0,"rootKey":"39gXrueu8rwazhZvoZqOGZcQufydBiASl5sXyfb57x0="},"indexInfo":{"baseKey":"BT6mTLf2HflX8aC8f+f8U2haZs8yRFtlmKap98wP3UdJ","baseKeyType":1,"closed":-1,"used":1741877407646,"created":1741877407646,"remoteIdentityKey":"Bds/xJ901wSDwHPp0rh9H7dlRl1SXHrVILqkw+Ho8B0J"},"_chains":{"Bd318x401ytXILw0cD/k6JyY5i8u3URgIvwiKG+8u/hz":{"chainKey":{"counter":0,"key":"JTqrgda8DEB9ZMhUC6oHwd1nT/KfNNvP5OHTErQdPpY="},"chainType":1,"messageKeys":{}}},"pendingPreKey":{"signedKeyId":1,"baseKey":"BT6mTLf2HflX8aC8f+f8U2haZs8yRFtlmKap98wP3UdJ"}}},"version":"v1"}