{"_sessions":{"BfLu2Px1SeefAXiGAj4qgxWM/uFTi2EnVKWMYhmZ27oC":{"registrationId":199,"currentRatchet":{"ephemeralKeyPair":{"pubKey":"BcADRdpe2K4WGd1OK+1I4cA4S8h03PVB3uIHqvbGsVFw","privKey":"YNuoJJV/y/lFH2bRJydWrhRMPZUoLpdGm0fIl19KwEY="},"lastRemoteEphemeralKey":"BXX1xqok1IXt6vTbcUp/egWtHQ8e6TjtEB7cUphz685v","previousCounter":0,"rootKey":"hD8RppTvXHFS3ua8CmJQLrgjm5YSi2QVzwHWyr6A/kM="},"indexInfo":{"baseKey":"BfLu2Px1SeefAXiGAj4qgxWM/uFTi2EnVKWMYhmZ27oC","baseKeyType":1,"closed":-1,"used":1741875237768,"created":1741875237768,"remoteIdentityKey":"BWPiQy7NpD9cZjIruRcvSWAimlHoytgrA23hR+WOWOpA"},"_chains":{"BcADRdpe2K4WGd1OK+1I4cA4S8h03PVB3uIHqvbGsVFw":{"chainKey":{"counter":1,"key":"WirGVbPFU9hDnZtPEcweoXpnw8VWHq86M1dH7pvkPJY="},"chainType":1,"messageKeys":{}}},"pendingPreKey":{"signedKeyId":1,"baseKey":"BfLu2Px1SeefAXiGAj4qgxWM/uFTi2EnVKWMYhmZ27oC"}}},"version":"v1"}