{"_sessions":{"BWjA+fMUC74dfs0Qnwpe2AigpAM/PLzTdyGyT7OmtuJp":{"registrationId":847851188,"currentRatchet":{"ephemeralKeyPair":{"pubKey":"BaACdGYdAEnW14Rjq3VDvFLiLynVRafZpYC0qpQQovh6","privKey":"6GBXey3BwDaj0SkwIs0WuZiy0hzf2pU3pHqiNq9GiWA="},"lastRemoteEphemeralKey":"BSqyKk7/B4G1hkPp6GKBZfD+xJRlhBuviUiikabi2Jsi","previousCounter":0,"rootKey":"e0pPj2TEYXuSIvkFCmEb6CUhry1+SnfskvffN3795UQ="},"indexInfo":{"baseKey":"BWjA+fMUC74dfs0Qnwpe2AigpAM/PLzTdyGyT7OmtuJp","baseKeyType":1,"closed":-1,"used":1741874424781,"created":1741874424781,"remoteIdentityKey":"BaGOWzEXG9lqdVajREzszQrcLdTBGXilPJot2/0N0ZJA"},"_chains":{"BaACdGYdAEnW14Rjq3VDvFLiLynVRafZpYC0qpQQovh6":{"chainKey":{"counter":2,"key":"9zYhJf88xT1QHt3fK/39xNMWz6Ft9ZYLcPNv71WdCMM="},"chainType":1,"messageKeys":{}}},"pendingPreKey":{"signedKeyId":1,"baseKey":"BWjA+fMUC74dfs0Qnwpe2AigpAM/PLzTdyGyT7OmtuJp","preKeyId":4463006}}},"version":"v1"}