{"_sessions":{"Bf2fgkq99neOADGtfYaN+61036kfC5fbXMADZauSBRE1":{"registrationId":809576114,"currentRatchet":{"ephemeralKeyPair":{"pubKey":"BYiCZ4E1hKGqYlhAHEq54jh35JUAOuedZq46ZvISzfI7","privKey":"qHr9zdK18nElkRMQZ7YFeQe44yKGJy5sAWDxUIbUsUA="},"lastRemoteEphemeralKey":"BanA0tnqsZ4NKP2vbPT02Ii7ZX/erf4qBAcBFesyrf1U","previousCounter":0,"rootKey":"ZvoTY6zAHMnvmcngueaKobtnB9mB2HlkdwO3AdN7IZc="},"indexInfo":{"baseKey":"Bf2fgkq99neOADGtfYaN+61036kfC5fbXMADZauSBRE1","baseKeyType":1,"closed":1741888636515,"used":1741877407666,"created":1741877407666,"remoteIdentityKey":"Bc+wHi8GO1c8BZweDrv5znIkdYaFktVGLfCDBuD5fnsX"},"_chains":{"BYiCZ4E1hKGqYlhAHEq54jh35JUAOuedZq46ZvISzfI7":{"chainKey":{"counter":0,"key":"I7VClCpqU58ZR/V7FicnI/ID1T/UB3PMW7w+5O+schI="},"chainType":1,"messageKeys":{}}},"pendingPreKey":{"signedKeyId":12,"baseKey":"Bf2fgkq99neOADGtfYaN+61036kfC5fbXMADZauSBRE1","preKeyId":9273018}},"BRmeuIuU3qUkgxOhAuvBamdMSSvgjss6H8pZKvoMatMP":{"registrationId":809576114,"currentRatchet":{"ephemeralKeyPair":{"pubKey":"BSTKzdVjXo1yN1aSzpsGuUVFXwOvdh1fGjwJLH2oP+pD","privKey":"GIJtbSagdemW0jDpMgyuOb6bP6UBSyPycd8JaNj0Qn8="},"lastRemoteEphemeralKey":"BUDiidY9+ohlxaRcwadV0t8VMp1ZK7HH4Y4SJVf3Yg10","previousCounter":0,"rootKey":"Cdzi7zdNicrbUPe1fKlRZDZZcmBFq/wWYvVLQ+89BEw="},"indexInfo":{"baseKey":"BRmeuIuU3qUkgxOhAuvBamdMSSvgjss6H8pZKvoMatMP","baseKeyType":2,"closed":-1,"used":1741888636516,"created":1741888636516,"remoteIdentityKey":"Bc+wHi8GO1c8BZweDrv5znIkdYaFktVGLfCDBuD5fnsX"},"_chains":{"BUDiidY9+ohlxaRcwadV0t8VMp1ZK7HH4Y4SJVf3Yg10":{"chainKey":{"counter":0,"key":"Z4WqteqDMYSt6+Y6matyrk1ut6SH5khWw5cA3+KKEs4="},"chainType":2,"messageKeys":{}},"BSTKzdVjXo1yN1aSzpsGuUVFXwOvdh1fGjwJLH2oP+pD":{"chainKey":{"counter":-1,"key":"rvFmRroaZqxd9Ga4s6e0VKJ4nh5Q65tWxxZwhWFtdRw="},"chainType":1,"messageKeys":{}}}}},"version":"v1"}