{"_sessions":{"BXUVEwjZij0twlJmDvNMNB4RomdgOuICWcbBk8ge08o5":{"registrationId":1454513274,"currentRatchet":{"ephemeralKeyPair":{"pubKey":"BbdOo6H8JOGuN+TBuUWAsYxMKnVdnoJmuOhfGv3f03Ra","privKey":"0PumgzkC9ebCY1HE40+Wq7jfEnPqSKYi/lpFb4aZiUo="},"lastRemoteEphemeralKey":"BQR3aNZHagAHquOBAuqC4HnyWMPcQzBc7SgLJOP86Ep6","previousCounter":0,"rootKey":"3KqU5GzGUytZ74J77ApKbIVGAyeJRndelP7fAd+llaw="},"indexInfo":{"baseKey":"BXUVEwjZij0twlJmDvNMNB4RomdgOuICWcbBk8ge08o5","baseKeyType":2,"closed":-1,"used":1741890634134,"created":1741890634134,"remoteIdentityKey":"BSbjndMPCsqxOIyDD1bGkBfQaP4Ygtd28rDd6OwKIndP"},"_chains":{"BQR3aNZHagAHquOBAuqC4HnyWMPcQzBc7SgLJOP86Ep6":{"chainKey":{"counter":0,"key":"3d25i7XCpVJSg7BvLxuaVy8zbQ8spMt14ep69KUoTX4="},"chainType":2,"messageKeys":{}},"BbdOo6H8JOGuN+TBuUWAsYxMKnVdnoJmuOhfGv3f03Ra":{"chainKey":{"counter":-1,"key":"6WbkXHDoNrp7iq2D9tOuKX3rjnQ88Nvw3CZE0Ct2EXg="},"chainType":1,"messageKeys":{}}}}},"version":"v1"}