{"_sessions":{"BS7tA0UBhRbebjzkem62iCOHuOtjFkwTj2cGswN16a0b":{"registrationId":1755241713,"currentRatchet":{"ephemeralKeyPair":{"pubKey":"BQmLZ/PG8bWWpkV9MNxqwNMd61yr8YmU166hdCQ174UR","privKey":"cPshZ/9qNahCa2Lqn95ONzGtz670BUrO5/5wOuqSP0A="},"lastRemoteEphemeralKey":"BZ6H3goBPmEfsJ4bZDoLEmD2M6eBvDe31LGwNkGF8iA4","previousCounter":0,"rootKey":"361DI/NuCR1k45RVxXI3ysyFg+zWTkyzcpr/sTDyT8I="},"indexInfo":{"baseKey":"BS7tA0UBhRbebjzkem62iCOHuOtjFkwTj2cGswN16a0b","baseKeyType":1,"closed":-1,"used":1741877407728,"created":1741877407728,"remoteIdentityKey":"BbmnyvbEf69sFfHIAc2eRYOomSxS3Eop2/s1MZ6qvhoJ"},"_chains":{"BQmLZ/PG8bWWpkV9MNxqwNMd61yr8YmU166hdCQ174UR":{"chainKey":{"counter":0,"key":"ZV1qskTA13Ld2C2d3n38bVkkyuMA3+oOH+AlPCs9tf0="},"chainType":1,"messageKeys":{}}},"pendingPreKey":{"signedKeyId":7,"baseKey":"BS7tA0UBhRbebjzkem62iCOHuOtjFkwTj2cGswN16a0b","preKeyId":7846027}}},"version":"v1"}