{"_sessions":{"BQXyGKW0yZqos/t9xqP9Ztoq/f1lQpyFFizCEIHJcO02":{"registrationId":198373930,"currentRatchet":{"ephemeralKeyPair":{"pubKey":"Ba9D0d40xerGMe92Ab/IoXFiwYLp6fpWwF582y3MyZle","privKey":"yMk1t7bKBjznz/z6bCT9RwX+uIWYb27KsXQV9f7uQ38="},"lastRemoteEphemeralKey":"BXw/MvmiSxoU+rIrINfdaysWZ6Iy5I5SRRBjedDX8gAr","previousCounter":0,"rootKey":"daQAjNuHtCl4CYRzPSNnYN9i61q+9Lg2lfxyWb526N8="},"indexInfo":{"baseKey":"BQXyGKW0yZqos/t9xqP9Ztoq/f1lQpyFFizCEIHJcO02","baseKeyType":1,"closed":-1,"used":1741891618229,"created":1741891618229,"remoteIdentityKey":"BUlCxZtZqdpK1q8BNPq4idrpY9FHAcw+lBOBBzl//igH"},"_chains":{"Ba9D0d40xerGMe92Ab/IoXFiwYLp6fpWwF582y3MyZle":{"chainKey":{"counter":1,"key":"a3p/xQFw7mRPkQgNqPj7N3kd2Uw1WlHXBpVmEw1FSfM="},"chainType":1,"messageKeys":{}}},"pendingPreKey":{"signedKeyId":5,"baseKey":"BQXyGKW0yZqos/t9xqP9Ztoq/f1lQpyFFizCEIHJcO02","preKeyId":12068}}},"version":"v1"}