{"_sessions":{"BYy3hEO2p+ltobBvTj9CDam6BooVfvbpjumLcrcGlu8z":{"registrationId":296324759,"currentRatchet":{"ephemeralKeyPair":{"pubKey":"BaJI1J8e9eMzp3aB9DkfvCEr5y7MG9Gvq8qCQMEXQmV+","privKey":"CDTT1tgTQ+m0dihmS/pQJgRQiY+Ae7mNWCrXpVW4XUM="},"lastRemoteEphemeralKey":"BSaVUwHmSKvQdq+a3NvCJH1C9IsFYT3wmpMcCagRQGYv","previousCounter":0,"rootKey":"h1nEMokNGoKiXAZFCvMKXrfIa9zwRo1nT/Nb2G9TERU="},"indexInfo":{"baseKey":"BYy3hEO2p+ltobBvTj9CDam6BooVfvbpjumLcrcGlu8z","baseKeyType":1,"closed":-1,"used":1741891618230,"created":1741891618230,"remoteIdentityKey":"BVNaj7erXlftV5KT5fu/6vk6i2UnqOc+C+wYN5mUg3lj"},"_chains":{"BaJI1J8e9eMzp3aB9DkfvCEr5y7MG9Gvq8qCQMEXQmV+":{"chainKey":{"counter":1,"key":"B0Nfds1ZWl7G+YKU1Cv1YRrP4bPwkAzKNGseKDmUn2o="},"chainType":1,"messageKeys":{}}},"pendingPreKey":{"signedKeyId":18,"baseKey":"BYy3hEO2p+ltobBvTj9CDam6BooVfvbpjumLcrcGlu8z","preKeyId":7263475}}},"version":"v1"}