{"_sessions":{"BRBF1o1SV4opfV7Nj+5DOppvk5kbHyHlqnVg+FQk8nJv":{"registrationId":1597457385,"currentRatchet":{"ephemeralKeyPair":{"pubKey":"BbWgoGFa8MP0MH85oiDCUFlzaqtviNUxUG0XP7tV+dpY","privKey":"qH/vIqnZCwnBy6FAOUBhyy+gts2d2J/pUelgn4mBOEU="},"lastRemoteEphemeralKey":"BSLwWFnpMLeTHvuStAgcfKYyDzcDXERBsXgCr2fl1nwp","previousCounter":0,"rootKey":"zrGTywuhsKz4e1My1RRTFqqtK7vHif1dEYtYqA7Gn3g="},"indexInfo":{"baseKey":"BRBF1o1SV4opfV7Nj+5DOppvk5kbHyHlqnVg+FQk8nJv","baseKeyType":1,"closed":-1,"used":1741875237810,"created":1741875237810,"remoteIdentityKey":"BdD8/pZwMsuW82SNvhLitvVyggDPcMeeunKGHbkAsJl2"},"_chains":{"BbWgoGFa8MP0MH85oiDCUFlzaqtviNUxUG0XP7tV+dpY":{"chainKey":{"counter":1,"key":"oumX+/FbSyPDxX6jfR9dG5Cz4o5Ptfue9pLRYo1fhAQ="},"chainType":1,"messageKeys":{}}},"pendingPreKey":{"signedKeyId":3,"baseKey":"BRBF1o1SV4opfV7Nj+5DOppvk5kbHyHlqnVg+FQk8nJv","preKeyId":5015704}}},"version":"v1"}