{"_sessions":{"BUNSxhVh0pygh6k1SQ3H4sjCg6vCWfjLLJfJqsrC94R6":{"registrationId":1195965428,"currentRatchet":{"ephemeralKeyPair":{"pubKey":"BQACMjookO8GlrH+eFhta+wdF5j2jFuQFwZDfDzTTdZq","privKey":"qIHnQmoRGH7XzVFWkH2y5ZBWuFa1mRzd04uwMo5gK20="},"lastRemoteEphemeralKey":"Be0nKFMPp22eZKgCrsCARTLprwGSpYJp7phpwZGmP+cM","previousCounter":0,"rootKey":"7vj5mkWIPWvlcqtHXrlrqaumfYuHz0rbs26DI6mWb2Q="},"indexInfo":{"baseKey":"BUNSxhVh0pygh6k1SQ3H4sjCg6vCWfjLLJfJqsrC94R6","baseKeyType":1,"closed":-1,"used":1741875237812,"created":1741875237812,"remoteIdentityKey":"Bcud4gzAWIGaSAvoM2V2K4XzBKfXjEwBU1UZPh+2jdpE"},"_chains":{"BQACMjookO8GlrH+eFhta+wdF5j2jFuQFwZDfDzTTdZq":{"chainKey":{"counter":1,"key":"5rIdEQ6HB+JD96m6x96mYBbLHvCh/yQrWR3XSZZL1Uc="},"chainType":1,"messageKeys":{}}},"pendingPreKey":{"signedKeyId":3,"baseKey":"BUNSxhVh0pygh6k1SQ3H4sjCg6vCWfjLLJfJqsrC94R6","preKeyId":3021243}}},"version":"v1"}