{"_sessions":{"BcAY75HbyWIlfCLhb+fZYqw6u3jMZxjVapvRmgdbS8pE":{"registrationId":685253173,"currentRatchet":{"ephemeralKeyPair":{"pubKey":"BV2IpsLnX2FGfNHybGn9UcV26cBlKxJNo6YX33xdEVF4","privKey":"KFRqqIVMHWjcBglcZk8gCDgQ8H3VoXsJRNO+VfDy9kg="},"lastRemoteEphemeralKey":"BQMv3mfr8jJ/N+dWAG0cjbOUdcgDSV1G7LlfmblH3Agz","previousCounter":0,"rootKey":"qAFrXBiI9tnCCpKExqRnsFqQSBqf8n4ffr/dN06WocY="},"indexInfo":{"baseKey":"BcAY75HbyWIlfCLhb+fZYqw6u3jMZxjVapvRmgdbS8pE","baseKeyType":1,"closed":-1,"used":1741891618260,"created":1741891618260,"remoteIdentityKey":"Bd37NkqjyhA86R5XUoPQKomQNPV5XyRmLcHkN9ihAgEJ"},"_chains":{"BV2IpsLnX2FGfNHybGn9UcV26cBlKxJNo6YX33xdEVF4":{"chainKey":{"counter":1,"key":"c/QMwyJ9KmwwGggFFIYVO5ThbscrdZd8PYb3NPmPTDU="},"chainType":1,"messageKeys":{}}},"pendingPreKey":{"signedKeyId":0,"baseKey":"BcAY75HbyWIlfCLhb+fZYqw6u3jMZxjVapvRmgdbS8pE","preKeyId":11865625}}},"version":"v1"}