{"_sessions":{"BdwL8cEK9Uv++nQXm4N+iJR90HV+NNBQDPRlBgIRHpBo":{"registrationId":1425378303,"currentRatchet":{"ephemeralKeyPair":{"pubKey":"BYpFJ0cB4usCAVMK6QQIsW+XSM4bOY7+jKEv1NiMOcht","privKey":"YNU9tELOnypEAuhSzdf/8fxUGgBBME7oJUrjsCqyBG4="},"lastRemoteEphemeralKey":"BR6CySeEvLsaqvLGiademFLwsLqFYhr24tUY5p4hH2Yy","previousCounter":0,"rootKey":"1hgnx3mDrQV48IV96yaX8TltwT0IhNG2L3n/1e1uV9M="},"indexInfo":{"baseKey":"BdwL8cEK9Uv++nQXm4N+iJR90HV+NNBQDPRlBgIRHpBo","baseKeyType":1,"closed":-1,"used":1741877407706,"created":1741877407706,"remoteIdentityKey":"Bd7irw/CHB5nwb4UoXucu0YK+s0lfCHhxYDEC8uvMxYj"},"_chains":{"BYpFJ0cB4usCAVMK6QQIsW+XSM4bOY7+jKEv1NiMOcht":{"chainKey":{"counter":0,"key":"gmbIe9GLXzJCNV0hbFPCCS4TJ7r15rMTO39qAnjniSM="},"chainType":1,"messageKeys":{}}},"pendingPreKey":{"signedKeyId":26,"baseKey":"BdwL8cEK9Uv++nQXm4N+iJR90HV+NNBQDPRlBgIRHpBo","preKeyId":1213846}}},"version":"v1"}