{"_sessions":{"BU4k4pvZAM3GcUJM8jgqHrtdO8NY1Ll/PTrYTbIcuLcB":{"registrationId":1989723272,"currentRatchet":{"ephemeralKeyPair":{"pubKey":"BSqsKe/SvuOskUV5rLCmZLizhkHNI2zOeaGrma3updFF","privKey":"iBTYPOAXnGIhsIaN7/l0cBWEx/E6FaPG8BG40ypAmW8="},"lastRemoteEphemeralKey":"BTiFhrhcvyN+X+5D50n+gSVkdKlIqvtlvwFe2eei6c4F","previousCounter":0,"rootKey":"eOKg6Y+QIUVym4naQKGyUnJWqolPk1tUOE92jJKyxvc="},"indexInfo":{"baseKey":"BU4k4pvZAM3GcUJM8jgqHrtdO8NY1Ll/PTrYTbIcuLcB","baseKeyType":1,"closed":-1,"used":1741891618259,"created":1741891618259,"remoteIdentityKey":"BfEFI3+OjIFFQBg7OtP3t9u1yRpVojoI7ifISmOtR6wQ"},"_chains":{"BSqsKe/SvuOskUV5rLCmZLizhkHNI2zOeaGrma3updFF":{"chainKey":{"counter":1,"key":"dLPUXnmtFIDEZrrsLcf9uQvFZMevLd6R8J7JB9Zb4Pk="},"chainType":1,"messageKeys":{}}},"pendingPreKey":{"signedKeyId":49,"baseKey":"BU4k4pvZAM3GcUJM8jgqHrtdO8NY1Ll/PTrYTbIcuLcB","preKeyId":10335496}}},"version":"v1"}