{"_sessions":{"BdP7+JltSNeaJb+l31SGBgArjz2yALdFkNcotjROkQkh":{"registrationId":711658528,"currentRatchet":{"ephemeralKeyPair":{"pubKey":"BbWd8jGh7ATQpfjgUxNJy0wZnoi0XjFEFJ1F5+z5dwY4","privKey":"MFzLqOtZPAfpbFHnTCB0ZgLBANloTd5i6sVWyiMrrXM="},"lastRemoteEphemeralKey":"BcBCuW7u2rU4+IMoWce2gnLhKYkBvZWHQuKCvHOYhI1Q","previousCounter":0,"rootKey":"giRQERrN8rqbcIuNdft2O29PH+JQXrohjCh6roKcN5o="},"indexInfo":{"baseKey":"BdP7+JltSNeaJb+l31SGBgArjz2yALdFkNcotjROkQkh","baseKeyType":1,"closed":-1,"used":1741875237772,"created":1741875237772,"remoteIdentityKey":"BfuC9dyeak9ob6723+jdavQNQOlUAlc9ONBUzFNocfEv"},"_chains":{"BbWd8jGh7ATQpfjgUxNJy0wZnoi0XjFEFJ1F5+z5dwY4":{"chainKey":{"counter":1,"key":"DAtUV7v5+a2b1tMcl16BzeFsCbTtdVT3llS29gL2VS0="},"chainType":1,"messageKeys":{}}},"pendingPreKey":{"signedKeyId":0,"baseKey":"BdP7+JltSNeaJb+l31SGBgArjz2yALdFkNcotjROkQkh"}}},"version":"v1"}