{"_sessions":{"BZVVH+ZWUCPArQE61gddqTkR0OHIUEAwv/xIYcI7p0pU":{"registrationId":555762640,"currentRatchet":{"ephemeralKeyPair":{"pubKey":"BXENKh/R/sBY0OL6xQ9tiAzQPjRoDklasEv764glhVUE","privKey":"4GHeYL7J29bFcSbkgw+DIj5zJ/N/+ZE/NQWDzr1dV0I="},"lastRemoteEphemeralKey":"BYtMR1JxqEdZHX9ueWT0pnkLaS01QZeiMC+Me/pPvvAe","previousCounter":0,"rootKey":"lmpVD86U8SJsP4VRdEMTHZMcg2mNkWXYaOq9I7AfqSo="},"indexInfo":{"baseKey":"BZVVH+ZWUCPArQE61gddqTkR0OHIUEAwv/xIYcI7p0pU","baseKeyType":1,"closed":-1,"used":1741891618257,"created":1741891618257,"remoteIdentityKey":"BX2J0ZStdDj9uV6cRStepCAF0fCdFkbkJQLXhKt9USVe"},"_chains":{"BXENKh/R/sBY0OL6xQ9tiAzQPjRoDklasEv764glhVUE":{"chainKey":{"counter":1,"key":"lMRA+eoE1lkxyB/1Msrwm3VHAwn86DSsXZxp04+ZQDU="},"chainType":1,"messageKeys":{}}},"pendingPreKey":{"signedKeyId":72,"baseKey":"BZVVH+ZWUCPArQE61gddqTkR0OHIUEAwv/xIYcI7p0pU","preKeyId":9428788}}},"version":"v1"}