{"_sessions":{"BaMiqh8kSKpzDu3NDSVVuLny1E1nkjZamUjCk1d6popw":{"registrationId":410121417,"currentRatchet":{"ephemeralKeyPair":{"pubKey":"BfBqe2YXkcmaq45AHbmX57q5mPV3zmdGFvgqpPgOltkq","privKey":"KL45lyf67M8AoioTYTjphq95gmih+d+CB06E5oRxrEM="},"lastRemoteEphemeralKey":"BfxL4TnHUk+PWdKohgeIbi4Fn0AiDgOlThq+1AKM9SIJ","previousCounter":0,"rootKey":"9EkapX+11AEThAipfAoGWlfsnr02OXSV4MTj0BfaW/Y="},"indexInfo":{"baseKey":"BaMiqh8kSKpzDu3NDSVVuLny1E1nkjZamUjCk1d6popw","baseKeyType":1,"closed":-1,"used":1741874424791,"created":1741874424791,"remoteIdentityKey":"BZRl2iArLXR2wdwnL96qI2BnsqstkcMWftEd+Mswmj0W"},"_chains":{"BfBqe2YXkcmaq45AHbmX57q5mPV3zmdGFvgqpPgOltkq":{"chainKey":{"counter":2,"key":"rxXd5NN28WDBQNhyVCN4TYOseuouCPfrYtxb1oX3ZfA="},"chainType":1,"messageKeys":{}}},"pendingPreKey":{"signedKeyId":0,"baseKey":"BaMiqh8kSKpzDu3NDSVVuLny1E1nkjZamUjCk1d6popw","preKeyId":4368388}}},"version":"v1"}