{"_sessions":{"BarbjY6JOIy4sHQKcH0wTNMqwOaYwdqjvPCiPUTCYNQh":{"registrationId":1293816413,"currentRatchet":{"ephemeralKeyPair":{"pubKey":"BSiAQqyVeNRxcjGeh8xWIg2aozBv3g8ofxGSsudYlm9f","privKey":"kHvVphq9PqnaOYJzYFmaVbngMI5jBhWZa53PDrzEDlA="},"lastRemoteEphemeralKey":"BQd6yLkBPj6EhwYRmAujUarxoxyTbj8txa4StsmaNo5Z","previousCounter":0,"rootKey":"kbIlurPczVneGRv0UmKIAOCFg1WOhqC3qFM6Ws2c8Kg="},"indexInfo":{"baseKey":"BarbjY6JOIy4sHQKcH0wTNMqwOaYwdqjvPCiPUTCYNQh","baseKeyType":1,"closed":-1,"used":1741874424804,"created":1741874424804,"remoteIdentityKey":"BZLQOcNPmgJ051Sr2U/XnuL6glHrRBBlwSHfD4ZyrcI8"},"_chains":{"BSiAQqyVeNRxcjGeh8xWIg2aozBv3g8ofxGSsudYlm9f":{"chainKey":{"counter":2,"key":"Dv3ICdZAZSjHXU/E0+O3+NSLks2ULHT3rUbXtR+CSpk="},"chainType":1,"messageKeys":{}}},"pendingPreKey":{"signedKeyId":41,"baseKey":"BarbjY6JOIy4sHQKcH0wTNMqwOaYwdqjvPCiPUTCYNQh","preKeyId":3618492}}},"version":"v1"}