{"_sessions":{"BYLhdF7EiPBnz4CJGNp9mSpUJhTmfyZDuFNS9Vy9lwJV":{"registrationId":2022428416,"currentRatchet":{"ephemeralKeyPair":{"pubKey":"BZODMayOU+mc5SQYKBq0CIlP1OySmUCSRt02XX/0Ey5C","privKey":"EIINAST/OOE+O+LhNVMwseioOLvf3tJNPqWmur2FdnU="},"lastRemoteEphemeralKey":"BQAdtcSQxyA9XW7Pa6n/zmMtVPANgKBYjGc9v9MKol40","previousCounter":0,"rootKey":"40CoVy58JGEh5r7qZBfuf2KSyA713YVOf3LJ9WoYH8E="},"indexInfo":{"baseKey":"BYLhdF7EiPBnz4CJGNp9mSpUJhTmfyZDuFNS9Vy9lwJV","baseKeyType":1,"closed":-1,"used":1741877407716,"created":1741877407716,"remoteIdentityKey":"BY28olVAR8w7WzV9obt9mZWcMQDt75EjgJngkhjx6wgb"},"_chains":{"BZODMayOU+mc5SQYKBq0CIlP1OySmUCSRt02XX/0Ey5C":{"chainKey":{"counter":0,"key":"nOdoxb7tOi91ouHeOfvgSHKz3bT3V74q/WX+SBjR6MM="},"chainType":1,"messageKeys":{}}},"pendingPreKey":{"signedKeyId":0,"baseKey":"BYLhdF7EiPBnz4CJGNp9mSpUJhTmfyZDuFNS9Vy9lwJV","preKeyId":9782115}}},"version":"v1"}