{"_sessions":{"BedPmoUtoyFdZZuV8CDiEDJhVv0hLR5UnSczfLOnNyQF":{"registrationId":97,"currentRatchet":{"ephemeralKeyPair":{"pubKey":"BQ0HtzhC7G81lTXbeNASAvBwFz4/og00gdMi22TvCAUm","privKey":"6A38NYP3Hdk8K9xaKqfXFpO214v10HXB7GJndFzrgHU="},"lastRemoteEphemeralKey":"Bbq159Ae6VxuNlO4gCVFglYp1Ef3svb0GC4mSj44rp9m","previousCounter":0,"rootKey":"3A/gxWvW3nun/V3z9jjEz6AwMwB4JzZbAFHUVzQLw88="},"indexInfo":{"baseKey":"BedPmoUtoyFdZZuV8CDiEDJhVv0hLR5UnSczfLOnNyQF","baseKeyType":1,"closed":1741875239590,"used":1741875237765,"created":1741875237765,"remoteIdentityKey":"Be/F6fm/Bd3ZolMqTkTSElT76yRyuIYz7eMQ6zbd1R1g"},"_chains":{"BQ0HtzhC7G81lTXbeNASAvBwFz4/og00gdMi22TvCAUm":{"chainKey":{"counter":0,"key":"wj7qNN5ufKJRGKj8qyuwxAsQOY2zrAwjGJk67fX9ZEE="},"chainType":1,"messageKeys":{}}},"pendingPreKey":{"signedKeyId":1,"baseKey":"BedPmoUtoyFdZZuV8CDiEDJhVv0hLR5UnSczfLOnNyQF","preKeyId":26}},"Bbgyt5Fm3HlX1iL32fuTXsAdVVTgq4CRLQMzAZsDy5p7":{"registrationId":97,"currentRatchet":{"ephemeralKeyPair":{"pubKey":"BQm8qxQi1RT/BUwKf2O4psXPyLq+yH7n7OIzwEe6O5VN","privKey":"sLCxtMsnOARm5djozllDZ6VuvKDfQe743C53iC7vyWw="},"lastRemoteEphemeralKey":"Bbq159Ae6VxuNlO4gCVFglYp1Ef3svb0GC4mSj44rp9m","previousCounter":0,"rootKey":"4yBNui4XAk2GUUTZFDXbfiTmACuGyrDj9S0HupVT8zg="},"indexInfo":{"baseKey":"Bbgyt5Fm3HlX1iL32fuTXsAdVVTgq4CRLQMzAZsDy5p7","baseKeyType":1,"closed":1741875240196,"used":1741875239583,"created":1741875239583,"remoteIdentityKey":"Be/F6fm/Bd3ZolMqTkTSElT76yRyuIYz7eMQ6zbd1R1g"},"_chains":{"BQm8qxQi1RT/BUwKf2O4psXPyLq+yH7n7OIzwEe6O5VN":{"chainKey":{"counter":-1,"key":"jVN+R/FonkzNs3MG8FXBcnVgpDteyVfA8FAzy8SrUUQ="},"chainType":1,"messageKeys":{}}},"pendingPreKey":{"signedKeyId":1,"baseKey":"Bbgyt5Fm3HlX1iL32fuTXsAdVVTgq4CRLQMzAZsDy5p7","preKeyId":10}},"BTf6oZuhg2NW+foMRnIfNHTE/uGU6z1Euk2v5bxQ+YQT":{"registrationId":97,"currentRatchet":{"ephemeralKeyPair":{"pubKey":"BWN+r5W7gg5Vp5NEJ8EopGqkZlFNRS6i5lyj6Aq51ksC","privKey":"kFqTFbGpnpqfQH+SpGlaXu3DbARZIgoyG7bz+5sve1E="},"lastRemoteEphemeralKey":"Bbq159Ae6VxuNlO4gCVFglYp1Ef3svb0GC4mSj44rp9m","previousCounter":0,"rootKey":"5iJooPIhpWXBl+d2fEs3/bJwlgiMtCoOgsTOl26vb8I="},"indexInfo":{"baseKey":"BTf6oZuhg2NW+foMRnIfNHTE/uGU6z1Euk2v5bxQ+YQT","baseKeyType":1,"closed":1741877441343,"used":1741875240191,"created":1741875240191,"remoteIdentityKey":"Be/F6fm/Bd3ZolMqTkTSElT76yRyuIYz7eMQ6zbd1R1g"},"_chains":{"BWN+r5W7gg5Vp5NEJ8EopGqkZlFNRS6i5lyj6Aq51ksC":{"chainKey":{"counter":-1,"key":"wczlzV2pC6+x6i4S3lkPtH/z8PRyytV6HXNBQTme0Ak="},"chainType":1,"messageKeys":{}}},"pendingPreKey":{"signedKeyId":1,"baseKey":"BTf6oZuhg2NW+foMRnIfNHTE/uGU6z1Euk2v5bxQ+YQT","preKeyId":23}},"Bcq2e12TLp2dRXC1tsxWGps9+vi96Y1+NStWwO7rekVu":{"registrationId":97,"currentRatchet":{"ephemeralKeyPair":{"pubKey":"BUNpxJSja+p3jL62E7AQkEJ6dMjEYWIwzoFFL3ywib9T","privKey":"CMTGiM+lu177pQ+XlKdMppXJmKm0S3pYnQ4ZKRopGns="},"lastRemoteEphemeralKey":"BQz8z40O+GQIutS52JI4KTWZFzNcFvCgQzwsF6JsfslE","previousCounter":0,"rootKey":"LgMFY0sDLWsMxT4sXIhPoyGo4plbT076fpWI7x9HBtI="},"indexInfo":{"baseKey":"Bcq2e12TLp2dRXC1tsxWGps9+vi96Y1+NStWwO7rekVu","baseKeyType":2,"closed":-1,"used":1741877441344,"created":1741877441344,"remoteIdentityKey":"Be/F6fm/Bd3ZolMqTkTSElT76yRyuIYz7eMQ6zbd1R1g"},"_chains":{"BQz8z40O+GQIutS52JI4KTWZFzNcFvCgQzwsF6JsfslE":{"chainKey":{"counter":0,"key":"xzqug1KgqzxenRy9DfhkdAYVzWa+fLz+V8TvwSpKAYQ="},"chainType":2,"messageKeys":{}},"BUNpxJSja+p3jL62E7AQkEJ6dMjEYWIwzoFFL3ywib9T":{"chainKey":{"counter":0,"key":"z0iBf3Xu9xcSrZPHOJwS6upXBDsxtDzZmnSwz/dAcpA="},"chainType":1,"messageKeys":{}}}}},"version":"v1"}