{"_sessions":{"BfBQNs7+mqQ2/CZ8Mg/wwfxyr5TSYAgVr7/UaiipPuUl":{"registrationId":1440071426,"currentRatchet":{"ephemeralKeyPair":{"pubKey":"BeJdL+lS3TcQEpekqDnJ1RLwMaSXZ2tHq2LJxfm9U4ZU","privKey":"aMXh73S3oMA4EQYzI7c/ELAO76d4iQkq+mjymQvY8kg="},"lastRemoteEphemeralKey":"BaHurJjyTMcxn6ss4gdoEIABlTfhoQhL9xfjnZ7pdOdN","previousCounter":0,"rootKey":"9/4vBEWy+Ti/QIdH9KuPGLt55WsDedIKwLOWHwieqE4="},"indexInfo":{"baseKey":"BfBQNs7+mqQ2/CZ8Mg/wwfxyr5TSYAgVr7/UaiipPuUl","baseKeyType":1,"closed":-1,"used":1741877407715,"created":1741877407715,"remoteIdentityKey":"BXXHeVeGF2laomAI1SF48FOmN3tZQZ3FF/woRTwc5tcz"},"_chains":{"BeJdL+lS3TcQEpekqDnJ1RLwMaSXZ2tHq2LJxfm9U4ZU":{"chainKey":{"counter":0,"key":"rQNjEqYtJ5aHPDq+XgPdqfZ5EA1UPeiZgDnKWL/9/gY="},"chainType":1,"messageKeys":{}}},"pendingPreKey":{"signedKeyId":2,"baseKey":"BfBQNs7+mqQ2/CZ8Mg/wwfxyr5TSYAgVr7/UaiipPuUl","preKeyId":3134397}}},"version":"v1"}