{"_sessions":{"BbFP0BHoV5GL4LfHOtuLaYQx6MKP/gGzSg9O8hSRmusH":{"registrationId":7347,"currentRatchet":{"ephemeralKeyPair":{"pubKey":"BRFFdtIZdDo2ldLsQPejMED7FRmH+JIxHkubLRyL2XUF","privKey":"IPm3ztcJ39YUsuCauqTF+nIoDFZvFVCOIMA1bxPSD0E="},"lastRemoteEphemeralKey":"BdnkjtaCIMTwpovZOVQIIEHCocV5iY6Oy68fbqphEhQ3","previousCounter":0,"rootKey":"R8uhRrbnyf/prgCPQkWglI1Se1lfkTXivqFURw53CJA="},"indexInfo":{"baseKey":"BbFP0BHoV5GL4LfHOtuLaYQx6MKP/gGzSg9O8hSRmusH","baseKeyType":1,"closed":-1,"used":1741877407650,"created":1741877407650,"remoteIdentityKey":"BZZD8iSsEV7Me/XaxQ69d/Si6wbkxcXnim+i+lcpFFEz"},"_chains":{"BRFFdtIZdDo2ldLsQPejMED7FRmH+JIxHkubLRyL2XUF":{"chainKey":{"counter":0,"key":"0g9RZDY41DZCOYDZ8LcZu6wnBairVtbdcBoxJc37SGI="},"chainType":1,"messageKeys":{}}},"pendingPreKey":{"signedKeyId":1,"baseKey":"BbFP0BHoV5GL4LfHOtuLaYQx6MKP/gGzSg9O8hSRmusH"}}},"version":"v1"}