{"_sessions":{"BRZUCkYBWOoVr5yYzLOJ1sLC3z9JcI0WWY3sQsWkWw9C":{"registrationId":13512,"currentRatchet":{"ephemeralKeyPair":{"pubKey":"BfYcrPlKCePafooRHbt2Tm4yhx8LFAKeXg3GIVT4PJUF","privKey":"6NPRa9CVHRk5gjLeXaB0VL79LpejEkGCHHODWoYUMFo="},"lastRemoteEphemeralKey":"BZkkYLF6yJ1obSD8/Vkga8GGfXz19QcI+j31FpQ9QdQ5","previousCounter":0,"rootKey":"f4GRNDt2RLWUwCmpNhV7dWXmo3YtEgoPWySmGs77uoc="},"indexInfo":{"baseKey":"BRZUCkYBWOoVr5yYzLOJ1sLC3z9JcI0WWY3sQsWkWw9C","baseKeyType":1,"closed":-1,"used":1741871221989,"created":1741871221989,"remoteIdentityKey":"BdF5e+ShuC0JTjG4ARytT0eZI1czr8c3YbxxoIfNb5Am"},"_chains":{"BfYcrPlKCePafooRHbt2Tm4yhx8LFAKeXg3GIVT4PJUF":{"chainKey":{"counter":189,"key":"Gl4wJ9+4rz32O/wPNgOgQBbIHhYQK+KWgkFaNlPmMGw="},"chainType":1,"messageKeys":{}}},"pendingPreKey":{"signedKeyId":1,"baseKey":"BRZUCkYBWOoVr5yYzLOJ1sLC3z9JcI0WWY3sQsWkWw9C"}}},"version":"v1"}