{"_sessions":{"BaSARRbpqzWkZlJTMGtW2CXElA0KbCaDlrHAqiGCtZYg":{"registrationId":174694086,"currentRatchet":{"ephemeralKeyPair":{"pubKey":"BQXZ5rG+lqZ46MdP8n+dEsa8eu2JcUzdG0syxJAr3/dX","privKey":"iF4tB23qT70rZglzTps1himzKYprWydxypVGwv87slU="},"lastRemoteEphemeralKey":"BfOyAi9DfhWo6Re+CX2wkwiAcLxnX9c62VrHfu/EsPcD","previousCounter":1,"rootKey":"xfOGa7q9yhWg4i4D2iLwmjQXLbvgifumclXxcrh5MoY="},"indexInfo":{"baseKey":"BaSARRbpqzWkZlJTMGtW2CXElA0KbCaDlrHAqiGCtZYg","baseKeyType":2,"closed":-1,"used":1741955670937,"created":1741880371285,"remoteIdentityKey":"BfvoR6vs7f9wp5owsMu+yXeT8i8iyXurVUavBKiJi547"},"_chains":{"BXtRoaHjEUtuw18zpdBMMuh+Vu/HuGUKxqtmZvaqTcVW":{"chainKey":{"counter":0},"chainType":2,"messageKeys":{}},"BfOyAi9DfhWo6Re+CX2wkwiAcLxnX9c62VrHfu/EsPcD":{"chainKey":{"counter":0,"key":"cgi1PYoswAh8WpXJ4oM+7aGN/5bDlbo7jr4c7E23TqU="},"chainType":2,"messageKeys":{}},"BQXZ5rG+lqZ46MdP8n+dEsa8eu2JcUzdG0syxJAr3/dX":{"chainKey":{"counter":-1,"key":"/NqAmp9m3nQkAmrLHyKWi4s56ty60FEyOT8K4AXu5Z0="},"chainType":1,"messageKeys":{}}}}},"version":"v1"}