{"_sessions":{"BbWL94Ekd5TuwqfRVlEkHpEChmLG5AO2mc0T4TdhMxAp":{"registrationId":1394784802,"currentRatchet":{"ephemeralKeyPair":{"pubKey":"BVfwCxct+Fcom0YqE+qszEVa2zS/oNSHqKTUwMHz1zoG","privKey":"6K3cRxRk2Yvp22kuqMBkYOIvAIuT3lg1/EqnGvp0W3E="},"lastRemoteEphemeralKey":"BZMK3xCMSVEJuSSnOgDLnvrIxYUkVhig7oS4egiYo75u","previousCounter":0,"rootKey":"mht5JccnzGYdG0G5xyOFdWFjkmck5WitNioykyn/7sI="},"indexInfo":{"baseKey":"BbWL94Ekd5TuwqfRVlEkHpEChmLG5AO2mc0T4TdhMxAp","baseKeyType":1,"closed":-1,"used":1741875237793,"created":1741875237793,"remoteIdentityKey":"BQLNb5J7bqlmBP1VTaeRgXzUe1aXz6OK/ULopWvZhE1Y"},"_chains":{"BVfwCxct+Fcom0YqE+qszEVa2zS/oNSHqKTUwMHz1zoG":{"chainKey":{"counter":1,"key":"pbXUSKlprgG6nsYEqqxVLYlRM2VNmAqRwCSYxFExT6g="},"chainType":1,"messageKeys":{}}},"pendingPreKey":{"signedKeyId":0,"baseKey":"BbWL94Ekd5TuwqfRVlEkHpEChmLG5AO2mc0T4TdhMxAp","preKeyId":927377}}},"version":"v1"}