{"_sessions":{"BXleZVlvuV0TOjfFwSyU3r2lROnQ0+mFq6UikmYdekl/":{"registrationId":694152708,"currentRatchet":{"ephemeralKeyPair":{"pubKey":"BVF0SFCLZbLaw9ZvUCzem3YTumt95EB1OJC4PbEEGM4E","privKey":"QEnT/0h4PJHcuqBpo4erOWnS8zvnqy7oQ3nJITnAm2U="},"lastRemoteEphemeralKey":"BWZZZvgZlH7HdVmUgEgui2ZH4Gv8rNcz7t8X1l4+eKBf","previousCounter":0,"rootKey":"FI7/pZGaKze7O3GU4gX87woCwvjeyHQhAZSKTdKMybk="},"indexInfo":{"baseKey":"BXleZVlvuV0TOjfFwSyU3r2lROnQ0+mFq6UikmYdekl/","baseKeyType":1,"closed":1741888637106,"used":1741877407652,"created":1741877407652,"remoteIdentityKey":"Bcrh9Bd2XNrlDNhe9f4Vz/t3so2SnWx8+gpRiLRRuCwK"},"_chains":{"BVF0SFCLZbLaw9ZvUCzem3YTumt95EB1OJC4PbEEGM4E":{"chainKey":{"counter":0,"key":"W9CqLJk8p/RbpKsM3e0NlwYeZtqphM+pNNnBqhQ7bMk="},"chainType":1,"messageKeys":{}}},"pendingPreKey":{"signedKeyId":0,"baseKey":"BXleZVlvuV0TOjfFwSyU3r2lROnQ0+mFq6UikmYdekl/","preKeyId":1517774}},"BbJS+vnF06L0XiyUD4XBIVX+ba44MV1CZQTgdxjz8SMY":{"registrationId":694152708,"currentRatchet":{"ephemeralKeyPair":{"pubKey":"BWLwXuWx0d1rJ59F+uGQxIQLNzTZvJzRGqrm4gCAxiID","privKey":"cGO503KQYAPKv2xxLAIOH4GAxpMpt++o+3r3o4QiBX8="},"lastRemoteEphemeralKey":"BezJnjedc01ysuW6peE3nBNQzpHyH5QUyELNsJgO+F09","previousCounter":0,"rootKey":"YIJy9L5DOVR2Y//xJEo9kM+zm5jRq/fCrEsPWn0qiY0="},"indexInfo":{"baseKey":"BbJS+vnF06L0XiyUD4XBIVX+ba44MV1CZQTgdxjz8SMY","baseKeyType":2,"closed":-1,"used":1741888637108,"created":1741888637108,"remoteIdentityKey":"Bcrh9Bd2XNrlDNhe9f4Vz/t3so2SnWx8+gpRiLRRuCwK"},"_chains":{"BezJnjedc01ysuW6peE3nBNQzpHyH5QUyELNsJgO+F09":{"chainKey":{"counter":0,"key":"GFY/3lnIm7uVVQmbLLBUxWeC1ufnkMMXJNhRLfykFWc="},"chainType":2,"messageKeys":{}},"BWLwXuWx0d1rJ59F+uGQxIQLNzTZvJzRGqrm4gCAxiID":{"chainKey":{"counter":-1,"key":"qc4agIbkLXaRDpDSV9atUCH3jFG9jPjlAX41fbS4Ses="},"chainType":1,"messageKeys":{}}}}},"version":"v1"}