{"_sessions":{"BTutrg1NjUtmpDmAkIyPRB85TpkUb1Yb22CKmdIzlKUj":{"registrationId":720756337,"currentRatchet":{"ephemeralKeyPair":{"pubKey":"BWTvUXJVxSW0vUrTWzmlV7sGq1krZWmxS5XrRURkEz0U","privKey":"UBxxwTjkKN/wCFTj/6boc8mhhNFLMVPkICVgDLvUxkA="},"lastRemoteEphemeralKey":"BUubVcGxFW81YbYsELiH6h7PCmXxUTJUJViYeWgRfDc9","previousCounter":0,"rootKey":"DRqVt1athKJHSV3pYX40s//QWLPP67hNzb9CO54x910="},"indexInfo":{"baseKey":"BTutrg1NjUtmpDmAkIyPRB85TpkUb1Yb22CKmdIzlKUj","baseKeyType":2,"closed":-1,"used":1741875236488,"created":1741875236488,"remoteIdentityKey":"BazxJ4khkihEmNKzY/xIBuoSkR8g6KWX19udpW3pW8Uk"},"_chains":{"BUubVcGxFW81YbYsELiH6h7PCmXxUTJUJViYeWgRfDc9":{"chainKey":{"counter":0,"key":"OlLTYAo7hOI+++NtCdZ8aqJWCHwU6E+ygCCbpL5uaMQ="},"chainType":2,"messageKeys":{}},"BWTvUXJVxSW0vUrTWzmlV7sGq1krZWmxS5XrRURkEz0U":{"chainKey":{"counter":1,"key":"/6A/M+wWOgZwVt0RUH+7OcuAkp9xbRRR5FjK5jfTqjw="},"chainType":1,"messageKeys":{}}}}},"version":"v1"}