{"_sessions":{"BbWiNNqWB6Neczd5Nfv0a/JgxjdsU0sfw6ZDN4gijFxY":{"registrationId":1352796115,"currentRatchet":{"ephemeralKeyPair":{"pubKey":"BT4Uv0WZZcQkmIetg60gjHN/yDvweQpWPrSqxmX8me9v","privKey":"iLLaHEmVcRZtsoWDqozyBm0KduM8yC2y6rrlC3Uy0Fw="},"lastRemoteEphemeralKey":"BcCMMNrSUVg927QF69Fuye6gZ7jsHcAOrKTlKT8Zk9kD","previousCounter":0,"rootKey":"R1tfvR6C0bXmdxJJLS6MYwma0YkpqJt2fuyh0n5y2+Q="},"indexInfo":{"baseKey":"BbWiNNqWB6Neczd5Nfv0a/JgxjdsU0sfw6ZDN4gijFxY","baseKeyType":1,"closed":-1,"used":1741877407682,"created":1741877407682,"remoteIdentityKey":"BQupRREfKhvfWExzXYTI8YMNBOUvH+AJn5ObegR42rIU"},"_chains":{"BT4Uv0WZZcQkmIetg60gjHN/yDvweQpWPrSqxmX8me9v":{"chainKey":{"counter":0,"key":"YaSEgsd5X0vUISviyZGqY4XLvnM08/StPH/jqf0SBOk="},"chainType":1,"messageKeys":{}}},"pendingPreKey":{"signedKeyId":22,"baseKey":"BbWiNNqWB6Neczd5Nfv0a/JgxjdsU0sfw6ZDN4gijFxY","preKeyId":10328226}}},"version":"v1"}