{"_sessions":{"BTDKLc4t5ARscpvYcXSbMUuEbdiiIyy5lCqE0nlfoT0d":{"registrationId":370754022,"currentRatchet":{"ephemeralKeyPair":{"pubKey":"BVspSqJoQ9mu4oR4zP0zA8bxsgUzzfv7eN60PzC3A0R7","privKey":"ONumeNRjRLUI37bE/pdBXDyYGhm0lnWja2qNqN5vaFQ="},"lastRemoteEphemeralKey":"BbzmYinSvG8FmR60Am9wX4DOEGMXr2TM+9PXGSoXfbdO","previousCounter":0,"rootKey":"B6gt0VG3gcXHvK0pNdt0hjBqEV/RQYO1Hr29ie1c0JM="},"indexInfo":{"baseKey":"BTDKLc4t5ARscpvYcXSbMUuEbdiiIyy5lCqE0nlfoT0d","baseKeyType":2,"closed":-1,"used":1741955677956,"created":1741955677956,"remoteIdentityKey":"BQsr6LPX9QYy6/Fs8CJ+vnVE+R5upBttssMdFkGg7GJh"},"_chains":{"BbzmYinSvG8FmR60Am9wX4DOEGMXr2TM+9PXGSoXfbdO":{"chainKey":{"counter":0,"key":"EL90N9IocpzckJ+tuPb8CbcSYQyvSvUQEHvKDDmJQtI="},"chainType":2,"messageKeys":{}},"BVspSqJoQ9mu4oR4zP0zA8bxsgUzzfv7eN60PzC3A0R7":{"chainKey":{"counter":-1,"key":"nT/OT/1i8bx27WD0b132awUBWosnhtJgcuMvSt3XkDA="},"chainType":1,"messageKeys":{}}}}},"version":"v1"}