{"_sessions":{"BXJA37sa0VZsEqfVrOHTPaktzMlVse/Q+XZ/SVjR+iFG":{"registrationId":1788938357,"currentRatchet":{"ephemeralKeyPair":{"pubKey":"Bbx1WgsR92ji8092ce3QecSkeL/H7NFU25GOt/2/GDB8","privKey":"CHa5AIMiylBcaL90dZ2UgyeTQXelFIUkpjnFTeXaD1U="},"lastRemoteEphemeralKey":"BSj6Cnh/7L2UVfr0mKteNLlQsI2FTdhbc7xcxrpk0FAO","previousCounter":0,"rootKey":"YN4Sd3ppMzskBJbn+H57cgXtZHJ5hHUfTQ94zZoJuEc="},"indexInfo":{"baseKey":"BXJA37sa0VZsEqfVrOHTPaktzMlVse/Q+XZ/SVjR+iFG","baseKeyType":1,"closed":-1,"used":1741880623561,"created":1741874424778,"remoteIdentityKey":"BRHCfvfG/VopNW2ahDzQorE46oZ6h6ugKYTVDW49+XB0"},"_chains":{"BSj6Cnh/7L2UVfr0mKteNLlQsI2FTdhbc7xcxrpk0FAO":{"chainKey":{"counter":0,"key":"mVcyn0rR/aI9U418Cnf2kkSoCyV1cZZO0sBK55ih1ME="},"chainType":2,"messageKeys":{}},"Bbx1WgsR92ji8092ce3QecSkeL/H7NFU25GOt/2/GDB8":{"chainKey":{"counter":1,"key":"QvEZ287nlXS28cB06NCbwo7kgBiPYPXu8KGKcv/HbIE="},"chainType":1,"messageKeys":{}}}}},"version":"v1"}