{"_sessions":{"BQD74QC4T2UL/hFnx65Pza6J16HOe4pq9mS52sie2/4u":{"registrationId":402985557,"currentRatchet":{"ephemeralKeyPair":{"pubKey":"BTRz0jlO7633wdXmS5AKXkNRinQG04hNxGTvlXSjSY5D","privKey":"cMx1fFkGcVQKjCiSNXtFCNCdWK9wr1SrHVv+55mIU10="},"lastRemoteEphemeralKey":"BXxX1cosCI+uUZmP4sRiBhoVRB/x9bb7v988LbcXnYIb","previousCounter":0,"rootKey":"6E6lACTw9QVM1LKlEgTg48uDxNPfc1eY6L6GtD4IbeY="},"indexInfo":{"baseKey":"BQD74QC4T2UL/hFnx65Pza6J16HOe4pq9mS52sie2/4u","baseKeyType":1,"closed":-1,"used":1741877407661,"created":1741877407661,"remoteIdentityKey":"BR2xVaOWaItAt102XB2C+3m35u656DQSe6h+gKWPoGt0"},"_chains":{"BTRz0jlO7633wdXmS5AKXkNRinQG04hNxGTvlXSjSY5D":{"chainKey":{"counter":0,"key":"HL48M2y19e5IrDVMCvBV6+N6GOdltt2N4R1r12utsPs="},"chainType":1,"messageKeys":{}}},"pendingPreKey":{"signedKeyId":33,"baseKey":"BQD74QC4T2UL/hFnx65Pza6J16HOe4pq9mS52sie2/4u","preKeyId":4516434}}},"version":"v1"}