{"_sessions":{"BRkH2mogZenTOzTDEXSk2ewy/3dhANKW7Ex9O7wN+i00":{"registrationId":666344342,"currentRatchet":{"ephemeralKeyPair":{"pubKey":"BbWMvqXlq+9q1zA4SygwmS1ShTAsLlrAqEdD2DSnW55q","privKey":"0Dr19iiQQNfnl/pdfHGFkgUZmeG+0hHMbhSd0RY+0Wk="},"lastRemoteEphemeralKey":"BUxIYJWWIFzYn8K3PFis6s+y1AL4rD8h0io/uYfY8uYn","previousCounter":0,"rootKey":"3mJv1Zm0Y9bUo4i63LCRxVLubmMoMV5GgoAVbSaXF2M="},"indexInfo":{"baseKey":"BRkH2mogZenTOzTDEXSk2ewy/3dhANKW7Ex9O7wN+i00","baseKeyType":1,"closed":-1,"used":1741891618237,"created":1741891618237,"remoteIdentityKey":"BRF7518s6elF4xVCqolaPXrFJw8FZiiJiCbOMx7isFtV"},"_chains":{"BbWMvqXlq+9q1zA4SygwmS1ShTAsLlrAqEdD2DSnW55q":{"chainKey":{"counter":1,"key":"dYgtQg/jzWhJOAYSpd079PDAwvclE99jw1833w/BRuw="},"chainType":1,"messageKeys":{}}},"pendingPreKey":{"signedKeyId":21,"baseKey":"BRkH2mogZenTOzTDEXSk2ewy/3dhANKW7Ex9O7wN+i00","preKeyId":8483664}}},"version":"v1"}