{"_sessions":{"BSv4qaTA3eOjprTXpNHwshm0fOJP/xm5jPjj2WYuvTAe":{"registrationId":797719153,"currentRatchet":{"ephemeralKeyPair":{"pubKey":"BdAJaqouv4DtIiOAQpEgaB6qF5F0jjzRNVfEG3zrhIl5","privKey":"WPAYi92e/Iw0LpKsqlUUEdD4PkGb6famqFcZBCf330c="},"lastRemoteEphemeralKey":"BWNcC9jQ2BAr/CDM5Od21q6Zt4fqeXxxmsymvKQkSSdq","previousCounter":0,"rootKey":"nd3DL2D3c3lO3VOpOrHDcE3wqedw7rnaxtyidI7RQkc="},"indexInfo":{"baseKey":"BSv4qaTA3eOjprTXpNHwshm0fOJP/xm5jPjj2WYuvTAe","baseKeyType":1,"closed":-1,"used":1741875237816,"created":1741875237816,"remoteIdentityKey":"BY40/4uVXc8PHlSODumr9YayNHt+yHnd2MChVCkGvSYY"},"_chains":{"BdAJaqouv4DtIiOAQpEgaB6qF5F0jjzRNVfEG3zrhIl5":{"chainKey":{"counter":1,"key":"VYeVnPDy469IAya3xdYT7qO+m1gQG5ZSwnLtMwLdJVE="},"chainType":1,"messageKeys":{}}},"pendingPreKey":{"signedKeyId":2,"baseKey":"BSv4qaTA3eOjprTXpNHwshm0fOJP/xm5jPjj2WYuvTAe","preKeyId":4987307}}},"version":"v1"}