{"_sessions":{"BdiP3K7q+uWn2nsromRLmoyCxe8R/yEIJHuPX11SBDtr":{"registrationId":630360692,"currentRatchet":{"ephemeralKeyPair":{"pubKey":"BWBBgKFTSxByabblbzpxnpLQYSxFVEycdpG7ioWD3Wl/","privKey":"8Ll0oVi+KIjOyqcrlDSjfUwsp6ZMkbpy8X3WExjZ2GY="},"lastRemoteEphemeralKey":"BdrWzLAs6r99k7km3YJq732ZMoz9NX0SEsc3hYeRo3wf","previousCounter":0,"rootKey":"75P/6/EArgfgQazPgyrr3b0foyMqdvAlLFn4MzG3a7w="},"indexInfo":{"baseKey":"BdiP3K7q+uWn2nsromRLmoyCxe8R/yEIJHuPX11SBDtr","baseKeyType":1,"closed":-1,"used":1741875237796,"created":1741875237796,"remoteIdentityKey":"Bc0ulyrRYHsAE6bjYXy28Ueu17C9Cd2ecW26P0ldRV1S"},"_chains":{"BWBBgKFTSxByabblbzpxnpLQYSxFVEycdpG7ioWD3Wl/":{"chainKey":{"counter":1,"key":"9gztDGYjsxy7ncmth0cRRyNlUtb0LRYHsPta2o2xz9w="},"chainType":1,"messageKeys":{}}},"pendingPreKey":{"signedKeyId":4,"baseKey":"BdiP3K7q+uWn2nsromRLmoyCxe8R/yEIJHuPX11SBDtr","preKeyId":10831843}}},"version":"v1"}