{"_sessions":{"BZXkdIENbzsAgg62pyMs2U2+bSZ6+aiuwKmsX/NvkC5R":{"registrationId":764307384,"currentRatchet":{"ephemeralKeyPair":{"pubKey":"BY2EloZoLPMse3eqIW6NFu5ndv41ZCFClg3za+QCgBt0","privKey":"CNdpjjW1SbFDmsP83Ijiz3MQDamXVHemCViqcl40qFM="},"lastRemoteEphemeralKey":"BaUqsnG34bpm4yMFtYKUgqMY0LTmWQlMTeodnjPVkM1+","previousCounter":0,"rootKey":"CgWiSBjHQUUHIKseO84whpVPD6nPQd9ualPco6aj9ZM="},"indexInfo":{"baseKey":"BZXkdIENbzsAgg62pyMs2U2+bSZ6+aiuwKmsX/NvkC5R","baseKeyType":1,"closed":-1,"used":1741874424801,"created":1741874424801,"remoteIdentityKey":"BU5FTjxg/EsrVqLzghB2JDi+yCVDThFhi/lEgHDkrGUi"},"_chains":{"BY2EloZoLPMse3eqIW6NFu5ndv41ZCFClg3za+QCgBt0":{"chainKey":{"counter":2,"key":"y/TcQpb6F68fuDKS77tLkxN+ThZnX4A7ceza7GMcTPg="},"chainType":1,"messageKeys":{}}},"pendingPreKey":{"signedKeyId":12,"baseKey":"BZXkdIENbzsAgg62pyMs2U2+bSZ6+aiuwKmsX/NvkC5R","preKeyId":14236271}}},"version":"v1"}