{"_sessions":{"BaeK+EfPkKDW0LSg0fCJTeYjCPFNyBAXcna89e1FFpUl":{"registrationId":179119293,"currentRatchet":{"ephemeralKeyPair":{"pubKey":"BYZFX2NEPwrVGdiAcwQBbTzSb9mKcxPapYiU+gjAqsRM","privKey":"SHUsBEoAfBjL7bQouT6eP/ZOJgEYMars1Mtwgi/00lE="},"lastRemoteEphemeralKey":"BZCRrCf55WaddOmS83/XQt4IZjepfP0qbrqjDTWkIho4","previousCounter":2,"rootKey":"7CxDArxmgDfR9TAxwnIcnFWN8F/407/BTmeWNEf7Gl0="},"indexInfo":{"baseKey":"BaeK+EfPkKDW0LSg0fCJTeYjCPFNyBAXcna89e1FFpUl","baseKeyType":1,"closed":-1,"used":1741955667167,"created":1741874424799,"remoteIdentityKey":"Bc7Ku+0yo4KYdyd9O35AH7W8i2mwNAWl7iFbyT91pj81"},"_chains":{"BZCRrCf55WaddOmS83/XQt4IZjepfP0qbrqjDTWkIho4":{"chainKey":{"counter":0,"key":"89x4j6B8TRSB+vWXk0w7LQgoXi/sfxueroE/iff3PPM="},"chainType":2,"messageKeys":{}},"BYZFX2NEPwrVGdiAcwQBbTzSb9mKcxPapYiU+gjAqsRM":{"chainKey":{"counter":-1,"key":"XLPnQY0rICIV2vfVZgDMI5/bCssWYEkQmlDFf3NXHDw="},"chainType":1,"messageKeys":{}}}}},"version":"v1"}