{"_sessions":{"Bfuuva7U47wQ+7C0iCGpG7PYofXb8VJyLUUVBA57N6AG":{"registrationId":893222918,"currentRatchet":{"ephemeralKeyPair":{"pubKey":"BeuqkLyixVYrhcG8QCMXA63as7q4jrdSyxp+YvAByU0H","privKey":"AIeZ8k5Mp6snn0L5gVvAEJ/PiNdBB9YGnEwE9tp3MGM="},"lastRemoteEphemeralKey":"BX52AnftBaeRGv6yY5zT5dV5BCJiuy4ZFXph+j5wPZRc","previousCounter":0,"rootKey":"a8sqVoCeZ43Vxn9Voy/1S+uvxEmwLLs/rRIUpXQ85w4="},"indexInfo":{"baseKey":"Bfuuva7U47wQ+7C0iCGpG7PYofXb8VJyLUUVBA57N6AG","baseKeyType":2,"closed":-1,"used":1741955720547,"created":1741955720547,"remoteIdentityKey":"BXE6CqL2P4a0Z4exjvqzm9C9VkmE8G3/S7u2bpe5iW9P"},"_chains":{"BX52AnftBaeRGv6yY5zT5dV5BCJiuy4ZFXph+j5wPZRc":{"chainKey":{"counter":0,"key":"8xNpwAPtBU1eF3V6C95Xi7/kQjkaaNktCwdag35fpS4="},"chainType":2,"messageKeys":{}},"BeuqkLyixVYrhcG8QCMXA63as7q4jrdSyxp+YvAByU0H":{"chainKey":{"counter":-1,"key":"t2Xro5+gZ32r71QcwsbnZCvFY0bWs6+lD2OlCNYOLPI="},"chainType":1,"messageKeys":{}}}}},"version":"v1"}