{"_sessions":{"BbI0viFlXeG64eROjydsBb6qwpseKXU7oVinEMDHKMt7":{"registrationId":1216217629,"currentRatchet":{"ephemeralKeyPair":{"pubKey":"BR/eVKKd9CHTn7y12ktCVLGiSZ+SVc3QbVN5xX2mma4y","privKey":"UFbcRL6i9kFfJvxiqoPJDCcq0G49IZzkxiMDurLtDWY="},"lastRemoteEphemeralKey":"BRAvR0iZraC3vzhnQjlt2YrQnNw7vk+/4atXq5DijrhR","previousCounter":2,"rootKey":"+6LSYofpTWY6yOwmV4DVp2906yQ/7wwruFzX4GtPq9A="},"indexInfo":{"baseKey":"BbI0viFlXeG64eROjydsBb6qwpseKXU7oVinEMDHKMt7","baseKeyType":1,"closed":-1,"used":1741892198331,"created":1741874424790,"remoteIdentityKey":"Bb8VykUNJy5Qm6vnQgyPEGLghYB7u8hfTLf4MjkoWYU7"},"_chains":{"BRAvR0iZraC3vzhnQjlt2YrQnNw7vk+/4atXq5DijrhR":{"chainKey":{"counter":0,"key":"qZr6oU0McJ3YhyoFxZpuBEpseBxO9Z6DxjK1cWls73s="},"chainType":2,"messageKeys":{}},"BR/eVKKd9CHTn7y12ktCVLGiSZ+SVc3QbVN5xX2mma4y":{"chainKey":{"counter":-1,"key":"rC8huCK7t12tZ14r7aXCsCOSV0W2satcrbAGb9OUJuM="},"chainType":1,"messageKeys":{}}}}},"version":"v1"}