{"_sessions":{"BVSaToz+9X5NcJj2Ovthy+WN7wjXmGyxGznDm/X6lpQZ":{"registrationId":1334779607,"currentRatchet":{"ephemeralKeyPair":{"pubKey":"BW01OobB/cWmLrq0HVHZ2TsUqgt90KCRwHAUa70azwx2","privKey":"cMJ6mZQBoj7M1pS211/laYdZrCyWinSioi3ZX3e9xWQ="},"lastRemoteEphemeralKey":"BSGlE+6fWaUsGUtEokddSjlS4nrOepNIKcOKDK08GOFd","previousCounter":0,"rootKey":"biQ1QQC+egz9FAvmZ2gdjAWemfT2NE/u3nwJn8dygEw="},"indexInfo":{"baseKey":"BVSaToz+9X5NcJj2Ovthy+WN7wjXmGyxGznDm/X6lpQZ","baseKeyType":1,"closed":-1,"used":1741877407717,"created":1741877407717,"remoteIdentityKey":"BdSwwED3LNWSbFz9ArD0JDOzcpY1xjZU1ognAYpcBHFb"},"_chains":{"BW01OobB/cWmLrq0HVHZ2TsUqgt90KCRwHAUa70azwx2":{"chainKey":{"counter":0,"key":"GDAoTjYIC5+8p/Nrh8eHBKUTSR0Kj1vtS8LaIhi1ygk="},"chainType":1,"messageKeys":{}}},"pendingPreKey":{"signedKeyId":4,"baseKey":"BVSaToz+9X5NcJj2Ovthy+WN7wjXmGyxGznDm/X6lpQZ","preKeyId":14326770}}},"version":"v1"}