{"_sessions":{"BVvtyyNrUX65mDPfIux6QpcLEZqPOWjR3MY8a93J2MFA":{"registrationId":3100,"currentRatchet":{"ephemeralKeyPair":{"pubKey":"BeBch8+Dg+INwNqHzkagoEjoGlUteNEM56BUpKf7Jy8K","privKey":"YNBsGt8NinJjlUEIhTEJN3/Utlo2aZjcEv98TArC7EI="},"lastRemoteEphemeralKey":"BUPYor4tb/Ktu4ob50yUtLhLISQGYQ03/GGV5eGKjG4l","previousCounter":0,"rootKey":"ZtZEHfP39KcnN6WC7/twyTV1BscVBJZ5AychAjOYdeU="},"indexInfo":{"baseKey":"BVvtyyNrUX65mDPfIux6QpcLEZqPOWjR3MY8a93J2MFA","baseKeyType":1,"closed":-1,"used":1741877407648,"created":1741877407648,"remoteIdentityKey":"BeRQoDLn8J8fihO+LVhLqOTDfXumE8s5P9e2I1xiPxJG"},"_chains":{"BeBch8+Dg+INwNqHzkagoEjoGlUteNEM56BUpKf7Jy8K":{"chainKey":{"counter":0,"key":"PNhh/NGFjQQBf+keE1U2HhlEaCNYJVIYiGCjGpBoZ/M="},"chainType":1,"messageKeys":{}}},"pendingPreKey":{"signedKeyId":2,"baseKey":"BVvtyyNrUX65mDPfIux6QpcLEZqPOWjR3MY8a93J2MFA","preKeyId":3525}}},"version":"v1"}