{"_sessions":{"BRV+stFp9OyQZX9F6cnLDBDGtmXZUUGBdOF6FboGWF5x":{"registrationId":484572311,"currentRatchet":{"ephemeralKeyPair":{"pubKey":"BRomGoNBDDkFytR1Ncl7U3omQtxqIQoBjGpsVEjU0+Y3","privKey":"wADhSHz8VZBgYAangonp+RXRFSffS7U/Am7d9dLl41g="},"lastRemoteEphemeralKey":"BS+CE6HGUTD/AZvhh2Uaknv49Y+2We510B6spo1cSHZR","previousCounter":1,"rootKey":"oAaM753oOoDIVjgZbKJwP2PgmMmmvb0t0IGjsjNFJ6I="},"indexInfo":{"baseKey":"BRV+stFp9OyQZX9F6cnLDBDGtmXZUUGBdOF6FboGWF5x","baseKeyType":1,"closed":-1,"used":1741955666929,"created":1741891618248,"remoteIdentityKey":"BaLngKUhS3h1H19guJ1Ypo79cVYl0KBMbwfDXd4lIgQ/"},"_chains":{"BS+CE6HGUTD/AZvhh2Uaknv49Y+2We510B6spo1cSHZR":{"chainKey":{"counter":0,"key":"x/DyFViu9AewJQdCe7zf+/hIgy9nmyhXYy+dMaH/xN0="},"chainType":2,"messageKeys":{}},"BRomGoNBDDkFytR1Ncl7U3omQtxqIQoBjGpsVEjU0+Y3":{"chainKey":{"counter":-1,"key":"beHCh/iYVtd3AqeDqfFyOwQNuOijOKZFq4gq9jmN7FA="},"chainType":1,"messageKeys":{}}}}},"version":"v1"}