{"_sessions":{"Baw+3EVo/KXhbK4C69UN9AwwRt7T6aokzlXi8l0+pF9t":{"registrationId":320765885,"currentRatchet":{"ephemeralKeyPair":{"pubKey":"BVMP8xYi6LvZobEC97c03wqEw5vbPqgwm0alJSsFP7lh","privKey":"wJhxBrflBH2ZS1HDQub1VKbZhqe+0Q+LwTVNviM52WE="},"lastRemoteEphemeralKey":"Bfs+W4itLEOOzG5pOEXc2qaCTeQ+8xfs3JZLeJhJ2vgM","previousCounter":0,"rootKey":"Wfu4xM2qG4FieCA2tvMgsojn68SiKMdohmwhzAzPXjo="},"indexInfo":{"baseKey":"Baw+3EVo/KXhbK4C69UN9AwwRt7T6aokzlXi8l0+pF9t","baseKeyType":1,"closed":-1,"used":1741877407692,"created":1741877407692,"remoteIdentityKey":"Bf35bxxEiR6W+lDuuNef+/O3Rb67rR/rtFx6FDEg0/5R"},"_chains":{"BVMP8xYi6LvZobEC97c03wqEw5vbPqgwm0alJSsFP7lh":{"chainKey":{"counter":0,"key":"Bd/W8pIHq4NpWJcbR/BEjrFlhIIuFI/T6IfP5l/THsM="},"chainType":1,"messageKeys":{}}},"pendingPreKey":{"signedKeyId":3,"baseKey":"Baw+3EVo/KXhbK4C69UN9AwwRt7T6aokzlXi8l0+pF9t","preKeyId":4715336}}},"version":"v1"}