{"_sessions":{"BShZRia1+8fLKz1JWFutFwjYS70jxOBsJNgzE6q7TDkz":{"registrationId":1511662995,"currentRatchet":{"ephemeralKeyPair":{"pubKey":"BUc/cKXwEifSWLe4aP5CFIJFocK+Mgt83B8N/P2uMg9Z","privKey":"uDZBKFC3gNdqwyz0LSAwnkQVJj/gyUhkKf402vECyko="},"lastRemoteEphemeralKey":"BeMGYjLs+V+m1F1TRu8qpKMgiC4q4NP6FnrZLNJRG1lo","previousCounter":1,"rootKey":"7QRHgHyclYinyGBwG3y0xEKQYFA/yAQR5QGbjys0kQY="},"indexInfo":{"baseKey":"BShZRia1+8fLKz1JWFutFwjYS70jxOBsJNgzE6q7TDkz","baseKeyType":1,"closed":-1,"used":1741955667137,"created":1741875237794,"remoteIdentityKey":"BTu6MfHCriThRn3eJTf0JxvtXjaaa6tj6cbaey3+IR8L"},"_chains":{"BeMGYjLs+V+m1F1TRu8qpKMgiC4q4NP6FnrZLNJRG1lo":{"chainKey":{"counter":1,"key":"x8N/K43RfQzPmUwLZjx6f1fHZbIe/GtxfNDcqkXFAvg="},"chainType":2,"messageKeys":{}},"BUc/cKXwEifSWLe4aP5CFIJFocK+Mgt83B8N/P2uMg9Z":{"chainKey":{"counter":-1,"key":"BdNykd+B/PMTOBlL6IgqKsVroCLdPCL/ByqyKuv/VzU="},"chainType":1,"messageKeys":{}}}}},"version":"v1"}