{"_sessions":{"BV97MqAr+uSxwvcujkwclCa7QewO5D9irwqyUbjGXv80":{"registrationId":1067878200,"currentRatchet":{"ephemeralKeyPair":{"pubKey":"BYhoLXN/pVsI5TUQnJMLgED2oNRg/o8103RdiHkF/d0m","privKey":"YKV6vS5KkwDGnKYFDbnOrCBzWMyMkhIIROLIf+WFU38="},"lastRemoteEphemeralKey":"BXOR3sMqTuk58IuWu3/KL8NPSA7NIFPn6AXDTQ3wwwZW","previousCounter":0,"rootKey":"Wy1308FoUj5MPGf5m8vam7gj0x7kF5NzBoQsZW/WFkc="},"indexInfo":{"baseKey":"BV97MqAr+uSxwvcujkwclCa7QewO5D9irwqyUbjGXv80","baseKeyType":1,"closed":-1,"used":1741877407699,"created":1741877407699,"remoteIdentityKey":"BcMviI54LbiNkmXAstQsg+343OISP8nvJAAM4AEvRz8F"},"_chains":{"BYhoLXN/pVsI5TUQnJMLgED2oNRg/o8103RdiHkF/d0m":{"chainKey":{"counter":0,"key":"OrOFvOsXPfgfNH5HLDSYoN6DSdK6SLe8A59wOZ6jyUk="},"chainType":1,"messageKeys":{}}},"pendingPreKey":{"signedKeyId":33,"baseKey":"BV97MqAr+uSxwvcujkwclCa7QewO5D9irwqyUbjGXv80","preKeyId":6632803}}},"version":"v1"}