{"_sessions":{"BTsJwwNemRygpleXlPbR40LVhcoWdrd/77OocqF0D28U":{"registrationId":804438617,"currentRatchet":{"ephemeralKeyPair":{"pubKey":"BcqGcIl5mna7EbOmL2MqhR2JMdL8B1b/q5S8j/LoITxN","privKey":"2C4UPJ8ZpUC105Uk+mZkXc1QvXs29IUIWj15ksXHxX8="},"lastRemoteEphemeralKey":"BSOXugGjciR/JnzfpYN6vFINBvPmwDj/ZTdjaJCyHgFJ","previousCounter":2,"rootKey":"9Axr1pC1GOxOEMndEtfIPVZfa0xuInLKOgaKE9GBUhg="},"indexInfo":{"baseKey":"BTsJwwNemRygpleXlPbR40LVhcoWdrd/77OocqF0D28U","baseKeyType":2,"closed":-1,"used":1741891890008,"created":1741872101137,"remoteIdentityKey":"BRD7ZnVElh/S4gN16+hU+KaIDesFTwKWltS5S6JgpIpc"},"_chains":{"BVGcGJoweP3QjdoY/vNMnyfsA0cX68qhLHQh2PMckeoc":{"chainKey":{"counter":0},"chainType":2,"messageKeys":{}},"BSOXugGjciR/JnzfpYN6vFINBvPmwDj/ZTdjaJCyHgFJ":{"chainKey":{"counter":0,"key":"1LyQhdxsVV6ZWWaWOXE1epJuaVrI0bcPAk5FPcIEZXs="},"chainType":2,"messageKeys":{}},"BcqGcIl5mna7EbOmL2MqhR2JMdL8B1b/q5S8j/LoITxN":{"chainKey":{"counter":-1,"key":"nu30JQCTh2LplL2JSGHxvXUpP+++Y8tjRUjBIlo5AfE="},"chainType":1,"messageKeys":{}}}}},"version":"v1"}