{"_sessions":{"BbZhQkkkAM9TNorRekEw+FbggjMsiexaipFOv9jdv/g4":{"registrationId":262583811,"currentRatchet":{"ephemeralKeyPair":{"pubKey":"BbwWK/fojq/S5X+u1CYFGiWOgpWuCYbuu5XL9DIrYoRV","privKey":"6MZR+hLABLDHsr6k/d21AvJarqi+rme2C5LT4OJxiUw="},"lastRemoteEphemeralKey":"Bdvm6XwB7FyTPBzMCiQfeYukhmH5G3ZzrKwTJCXpffhL","previousCounter":0,"rootKey":"MvQg4UUkHnzHaMXt7ma3WWNtwFaZHFplb8UPO4uV39o="},"indexInfo":{"baseKey":"BbZhQkkkAM9TNorRekEw+FbggjMsiexaipFOv9jdv/g4","baseKeyType":2,"closed":-1,"used":1741957355132,"created":1741957355132,"remoteIdentityKey":"BQ/C1O7fY9wKXxVbsmkz/lg+LmdP9pkhIUxCRzr7x6lK"},"_chains":{"Bdvm6XwB7FyTPBzMCiQfeYukhmH5G3ZzrKwTJCXpffhL":{"chainKey":{"counter":0,"key":"B6hOxIU9lVEpVfvPWbz5niApYS3yJE4zubm7/sjAdYs="},"chainType":2,"messageKeys":{}},"BbwWK/fojq/S5X+u1CYFGiWOgpWuCYbuu5XL9DIrYoRV":{"chainKey":{"counter":-1,"key":"V1zxyLV4zxDZNmQG9fb/oz6+7XHERZVts+xV2dT7nAk="},"chainType":1,"messageKeys":{}}}}},"version":"v1"}