{"_sessions":{"BXUiZNilGot2D5+aGbefiYQeb7/05PDoGb9vNWCYunhl":{"registrationId":175822369,"currentRatchet":{"ephemeralKeyPair":{"pubKey":"BSs1hdjYTvU361FN4DxchFC8YdNobsEO1QEgAXwNbvoV","privKey":"aMeaxWjbBFgTEbJztwMv3lqkA9IAB6CHLXRHbJZ3jms="},"lastRemoteEphemeralKey":"BQDLoD5wOUMyI9xuwLT5RPgqtJ8ZNCdbaHfrMRiazh82","previousCounter":0,"rootKey":"4N4DclfQms532JAxFp0kogzTJCCJu9mIS/QqXqvXln0="},"indexInfo":{"baseKey":"BXUiZNilGot2D5+aGbefiYQeb7/05PDoGb9vNWCYunhl","baseKeyType":1,"closed":-1,"used":1741877407628,"created":1741877407628,"remoteIdentityKey":"BYzZ02+cwKM8Em4GrpMM74GnRBTPzY5cjFhGGzPCTBtJ"},"_chains":{"BSs1hdjYTvU361FN4DxchFC8YdNobsEO1QEgAXwNbvoV":{"chainKey":{"counter":0,"key":"F8+nMaENTgZNU1bZAOM+dYMy7ragn2ZRoHAIidWStUY="},"chainType":1,"messageKeys":{}}},"pendingPreKey":{"signedKeyId":3,"baseKey":"BXUiZNilGot2D5+aGbefiYQeb7/05PDoGb9vNWCYunhl","preKeyId":1589}}},"version":"v1"}