{"_sessions":{"BUGqTvdqQHLWFuBByc3YkDyqS/jGzMI0jgzxq/iwpQw6":{"registrationId":931100958,"currentRatchet":{"ephemeralKeyPair":{"pubKey":"BWcfnGN7Mi8Ogn9OOsLpVBSAugRQupJJeV++rq9dwwBJ","privKey":"kHdPPbHV/7+PAQyY8HyhcqX1AcB+XvJGAaYkTw54G2I="},"lastRemoteEphemeralKey":"BcRyVqgE5vrwc2k2qvU2er6+O26v1D7CivZVxRxUq5ZM","previousCounter":2,"rootKey":"4sf7STY+KfXO1+WenX+8Xfj76d4vbLgXbRl9U4uLOFw="},"indexInfo":{"baseKey":"BUGqTvdqQHLWFuBByc3YkDyqS/jGzMI0jgzxq/iwpQw6","baseKeyType":2,"closed":-1,"used":1741955666730,"created":1741871404652,"remoteIdentityKey":"BYOmTVa4Ts8uwN4fpuCeSJKX+ho+562IEN5DsWdz2NYb"},"_chains":{"BYA2RA0zINJK8+bz9zIvkTzYRD30viyq+/LeNQhTqi5z":{"chainKey":{"counter":1},"chainType":2,"messageKeys":{}},"BcRyVqgE5vrwc2k2qvU2er6+O26v1D7CivZVxRxUq5ZM":{"chainKey":{"counter":0,"key":"/zkYUASanVS179wOesOyoODLna8RcQmXR5Q3IBIXim4="},"chainType":2,"messageKeys":{}},"BWcfnGN7Mi8Ogn9OOsLpVBSAugRQupJJeV++rq9dwwBJ":{"chainKey":{"counter":-1,"key":"WFHQSVilegGW2aeAFoHE4vNW5I67FJ+iQ9wgnwj/hvU="},"chainType":1,"messageKeys":{}}}}},"version":"v1"}