{"_sessions":{"BS3SlM3uUBbzyIG4xLR07gxKauu102LkS+oDMUdmxYsI":{"registrationId":1023183315,"currentRatchet":{"ephemeralKeyPair":{"pubKey":"BcEOsryTwqxFM9wAvdPK4UXJPESShZfLfgF3bW1ms6dr","privKey":"eKXnAGFDxCLwiaqjOb4lqX2J5ASpEAOwuHI+B5kXE0E="},"lastRemoteEphemeralKey":"BQnmVd9iikacDvXK10DzHJZ3S4btXGb5hmMTLt65jTIk","previousCounter":0,"rootKey":"S2f0LLE//QY7Yi1+IO+v7MtvryE03sXHNa0jO964o4I="},"indexInfo":{"baseKey":"BS3SlM3uUBbzyIG4xLR07gxKauu102LkS+oDMUdmxYsI","baseKeyType":1,"closed":-1,"used":1741877407700,"created":1741877407700,"remoteIdentityKey":"BebY/cOZyUhfi8I4koMAAVQa+vNx4QxHIamejoIYQdAs"},"_chains":{"BcEOsryTwqxFM9wAvdPK4UXJPESShZfLfgF3bW1ms6dr":{"chainKey":{"counter":0,"key":"Ht35rn/I2N2grcYJ+8pEgIm0xj/C/wm17LVoUAYJdFY="},"chainType":1,"messageKeys":{}}},"pendingPreKey":{"signedKeyId":6,"baseKey":"BS3SlM3uUBbzyIG4xLR07gxKauu102LkS+oDMUdmxYsI","preKeyId":15796686}}},"version":"v1"}