{"_sessions":{"BaoKM6liuOG3neIf5okgkGHk+dHRW/G2gHkU9cZ4N0se":{"registrationId":7259269,"currentRatchet":{"ephemeralKeyPair":{"pubKey":"BcVjhiXq84auFHa9DqV0UzxaHM1JubADGTyFUQbEDrgy","privKey":"kHSkNAf2q5v/f+j9s5yQzbdZw62J+nE1jEFkuHgm6l0="},"lastRemoteEphemeralKey":"BenMzQl4HcCBcDxShKd7H7clEVJ8T58FT3sUQ3OQ26NX","previousCounter":0,"rootKey":"6101jGICMAjqWvYowtIVME5Nxt2eC7S9/VbHf5zW2eQ="},"indexInfo":{"baseKey":"BaoKM6liuOG3neIf5okgkGHk+dHRW/G2gHkU9cZ4N0se","baseKeyType":1,"closed":-1,"used":1741875237802,"created":1741875237802,"remoteIdentityKey":"BYmFpLoEaYUzrpvxGL7eKn52b2a2fcETvImCA+YNKHdW"},"_chains":{"BcVjhiXq84auFHa9DqV0UzxaHM1JubADGTyFUQbEDrgy":{"chainKey":{"counter":1,"key":"Lbif4sqJj0yoZ3sIPV/T3cPmA+DfPdi6bWSiLCdgbg4="},"chainType":1,"messageKeys":{}}},"pendingPreKey":{"signedKeyId":0,"baseKey":"BaoKM6liuOG3neIf5okgkGHk+dHRW/G2gHkU9cZ4N0se","preKeyId":12758159}}},"version":"v1"}