{"_sessions":{"Bfn3dTjAHLl5vQwitwf0G6ATYyZd7+tJAS7UW32VQ7Y4":{"registrationId":607561004,"currentRatchet":{"ephemeralKeyPair":{"pubKey":"BYvAiDhzDxeU/Jv/JNWBVk9Q2lnp+g9XdrMKvZINhVV6","privKey":"wChm6mvEHNReZcC0TbUuZV/j8mNTiLqA+AhCuq9p5EM="},"lastRemoteEphemeralKey":"Bbyv+K5HG8XtPP4tcWg5KWoSpinc8ynHn4eeRQLhnWoI","previousCounter":0,"rootKey":"5Ov3K4gkajypluRkih3a05IiHjy4dHDqtONUVWfVJjk="},"indexInfo":{"baseKey":"Bfn3dTjAHLl5vQwitwf0G6ATYyZd7+tJAS7UW32VQ7Y4","baseKeyType":1,"closed":-1,"used":1741877405710,"created":1741875237811,"remoteIdentityKey":"BWxHqH9CFSqdqM4pO9j9hLsVNFMO4aQWkPNzNaEVFb42"},"_chains":{"Bbyv+K5HG8XtPP4tcWg5KWoSpinc8ynHn4eeRQLhnWoI":{"chainKey":{"counter":0,"key":"+kEVSCILKWYZPLQdNsoZiSN5G5tFMp5GzLeJvN/7ATg="},"chainType":2,"messageKeys":{}},"BYvAiDhzDxeU/Jv/JNWBVk9Q2lnp+g9XdrMKvZINhVV6":{"chainKey":{"counter":0,"key":"TviPvQIlA3ZFFWOK//eEP0D/fLR3E2giL7EFPANSLG4="},"chainType":1,"messageKeys":{}}}}},"version":"v1"}