{"_sessions":{"BeX9g1q/TCw1uAHJEN2001HPag99TEEhutd8GjcfmW1P":{"registrationId":1707302857,"currentRatchet":{"ephemeralKeyPair":{"pubKey":"Bb1mILqkuzt/tuu1CuCuf98uUbEA/mdEehdfcbKXTjY0","privKey":"ANX8h0h1U6djbs/iPO24gzp/yBdXqtPlNi+qg61m61s="},"lastRemoteEphemeralKey":"BWXJRnn6DRc7LkXh4hmnhbmkbrfs2Rd1QhhP9KzFLhRw","previousCounter":0,"rootKey":"U5TWUaGLMLOFnyCgpcBAZHAeeZnN5ucwUdPZZ3Zo5eA="},"indexInfo":{"baseKey":"BeX9g1q/TCw1uAHJEN2001HPag99TEEhutd8GjcfmW1P","baseKeyType":1,"closed":-1,"used":1741877407644,"created":1741877407644,"remoteIdentityKey":"Beew7FNs+c5j7xPThIrnz6RcO5S0BV1KS8v0oVUY0CAJ"},"_chains":{"Bb1mILqkuzt/tuu1CuCuf98uUbEA/mdEehdfcbKXTjY0":{"chainKey":{"counter":0,"key":"WObF2dzIGlm8R6SNKF6PZOPgQNG1Nw35hmk8Vm6dYL8="},"chainType":1,"messageKeys":{}}},"pendingPreKey":{"signedKeyId":3,"baseKey":"BeX9g1q/TCw1uAHJEN2001HPag99TEEhutd8GjcfmW1P","preKeyId":1858}}},"version":"v1"}