{"_sessions":{"BQ7gGQ3abWjLlUoO+AEMkHQc7LcpFvTfPZ1NVO/V4BNs":{"registrationId":1349211841,"currentRatchet":{"ephemeralKeyPair":{"pubKey":"BcHWmDFA6TijFdCtS15wMNGt5U4YetblLc73/IXIvW4s","privKey":"OIEMYkRK7xSHEYdo1LDS4FRPNnkZ7Z5KjynYYYfrOmU="},"lastRemoteEphemeralKey":"BYUWxJV58n/NJz0gNxby0OEvCo/u7fcCDx3156UHAvdT","previousCounter":0,"rootKey":"4h+HUyXw2cIM2mcE/OmyZqkEOUemAmJERtq92Hm2YR4="},"indexInfo":{"baseKey":"BQ7gGQ3abWjLlUoO+AEMkHQc7LcpFvTfPZ1NVO/V4BNs","baseKeyType":1,"closed":-1,"used":1741874424788,"created":1741874424788,"remoteIdentityKey":"Bd+/C5FNPZjToFYDETF6C05johGUZ806dSX8Fq3b5JJC"},"_chains":{"BcHWmDFA6TijFdCtS15wMNGt5U4YetblLc73/IXIvW4s":{"chainKey":{"counter":2,"key":"kwrNPIyaMmowOVFnrQsFIdJd8m1PANMrcImWzEjzUIw="},"chainType":1,"messageKeys":{}}},"pendingPreKey":{"signedKeyId":2,"baseKey":"BQ7gGQ3abWjLlUoO+AEMkHQc7LcpFvTfPZ1NVO/V4BNs","preKeyId":5723781}}},"version":"v1"}