{"_sessions":{"BXZ8E5oF4F9A1zwIenIKjaynt248AQPZhM6gCvxPyHhd":{"registrationId":276595288,"currentRatchet":{"ephemeralKeyPair":{"pubKey":"BfGVPXrxUqEAPY/UiRCvAXXoIaEHC5NvspmgUrNtUCEP","privKey":"8CpwCXnRTJbs5R20xs0s3OTBfsi7KMTuqhixWqogLnc="},"lastRemoteEphemeralKey":"BfVgKICUespooXcCzLGqUj89O++61AnX57BL6kxb0mE8","previousCounter":0,"rootKey":"tAajekXI+ReSNweeeuFkZ9mzyaa2LrI8A6pu7nAnM1g="},"indexInfo":{"baseKey":"BXZ8E5oF4F9A1zwIenIKjaynt248AQPZhM6gCvxPyHhd","baseKeyType":2,"closed":-1,"used":1741955670236,"created":1741955670236,"remoteIdentityKey":"BUgweVCSlkNR55HtWgvJyY5Q46zwqHMztnyRh3tJ46k8"},"_chains":{"BfVgKICUespooXcCzLGqUj89O++61AnX57BL6kxb0mE8":{"chainKey":{"counter":0,"key":"gKiYkq5yOHWn+u9M8QuujjfezUa70gZo4yA5KCoGvho="},"chainType":2,"messageKeys":{}},"BfGVPXrxUqEAPY/UiRCvAXXoIaEHC5NvspmgUrNtUCEP":{"chainKey":{"counter":-1,"key":"y0xZwXb6zY+b83t/yzp+FsDocOCfLI6dHlwFScQUlKg="},"chainType":1,"messageKeys":{}}}}},"version":"v1"}