{"_sessions":{"BUHVhUIzkcm+ox0rz41wu2ouRSojTXSNecG8Cxm8iz05":{"registrationId":311247559,"currentRatchet":{"ephemeralKeyPair":{"pubKey":"BRiVsbtXjxNNPMHfjtVToOdEEFqNSqqF2G4u4ROrlUcm","privKey":"mPp0IAv8aH2hcHovbvvD9LiL091DtadRRktnECjRmnU="},"lastRemoteEphemeralKey":"BeyPBUWBv1E0qv6BZAXYlRTPiJ5eA9TiEU+8IpmRkm15","previousCounter":0,"rootKey":"NKKHeQcRc8wgNBmjT4kRJd2VP8vB6thz2AjyUU7DzXQ="},"indexInfo":{"baseKey":"BUHVhUIzkcm+ox0rz41wu2ouRSojTXSNecG8Cxm8iz05","baseKeyType":2,"closed":-1,"used":1741955717658,"created":1741955717658,"remoteIdentityKey":"BWk4cKN4MFEiGQc2AsfvlvbokPwZiN/3jrQ+3R/kvI1N"},"_chains":{"BeyPBUWBv1E0qv6BZAXYlRTPiJ5eA9TiEU+8IpmRkm15":{"chainKey":{"counter":0,"key":"LL8d1pWiYajupv+RWcNk0t2CtLcRtayUP0sCf/RHrdQ="},"chainType":2,"messageKeys":{}},"BRiVsbtXjxNNPMHfjtVToOdEEFqNSqqF2G4u4ROrlUcm":{"chainKey":{"counter":-1,"key":"3cKlYCp3Sv7jsVn/3ouTzSDlKeHVWuWQQgNTyv+o6vM="},"chainType":1,"messageKeys":{}}}}},"version":"v1"}