{"_sessions":{"BZuSQ4mYhExoUSw5uO32e536mtH58DQeLvjG9rPiBS43":{"registrationId":380775326,"currentRatchet":{"ephemeralKeyPair":{"pubKey":"BS1fWJU+vKhkrI42BUF3wPLizvcqsi1iw3SeUXubEsA6","privKey":"cOPXPSkUVJvFUmoswxYT7UaRD7HzkVigrN+eG5INfVw="},"lastRemoteEphemeralKey":"Bct8zVba0UMaFhA/S3Ak6vl9+TuzXUCdpY9HiObvF7Vm","previousCounter":0,"rootKey":"KE7P71s0w9wO1G0nVa6t8tiGH8BPGOCBbRQSOiLFJeM="},"indexInfo":{"baseKey":"BZuSQ4mYhExoUSw5uO32e536mtH58DQeLvjG9rPiBS43","baseKeyType":1,"closed":-1,"used":1741891249653,"created":1741874424795,"remoteIdentityKey":"BcWKHcIvDHAy/BLcH2R8qC3iFAdauojY8WndGcytjsF7"},"_chains":{"Bct8zVba0UMaFhA/S3Ak6vl9+TuzXUCdpY9HiObvF7Vm":{"chainKey":{"counter":0,"key":"NNYgwL31zRoVpEFA2t3g/2oKwMt9jTbcabYpouezx80="},"chainType":2,"messageKeys":{}},"BS1fWJU+vKhkrI42BUF3wPLizvcqsi1iw3SeUXubEsA6":{"chainKey":{"counter":1,"key":"KRHFoi+TQBllxiY4CJs2wCMP3//DetQmsGYVCJRS0pY="},"chainType":1,"messageKeys":{}}}}},"version":"v1"}