{"_sessions":{"BXeOOvL9k9XFb6NC81v3tB1zZIYLabTgB7FWGsE8gxln":{"registrationId":1127313722,"currentRatchet":{"ephemeralKeyPair":{"pubKey":"BTh682iNrc4dauvW7sEAVkXdXY27YY+j03VMPFBCqeUv","privKey":"uA3qnx9bu77q8JbLcl/s/lYQNEmWKBVJTqma3qV+Ink="},"lastRemoteEphemeralKey":"BWwCP3hWiejuoJBI03lG7H12tADzo1fEmaFk7QCMqQhU","previousCounter":0,"rootKey":"42hbHO3fTsyi09L1zz3g5LPe7wCEDY1bYvfWfAOVExc="},"indexInfo":{"baseKey":"BXeOOvL9k9XFb6NC81v3tB1zZIYLabTgB7FWGsE8gxln","baseKeyType":1,"closed":-1,"used":1741891618220,"created":1741891618220,"remoteIdentityKey":"BWu5JBF5e0Xq679A2GFATpGSCrMoinR6th+Arvy6tSJv"},"_chains":{"BTh682iNrc4dauvW7sEAVkXdXY27YY+j03VMPFBCqeUv":{"chainKey":{"counter":1,"key":"U7KRWTu7FyV2Z70zv0JE52Dy+CmVwNjTlcbX1+2cfLU="},"chainType":1,"messageKeys":{}}},"pendingPreKey":{"signedKeyId":3,"baseKey":"BXeOOvL9k9XFb6NC81v3tB1zZIYLabTgB7FWGsE8gxln"}}},"version":"v1"}