{"_sessions":{"Be06OP9XlYXseNLT86vDPjJZkwUdZdl1BfuMAW2Cbbwt":{"registrationId":1971209209,"currentRatchet":{"ephemeralKeyPair":{"pubKey":"BQj6+70Cf6C7fqhpA9taUwWlsSWS8Po+Vk0n2dMtmxR8","privKey":"yOayW81gOpHZnD4B9q8/Oi9L5ilbpmU/8LjZ0YVQhHc="},"lastRemoteEphemeralKey":"BQzorojWRgKspNBEkRArB3NIeSpEky5j6IERWzzntIBA","previousCounter":0,"rootKey":"1wwRoFjNb9/1lSEu4OkvGYNJEzFlAewegiGDXbgcAbA="},"indexInfo":{"baseKey":"Be06OP9XlYXseNLT86vDPjJZkwUdZdl1BfuMAW2Cbbwt","baseKeyType":1,"closed":-1,"used":1741874424783,"created":1741874424783,"remoteIdentityKey":"BfjiUb+NH6mEyE7EK/rMjRapcuH29UbWu44U6XdIWwU0"},"_chains":{"BQj6+70Cf6C7fqhpA9taUwWlsSWS8Po+Vk0n2dMtmxR8":{"chainKey":{"counter":2,"key":"T2KS876nz7j0TnRV2dM3yTEMirkxFwdfN9BolNvZTpQ="},"chainType":1,"messageKeys":{}}},"pendingPreKey":{"signedKeyId":4,"baseKey":"Be06OP9XlYXseNLT86vDPjJZkwUdZdl1BfuMAW2Cbbwt","preKeyId":16004656}}},"version":"v1"}