{"_sessions":{"BUaw3NOqlQUuhBSdfAswZlWRy0YOxyGgIxnnbdzHdc8X":{"registrationId":834826341,"currentRatchet":{"ephemeralKeyPair":{"pubKey":"BUjGdQRb4JOpLEL1hOECB2ZYprNSUaCamKKMopNA7RFv","privKey":"GKSTqkhUTcbfOT2uO6s17vU3MKzfvq3/xigC4Kl2FXM="},"lastRemoteEphemeralKey":"BbPq9TQMRvoBeZmgH3r2M7JCBgiZ05C/UhfI+zu6lgcA","previousCounter":0,"rootKey":"PM5DirwZgfAofoa21cyjpEFG6wHrBN/v7D+I2l0/3AE="},"indexInfo":{"baseKey":"BUaw3NOqlQUuhBSdfAswZlWRy0YOxyGgIxnnbdzHdc8X","baseKeyType":1,"closed":-1,"used":1741891618232,"created":1741891618232,"remoteIdentityKey":"BcC6UN1z24lTWc77x5L5p8d+gU9CRqCGDdwuOQi8imRA"},"_chains":{"BUjGdQRb4JOpLEL1hOECB2ZYprNSUaCamKKMopNA7RFv":{"chainKey":{"counter":1,"key":"xKyqOI1dvOhSUR3SFmlKk94S1PVPDLngezpt8ASkXMY="},"chainType":1,"messageKeys":{}}},"pendingPreKey":{"signedKeyId":16,"baseKey":"BUaw3NOqlQUuhBSdfAswZlWRy0YOxyGgIxnnbdzHdc8X","preKeyId":6314091}}},"version":"v1"}