{"_sessions":{"BcLXvQPCksm8dJNzTZcltDlZmNubg7OrE0XdFRSDoEFs":{"registrationId":800330068,"currentRatchet":{"ephemeralKeyPair":{"pubKey":"Bffog8R1syy/Df0KCm26W8Nn+iwDL5quP4S56Na0mwAU","privKey":"2DceiDEJB+tCRKFsBfHOum4NDJwbU6nq8MFIJDZy41o="},"lastRemoteEphemeralKey":"BfMCBJLfIt26ptzBGtU16NdAAXFPAJMEPcNOq7mhMXYO","previousCounter":1,"rootKey":"T7hvoZQDZ6TFiLz4bwVBjZpJ2Ki9nhapnvVoOWfWiPk="},"indexInfo":{"baseKey":"BcLXvQPCksm8dJNzTZcltDlZmNubg7OrE0XdFRSDoEFs","baseKeyType":1,"closed":-1,"used":1741891718368,"created":1741891618256,"remoteIdentityKey":"BZrbHEAxGpRX/m/JeucyTq982fyb4IP1qKizJJd5i2gh"},"_chains":{"BfMCBJLfIt26ptzBGtU16NdAAXFPAJMEPcNOq7mhMXYO":{"chainKey":{"counter":0,"key":"xu9755bTQzxRjY9tJWrqayi/7rQse4yNqywrd5OYk9M="},"chainType":2,"messageKeys":{}},"Bffog8R1syy/Df0KCm26W8Nn+iwDL5quP4S56Na0mwAU":{"chainKey":{"counter":-1,"key":"D+YZMP2tNr5NU/LvxQDDAXhKHoaFCk165O5TDOVhr4c="},"chainType":1,"messageKeys":{}}}}},"version":"v1"}