{"_sessions":{"BZsg9q3ombiv1dDLpPShLcarzUA82mD1hIBopibz7HAB":{"registrationId":1531362513,"currentRatchet":{"ephemeralKeyPair":{"pubKey":"BesKWS3RMG1kvrbFtS6WUam9NxZ5UyQaMLP15FA48RxN","privKey":"6OyEmGyuVj0TssDMqVX3LEbpBTMLXq8iUguZimF6sUQ="},"lastRemoteEphemeralKey":"BVQ+/MNxtiFJ2ow2dL3VOeeCJhnBrBUSYXodFdfoy1Mo","previousCounter":0,"rootKey":"ByBgIzE1lwfL8ziV4WSDeRbGK7VYmeaFpmHcolpy6Bk="},"indexInfo":{"baseKey":"BZsg9q3ombiv1dDLpPShLcarzUA82mD1hIBopibz7HAB","baseKeyType":1,"closed":-1,"used":1741875237792,"created":1741875237792,"remoteIdentityKey":"Bc+zTlP/P+1h5q+UZGca6c7W+Hs55qDQXMczqvqyauZW"},"_chains":{"BesKWS3RMG1kvrbFtS6WUam9NxZ5UyQaMLP15FA48RxN":{"chainKey":{"counter":1,"key":"6rUNTzIjbQvmCH/4iep+4vM7mg5OlPlWdZd/Z8jjbUY="},"chainType":1,"messageKeys":{}}},"pendingPreKey":{"signedKeyId":2,"baseKey":"BZsg9q3ombiv1dDLpPShLcarzUA82mD1hIBopibz7HAB","preKeyId":3097755}}},"version":"v1"}