{"_sessions":{"BfAeFYGUCVMTnVQObSB0cn/8v8L9bKDEfxrRI9Owv6h0":{"registrationId":1445809903,"currentRatchet":{"ephemeralKeyPair":{"pubKey":"Bdg7AjPelVaK/8xW9bdDhjyuIat8/rC5GKuHvGT1izVd","privKey":"6D9rw8Xv9cD4jHaqcI2+BXwtTR4f1R1IsyZ0iTubdH8="},"lastRemoteEphemeralKey":"BSepSdTK1oVnFenXya71rdBXeascQ/MPwpZL0Fvz0fFt","previousCounter":0,"rootKey":"02oKbTxDyLv9JdIUOl/xj09nLup8X5AsPfIhtJM/PDY="},"indexInfo":{"baseKey":"BfAeFYGUCVMTnVQObSB0cn/8v8L9bKDEfxrRI9Owv6h0","baseKeyType":1,"closed":-1,"used":1741877407693,"created":1741877407693,"remoteIdentityKey":"BR5GYETIuSTZasK1YAuBa4VTqH7ZJiLApqKDFWBfMiBS"},"_chains":{"Bdg7AjPelVaK/8xW9bdDhjyuIat8/rC5GKuHvGT1izVd":{"chainKey":{"counter":0,"key":"8SDtcyVlaKBZbbyZWpTp5U4np5Jh8yQIFuFP+qW5kEI="},"chainType":1,"messageKeys":{}}},"pendingPreKey":{"signedKeyId":21,"baseKey":"BfAeFYGUCVMTnVQObSB0cn/8v8L9bKDEfxrRI9Owv6h0","preKeyId":16742441}}},"version":"v1"}