{"_sessions":{"BX4hRbA9g6LzAgmNW0WMozgvvw/I90uYQEfzWBAR9KRf":{"registrationId":9293,"currentRatchet":{"ephemeralKeyPair":{"pubKey":"BQ9zB9ftWMCYBwAD4oD8OUB2RLw1/EKEurplP3Jht74P","privKey":"uNihudOIqbN1K1/jC968esSsOoOfC/ujzBJqR9hNFFU="},"lastRemoteEphemeralKey":"BZTlOEKTt41HgeX2sOg3CcqbeBHGk1OLKi7LDJFYndYh","previousCounter":0,"rootKey":"7b2t87r3cbivasS8LIh4HlR2uAFPKl1xWAiglv85W2E="},"indexInfo":{"baseKey":"BX4hRbA9g6LzAgmNW0WMozgvvw/I90uYQEfzWBAR9KRf","baseKeyType":1,"closed":-1,"used":1741874424764,"created":1741874424764,"remoteIdentityKey":"BbMpLB9Q3n3pbLvRBcrzaxof/vYBZK7aSbH1kxQ96KZu"},"_chains":{"BQ9zB9ftWMCYBwAD4oD8OUB2RLw1/EKEurplP3Jht74P":{"chainKey":{"counter":2,"key":"ILfLTUO16BhSE9e3G6L9pSOvnSD9zbJ0yXlxNweoIkg="},"chainType":1,"messageKeys":{}}},"pendingPreKey":{"signedKeyId":1,"baseKey":"BX4hRbA9g6LzAgmNW0WMozgvvw/I90uYQEfzWBAR9KRf","preKeyId":295}}},"version":"v1"}