{"_sessions":{"Bc+7NffeVQLFUYxf7plFCY/wphzhOJVPUVSGag1K5u4r":{"registrationId":1265867191,"currentRatchet":{"ephemeralKeyPair":{"pubKey":"BW6gbqhl2IaRF2ZuxVKNKjOEZw+W1B6EWdrq73C3Kq19","privKey":"uLadsex+SkPCxomw5sAoIsWqSY/ABHnpTBsB6YSgskA="},"lastRemoteEphemeralKey":"BXxnRCEXrxNAMg41yC8Ktas6lEomklS4PyFUUwfqOwM8","previousCounter":0,"rootKey":"tfFor1Fg6gdvnoeNAHSEM+5BRNYR5lm6B4h4e8RQuJM="},"indexInfo":{"baseKey":"Bc+7NffeVQLFUYxf7plFCY/wphzhOJVPUVSGag1K5u4r","baseKeyType":1,"closed":-1,"used":1741877407655,"created":1741877407655,"remoteIdentityKey":"Be+G6Oe7ghRd3GS1NPuuWty64fhL6o1j9JEMPNO++U1s"},"_chains":{"BW6gbqhl2IaRF2ZuxVKNKjOEZw+W1B6EWdrq73C3Kq19":{"chainKey":{"counter":0,"key":"7YyoCajpD9uiufOsbRbknAusWa1LaG3OyYBhPPnXsdI="},"chainType":1,"messageKeys":{}}},"pendingPreKey":{"signedKeyId":1,"baseKey":"Bc+7NffeVQLFUYxf7plFCY/wphzhOJVPUVSGag1K5u4r","preKeyId":13042005}}},"version":"v1"}