{"_sessions":{"BVYX0M9L9ON6u0HqeHDQkB1StRnNKLvoPosagJGVlTsS":{"registrationId":240268994,"currentRatchet":{"ephemeralKeyPair":{"pubKey":"BcrtbHN9nntq1Ro105hs0PMd9/ruHBM/a8DKGm1B9oAC","privKey":"CGJIdfooj3dqfDt4BQ/V5GxaKTbEavNWCpF2PT74Vko="},"lastRemoteEphemeralKey":"BdlGU9LRAvZR0OhrqnOsVkL6pZtWgRLVlg0KE85d/Ooh","previousCounter":0,"rootKey":"fO3e46TYFjTEVl7HnEmWkkN4ey5c3GgYG7GKg9+BRA0="},"indexInfo":{"baseKey":"BVYX0M9L9ON6u0HqeHDQkB1StRnNKLvoPosagJGVlTsS","baseKeyType":1,"closed":-1,"used":1741877407632,"created":1741877407632,"remoteIdentityKey":"BeM5AyNVlXdJGEq55HUKnoGQIqW2OcoVH2EcTf+1w09x"},"_chains":{"BcrtbHN9nntq1Ro105hs0PMd9/ruHBM/a8DKGm1B9oAC":{"chainKey":{"counter":0,"key":"bvFIFy8vVFgoCeIY6HkDeBvZucGnj87x307MhMxEQ9E="},"chainType":1,"messageKeys":{}}},"pendingPreKey":{"signedKeyId":1,"baseKey":"BVYX0M9L9ON6u0HqeHDQkB1StRnNKLvoPosagJGVlTsS"}}},"version":"v1"}