{"_sessions":{"BTVSc7VHrOnrclYjs2HzsvlGpBaFinODWG9IQwnT/SZ9":{"registrationId":1576245960,"currentRatchet":{"ephemeralKeyPair":{"pubKey":"BW5M3+R8GgxsYP1SoK1pd+zkI8kRn8zSTHV7F0GdpRQU","privKey":"GOCBfhdfSBc7SNDMo1fXK2+Cz7tlIr2T7wZ4Stba4nM="},"lastRemoteEphemeralKey":"BZLpf1g9QvM2cZ7lbsJyqd1gkmXPwQGUdi3lGSOue4Fb","previousCounter":0,"rootKey":"zHjkOLkS7vYyQQXx+o8mvEjVLVHSU7gYw0PdNcQ8Qzk="},"indexInfo":{"baseKey":"BTVSc7VHrOnrclYjs2HzsvlGpBaFinODWG9IQwnT/SZ9","baseKeyType":1,"closed":-1,"used":1741875237774,"created":1741875237774,"remoteIdentityKey":"BUyVu+tcIWVBb5Jp7qWB69588UC8KKTwIuMrpdjj0Q4C"},"_chains":{"BW5M3+R8GgxsYP1SoK1pd+zkI8kRn8zSTHV7F0GdpRQU":{"chainKey":{"counter":1,"key":"xwMaLgV8bLrozHcFX61v8kkktIKSMqsNTqmMYGyxeck="},"chainType":1,"messageKeys":{}}},"pendingPreKey":{"signedKeyId":15,"baseKey":"BTVSc7VHrOnrclYjs2HzsvlGpBaFinODWG9IQwnT/SZ9","preKeyId":531502}}},"version":"v1"}