{"_sessions":{"BUs5dIsGixaN68ehA2UxGnwk2eGk5arkjgyxdJzidvgq":{"registrationId":1000330529,"currentRatchet":{"ephemeralKeyPair":{"pubKey":"BdNuoqJvIZVliiYMvVsEHzZ4YDbjvPU3ZQ/D4yfYi/kL","privKey":"KMD8bap3IU7mA/VJOwATtMZcG377j0bI5+cs991+BWU="},"lastRemoteEphemeralKey":"BZaP0pDTMhpprjH989jS3q7hNh3C6czaNEdLk4bdrmUo","previousCounter":0,"rootKey":"mZizDq1ahTssMdwCDSRjD7rTy7Qo6UyCU4wLhgSkxBY="},"indexInfo":{"baseKey":"BUs5dIsGixaN68ehA2UxGnwk2eGk5arkjgyxdJzidvgq","baseKeyType":1,"closed":-1,"used":1741875237808,"created":1741875237808,"remoteIdentityKey":"BaYPwN2lxsMm/wJCAACZicoPIb+H9TstNMSoqkmNrPNd"},"_chains":{"BdNuoqJvIZVliiYMvVsEHzZ4YDbjvPU3ZQ/D4yfYi/kL":{"chainKey":{"counter":1,"key":"RpenTS4yuHcOp9UdkNM9FGhi4c6hV97/aXVI/ca3sv4="},"chainType":1,"messageKeys":{}}},"pendingPreKey":{"signedKeyId":2,"baseKey":"BUs5dIsGixaN68ehA2UxGnwk2eGk5arkjgyxdJzidvgq"}}},"version":"v1"}