{"_sessions":{"BdHbCddoF7h+hPlwmwo9XUIv8JHDujFmURgyBul88Es/":{"registrationId":1245814959,"currentRatchet":{"ephemeralKeyPair":{"pubKey":"BTKqvCAD78B2Us429unDM0u7KmBfhcfuucVLWGxOcoZ+","privKey":"aNp5usLsdQSkKuY2KYG4pmV0li+28/ajjDuOvFDQWUc="},"lastRemoteEphemeralKey":"BSkGcqmkwwz7tCQtV/ddpjBdTMbrPBgI47/h3yr8bHYb","previousCounter":0,"rootKey":"StMKGAji/PITt89iAyOTmxkylwr5KAA6IDUeomHRYG8="},"indexInfo":{"baseKey":"BdHbCddoF7h+hPlwmwo9XUIv8JHDujFmURgyBul88Es/","baseKeyType":1,"closed":-1,"used":1741875237805,"created":1741875237805,"remoteIdentityKey":"BYTFdUHTq4LlXF3fLu88QCGFZS22x0LxHcN2Au5WTQFH"},"_chains":{"BTKqvCAD78B2Us429unDM0u7KmBfhcfuucVLWGxOcoZ+":{"chainKey":{"counter":1,"key":"4nmQGYLR9ZosJpSllttWiVi2+D27OsM1wsyxOE1Hltw="},"chainType":1,"messageKeys":{}}},"pendingPreKey":{"signedKeyId":0,"baseKey":"BdHbCddoF7h+hPlwmwo9XUIv8JHDujFmURgyBul88Es/","preKeyId":10943592}}},"version":"v1"}