{"_sessions":{"BXTcalAfgnYN21WzPnT6W1HBT7g5yzVQG7sWPdLQhLt/":{"registrationId":1675706553,"currentRatchet":{"ephemeralKeyPair":{"pubKey":"BeEb2JUmIebZ0UPx2Tzr9SVTJefLumztfYaSTZb/sZV+","privKey":"wDrA1vnABhHJBkXbsGbcfggWJ18d5dpNFln7lxKbFWU="},"lastRemoteEphemeralKey":"BaIbVhjDLwaZ49QTQ+HTEw/l3Icn5GuMmDKaton+oWkJ","previousCounter":0,"rootKey":"WJZUPe/cqXFUBXhFVEOUnuhl9xn0pO7//4SMUAzc7Mc="},"indexInfo":{"baseKey":"BXTcalAfgnYN21WzPnT6W1HBT7g5yzVQG7sWPdLQhLt/","baseKeyType":1,"closed":-1,"used":1741877407679,"created":1741877407679,"remoteIdentityKey":"BXbUOydMo/sEmGJsduVXT3lB3gAvvj8fiBpxtKUSsgVi"},"_chains":{"BeEb2JUmIebZ0UPx2Tzr9SVTJefLumztfYaSTZb/sZV+":{"chainKey":{"counter":0,"key":"/djSZZUEXE6sULWGrZCEyPs3C/pxeLtoCd4S2bkiJ2Q="},"chainType":1,"messageKeys":{}}},"pendingPreKey":{"signedKeyId":0,"baseKey":"BXTcalAfgnYN21WzPnT6W1HBT7g5yzVQG7sWPdLQhLt/"}}},"version":"v1"}