{"_sessions":{"BRfRCeJZ9N4gEuG1dXEQzesINQJd0Cs8HH9Ei50AJNFr":{"registrationId":1844839791,"currentRatchet":{"ephemeralKeyPair":{"pubKey":"BTt6PlDJruaVRHx5/dkK8VmqPlrvWJpmUj/IcjKLZAtT","privKey":"+KkULESTw7rHGCIo7M3NHg2ETMIzD8ruoGbA/WSn00M="},"lastRemoteEphemeralKey":"BaT0wIC6hfnl/+e9BOC6VV2bCKT8c1flB5PLPTVUecBv","previousCounter":0,"rootKey":"Z2sA7wbQpAIGsYOdTLOK9SwwG8rRidziFsT+R6iXf+Y="},"indexInfo":{"baseKey":"BRfRCeJZ9N4gEuG1dXEQzesINQJd0Cs8HH9Ei50AJNFr","baseKeyType":1,"closed":-1,"used":1741875237808,"created":1741875237808,"remoteIdentityKey":"BWytNeAz+2w8l/Lm3Fln/Nd+jjT+gDFTRCBqlQWgjdwn"},"_chains":{"BTt6PlDJruaVRHx5/dkK8VmqPlrvWJpmUj/IcjKLZAtT":{"chainKey":{"counter":1,"key":"+t0f7D/MRa0cRtet684RxDFiudV/XAPW0P2bjYOYe40="},"chainType":1,"messageKeys":{}}},"pendingPreKey":{"signedKeyId":0,"baseKey":"BRfRCeJZ9N4gEuG1dXEQzesINQJd0Cs8HH9Ei50AJNFr"}}},"version":"v1"}