{"_sessions":{"BQFkTr2t+cXZ0YNotNnANZRZfh3RPeM+1P5SfxDZijBV":{"registrationId":1723849841,"currentRatchet":{"ephemeralKeyPair":{"pubKey":"BY0UkGfxZydhmbafybbk6UqWP7TMsXopoSfIBU5zEbQv","privKey":"WJsUIUdZJNAjw1KXujIPxX1ZnIJ+VOhYEFJ05XD+ZXU="},"lastRemoteEphemeralKey":"BViTXKtgqTKGPLNEbXjCKs4BctiLqUvXqVijICBPiPNY","previousCounter":0,"rootKey":"Pdbw0QYOk3dzc0alM6kDH1MynB4AjzxW89oVvLsNzdE="},"indexInfo":{"baseKey":"BQFkTr2t+cXZ0YNotNnANZRZfh3RPeM+1P5SfxDZijBV","baseKeyType":1,"closed":-1,"used":1741877407702,"created":1741877407702,"remoteIdentityKey":"BSBz/bnZUOVr+Gh4FxiqIsenbtvenjiLQjbpNZRIE6VC"},"_chains":{"BY0UkGfxZydhmbafybbk6UqWP7TMsXopoSfIBU5zEbQv":{"chainKey":{"counter":0,"key":"NaG45z/SnfPamjeWdMOXkaqfr78WWZa0cdxNeGX/hS8="},"chainType":1,"messageKeys":{}}},"pendingPreKey":{"signedKeyId":7,"baseKey":"BQFkTr2t+cXZ0YNotNnANZRZfh3RPeM+1P5SfxDZijBV","preKeyId":16276854}}},"version":"v1"}