{"_sessions":{"BeESTMaSlzPDNKKv61zHSxKbwtJb0mk+26D3iwAsTlUq":{"registrationId":365908491,"currentRatchet":{"ephemeralKeyPair":{"pubKey":"BUw6VfqcIwHZ2c7h1gsDVDkARwOsqLke6Yl+RCZeQRUm","privKey":"YGo0XtlAHcCWDXDiRhnHpIAh9uxZgPnV6siPuZSUcEw="},"lastRemoteEphemeralKey":"BZM00DBJhCsAZiu4FJlSwoBpdOl+zh/x2LAxef59+BYT","previousCounter":0,"rootKey":"ukJwxsiWfazCFnvKrL6BF5LjVpy2EzW9tFwSvmj+OG0="},"indexInfo":{"baseKey":"BeESTMaSlzPDNKKv61zHSxKbwtJb0mk+26D3iwAsTlUq","baseKeyType":1,"closed":-1,"used":1741877407660,"created":1741877407660,"remoteIdentityKey":"BSUu8siB1HK51gPDeeWRG9RnHhy1VgD+EyC8XfBuig1u"},"_chains":{"BUw6VfqcIwHZ2c7h1gsDVDkARwOsqLke6Yl+RCZeQRUm":{"chainKey":{"counter":0,"key":"0RYIZoMvXDWiBL/nxicgOXVd7yhEa0DSTXXeh6LRIcY="},"chainType":1,"messageKeys":{}}},"pendingPreKey":{"signedKeyId":4,"baseKey":"BeESTMaSlzPDNKKv61zHSxKbwtJb0mk+26D3iwAsTlUq","preKeyId":595887}}},"version":"v1"}