{"_sessions":{"BaX1I710sOcDnf6U35sfCQJxxnZXU+oFRxAbEI+c4qtb":{"registrationId":1961391257,"currentRatchet":{"ephemeralKeyPair":{"pubKey":"BZW/RVdqiuMj00o9gRr+yYMIq5urDP7H7DoaRDGPTLI8","privKey":"uFoNCCszo4LY7RShKLrf/eplp3oc80Bcze4JOKmdIWQ="},"lastRemoteEphemeralKey":"BUZxpeeAp3c/jzCXBSHOJ4kY40uAKE52IrS01jLuKZVG","previousCounter":0,"rootKey":"EH8b+X/VqxW46XSeKv2Cd2ZauzxFGVwqWBc9kvNzGgs="},"indexInfo":{"baseKey":"BaX1I710sOcDnf6U35sfCQJxxnZXU+oFRxAbEI+c4qtb","baseKeyType":1,"closed":-1,"used":1741877407658,"created":1741877407658,"remoteIdentityKey":"Bb3h0gZq+Y4YSnl7zlVwIAg5PK8k2slXydujrWF4azVZ"},"_chains":{"BZW/RVdqiuMj00o9gRr+yYMIq5urDP7H7DoaRDGPTLI8":{"chainKey":{"counter":0,"key":"8EPpTMxXx2q+JUSF6KJipHw31pwfPwSdc7vInYOLVE4="},"chainType":1,"messageKeys":{}}},"pendingPreKey":{"signedKeyId":29,"baseKey":"BaX1I710sOcDnf6U35sfCQJxxnZXU+oFRxAbEI+c4qtb","preKeyId":3496717}}},"version":"v1"}