{"_sessions":{"BWEiJmn5yshnKldEU2ImQGz4tkU8NeUaEFnbMYBLOMxP":{"registrationId":142626589,"currentRatchet":{"ephemeralKeyPair":{"pubKey":"BVdv4FNuvN+Wlgd1CHDdGrHdaPgSgZjCIv6Z/V/f3VtX","privKey":"8IzoBvxKsrwAYy4Q1ovCjGmlCUZewNcGadGKGgLUI0I="},"lastRemoteEphemeralKey":"BY/gkJ9+R6Hnv4koEdD8/9/kR3UsD6vVCSyvUn032WhP","previousCounter":0,"rootKey":"FoeeRptd1yK/UQhqay9KMlmyyrr0hjkSOw1zEYFUsvI="},"indexInfo":{"baseKey":"BWEiJmn5yshnKldEU2ImQGz4tkU8NeUaEFnbMYBLOMxP","baseKeyType":1,"closed":-1,"used":1741891618255,"created":1741891618255,"remoteIdentityKey":"BdXg5Z8ctnomDBF958+9Qld5JGGdwboF+czmS2bVTagK"},"_chains":{"BVdv4FNuvN+Wlgd1CHDdGrHdaPgSgZjCIv6Z/V/f3VtX":{"chainKey":{"counter":1,"key":"1DQmGvDFQMJS5WAjBRMNSj/ua1ckKti2CHNTRx0RRiI="},"chainType":1,"messageKeys":{}}},"pendingPreKey":{"signedKeyId":35,"baseKey":"BWEiJmn5yshnKldEU2ImQGz4tkU8NeUaEFnbMYBLOMxP","preKeyId":5269466}}},"version":"v1"}