{"_sessions":{"Bd/0nl3uvKlGpPQeMR3vyIijH9H+YNvyCOkMzDdDU6wL":{"registrationId":84,"currentRatchet":{"ephemeralKeyPair":{"pubKey":"BfcQHxhSE4i2Z8wziDKgEgXrGXd0iWbNUaoL5djMSI04","privKey":"UB+YtJ0KgptE1D6SB5tuCbPq7Y1wWQ29qOBoc975HFI="},"lastRemoteEphemeralKey":"BYvyhDpJBwwGl1Ffk2QXcsL28RbCTmL9/JxNTFA/E+sZ","previousCounter":0,"rootKey":"w+t8Qiw7NtOAVQrJYDktX2+MgUyasxESr/ws1hQug4Q="},"indexInfo":{"baseKey":"Bd/0nl3uvKlGpPQeMR3vyIijH9H+YNvyCOkMzDdDU6wL","baseKeyType":1,"closed":-1,"used":1741875240204,"created":1741875237770,"remoteIdentityKey":"BWZYY0jst4halmzCxIMy/pk9XSBpP+ir7z1GQfZibgF/"},"_chains":{"BYvyhDpJBwwGl1Ffk2QXcsL28RbCTmL9/JxNTFA/E+sZ":{"chainKey":{"counter":0,"key":"lLvooe1tHXCgcnw+Ezra7uvRqZSoybkzsIVQnura6vc="},"chainType":2,"messageKeys":{}},"BfcQHxhSE4i2Z8wziDKgEgXrGXd0iWbNUaoL5djMSI04":{"chainKey":{"counter":-1,"key":"yUL2ZkF53kMGooekzsux/7Z9K5FHx4zzDA+Sw8wCpOg="},"chainType":1,"messageKeys":{}}}}},"version":"v1"}