{"_sessions":{"BaEFhE6nxQ5gm5rQfjNI2H084pARoZJlftfUeaO4Q3Qx":{"registrationId":247380034,"currentRatchet":{"ephemeralKeyPair":{"pubKey":"BSZYIjMGATjh8BBfyDQENH1yalNqpwULApyTAav+Hp4z","privKey":"uCfqKTksVvY24vhrGpL2JNL9NYKWZm88NuYLjIqJ2XQ="},"lastRemoteEphemeralKey":"BY4AVepL15jRBuwI63Yx7dMsMbSOUrVsel7k2JkISwQg","previousCounter":1,"rootKey":"rMDBw6rN1+SoaEH7EfLXXu90PmjbV0Eix7sKaaPgThY="},"indexInfo":{"baseKey":"BaEFhE6nxQ5gm5rQfjNI2H084pARoZJlftfUeaO4Q3Qx","baseKeyType":1,"closed":-1,"used":1741955672968,"created":1741874424793,"remoteIdentityKey":"BVbFIaZM0yY2fpvhKQxf72Bm6AAgqbuAL6qnRfESJdAW"},"_chains":{"BRGQyVdkyz0O6bB6Yc71ppYT4bT1/9QtAWAsp0eMbx4U":{"chainKey":{"counter":0},"chainType":2,"messageKeys":{}},"BY4AVepL15jRBuwI63Yx7dMsMbSOUrVsel7k2JkISwQg":{"chainKey":{"counter":1,"key":"v8cAdIkYOr0Yt/Fr2ueKzoWTu3EBIzYJwFGU/eiKJCE="},"chainType":2,"messageKeys":{}},"BSZYIjMGATjh8BBfyDQENH1yalNqpwULApyTAav+Hp4z":{"chainKey":{"counter":-1,"key":"B+oK3RcCFQ2HT3yjPTDwTsVI3UHxE0rhMrTzV+nfLnk="},"chainType":1,"messageKeys":{}}}}},"version":"v1"}