{"_sessions":{"BYq69HXy/4xmt4biMr6NNkvgQ4lxtFPpZ7UGw01b5x0h":{"registrationId":1316662285,"currentRatchet":{"ephemeralKeyPair":{"pubKey":"BbCof9MZ/BAAiLBuJTSW+aBa8KOrs/jEvR/fe/tsnM0V","privKey":"oExKCuEmMy+n+TOEvIxyFdk4Gv1DrKEbq+hEEKUBNV0="},"lastRemoteEphemeralKey":"BY2Gmma/rHGFnN5xOnZQlpMCe4yucWdXlrFf+nG2FXor","previousCounter":0,"rootKey":"e3RNB2FYNOGIfumqbJWE/6scuFSYvYauDPTxqr4Q5zo="},"indexInfo":{"baseKey":"BYq69HXy/4xmt4biMr6NNkvgQ4lxtFPpZ7UGw01b5x0h","baseKeyType":2,"closed":-1,"used":1741955667404,"created":1741955667404,"remoteIdentityKey":"BYkRcYQNo6d/BY/uNUvwM5UL7Ppps74VNRi/HADZeR5Q"},"_chains":{"BY2Gmma/rHGFnN5xOnZQlpMCe4yucWdXlrFf+nG2FXor":{"chainKey":{"counter":0,"key":"ilMUCargv7T+9Fz04Lba7HYreulMm8BpBdEBliB4EA8="},"chainType":2,"messageKeys":{}},"BbCof9MZ/BAAiLBuJTSW+aBa8KOrs/jEvR/fe/tsnM0V":{"chainKey":{"counter":-1,"key":"KA2Ln7K2zjku3pqGmmhKyGHi12pLspfSkPMgFPyhetE="},"chainType":1,"messageKeys":{}}}}},"version":"v1"}