{"_sessions":{"Bf7NZ0vAOZnUP4800pAle55E9Dh69mqzhoIWQ/qy5/oS":{"registrationId":748241779,"currentRatchet":{"ephemeralKeyPair":{"pubKey":"BYw9r6RxvyKPMVdPqImCPjrwUgLRp4Y9hYod6R2gR5J0","privKey":"sD7ijYRuFMoLQFNXYOs5JvDE/lMWHlBZADmdLWdQvEw="},"lastRemoteEphemeralKey":"BVwoxEWWCbhIYVZFAcXMSc4TeQCe+HygUaEEDcw2Lule","previousCounter":0,"rootKey":"IgZjSfRU2VON8QuAV7mfCjzRwhtR6yzVg9JHNm//zdk="},"indexInfo":{"baseKey":"Bf7NZ0vAOZnUP4800pAle55E9Dh69mqzhoIWQ/qy5/oS","baseKeyType":1,"closed":-1,"used":1741877407712,"created":1741877407712,"remoteIdentityKey":"BWOETpm25xghwNecBlzyRWqQDrcJm7wj7VlQVoLi8xYV"},"_chains":{"BYw9r6RxvyKPMVdPqImCPjrwUgLRp4Y9hYod6R2gR5J0":{"chainKey":{"counter":0,"key":"D1J9Mc9SIWfFkXbgikGfDdGMf0bovXFchAob56vh+gs="},"chainType":1,"messageKeys":{}}},"pendingPreKey":{"signedKeyId":46,"baseKey":"Bf7NZ0vAOZnUP4800pAle55E9Dh69mqzhoIWQ/qy5/oS","preKeyId":12206130}}},"version":"v1"}