{"_sessions":{"BbpAU/q4O+48HMaLGoWYW21K39AZgIi4LLcM3xMKrIdd":{"registrationId":3123,"currentRatchet":{"ephemeralKeyPair":{"pubKey":"BSAxB9C68oC7FDQKpOKgBGrL4rjL7OYTzN9n+Wk29TVb","privKey":"eBA5ZmQcNVYPAlnRZRs9kdq+txjaB5VbqbtVq7VYvHQ="},"lastRemoteEphemeralKey":"BS+krLUTAYPGJ0zlD7D7pUJkFFov0BKoSwKP/1aC34FP","previousCounter":0,"rootKey":"Xja3QYcKi8FDnWj/XkIf769KA7HHGY8LmZQG/95+gVw="},"indexInfo":{"baseKey":"BbpAU/q4O+48HMaLGoWYW21K39AZgIi4LLcM3xMKrIdd","baseKeyType":1,"closed":-1,"used":1741877407638,"created":1741877407638,"remoteIdentityKey":"BcFPjC95zDIYDwTYbhnj2tE9SELFnCRbHEsTCh9JZPYp"},"_chains":{"BSAxB9C68oC7FDQKpOKgBGrL4rjL7OYTzN9n+Wk29TVb":{"chainKey":{"counter":0,"key":"nWAY0q2ZVgjvTX3+zT+iutXyoqqYOBWkjqPIBJqa6g8="},"chainType":1,"messageKeys":{}}},"pendingPreKey":{"signedKeyId":1,"baseKey":"BbpAU/q4O+48HMaLGoWYW21K39AZgIi4LLcM3xMKrIdd"}}},"version":"v1"}