{"_sessions":{"BS8XzvtgGWf6oTUEqMUpAH3WKFtQXpJ8WDzDEuxypEBm":{"registrationId":556716638,"currentRatchet":{"ephemeralKeyPair":{"pubKey":"BdUuUaBEIXCIzfuF2OFg1np5OLFIPv30UgQ1x8cgN3Vt","privKey":"qMD/TwC3nkLR+G+30pNxkukaiVkKJErE4SoJImTTo0o="},"lastRemoteEphemeralKey":"BR34ioVbrnoyxqtlQ7Jp81s/pBHxlsb4eudhyaM/ugs1","previousCounter":0,"rootKey":"biVMvyZXAag2BB0P3HWGwPmrLoKfok9hCY4KZfio+3o="},"indexInfo":{"baseKey":"BS8XzvtgGWf6oTUEqMUpAH3WKFtQXpJ8WDzDEuxypEBm","baseKeyType":1,"closed":-1,"used":1741877407645,"created":1741877407645,"remoteIdentityKey":"BWJLgD0XtIinOf2K6a2C2L1g91vWlrPtvMJ8aCYrEkBn"},"_chains":{"BdUuUaBEIXCIzfuF2OFg1np5OLFIPv30UgQ1x8cgN3Vt":{"chainKey":{"counter":0,"key":"H78xBKmmvrRIQ/YC0KFFRIMKFRKGZu/EYbX5AJCEbLY="},"chainType":1,"messageKeys":{}}},"pendingPreKey":{"signedKeyId":1,"baseKey":"BS8XzvtgGWf6oTUEqMUpAH3WKFtQXpJ8WDzDEuxypEBm","preKeyId":1054}}},"version":"v1"}