{"_sessions":{"BTBwAHyZKFAj3drRP+Qs5cvGkDLqeD2cK5tPdQLz0ihz":{"registrationId":1620525757,"currentRatchet":{"ephemeralKeyPair":{"pubKey":"BQQ0MGB+/0qSIuQD+8pcVitcAiGksk6uFqx0uRlClDZ4","privKey":"WBpcld+U8oOovGpNOZr9B6d43m9jlIptirM6eHBdOFo="},"lastRemoteEphemeralKey":"BUsJuyy7jLBHg1wQZDybTJ1aHkCiNQMJ1tO5ItmJ3g87","previousCounter":0,"rootKey":"p5xezGsv4/9PDX1PGtC4CmUjM3BVUL2FLvuWl38mISg="},"indexInfo":{"baseKey":"BTBwAHyZKFAj3drRP+Qs5cvGkDLqeD2cK5tPdQLz0ihz","baseKeyType":2,"closed":-1,"used":1741875429245,"created":1741875223969,"remoteIdentityKey":"BZJiKgGs7bPpI/6LjzhFBqf3UIcwwywRSuogSR08x11w"},"_chains":{"BcPd76OpEVFbxmta3FWcAZnkCpEjwgItb1FIa+iD1wEA":{"chainKey":{"counter":1},"chainType":2,"messageKeys":{}},"BUsJuyy7jLBHg1wQZDybTJ1aHkCiNQMJ1tO5ItmJ3g87":{"chainKey":{"counter":0,"key":"ymrZWsjyAMEzTd20Czgw3D0Yd9WAGDlEPAdUPTHE9uU="},"chainType":2,"messageKeys":{}},"BQQ0MGB+/0qSIuQD+8pcVitcAiGksk6uFqx0uRlClDZ4":{"chainKey":{"counter":-1,"key":"qNaxIuzJHprBNH0RUOPH9xHLpnTIH8P95KyLIIeJw8I="},"chainType":1,"messageKeys":{}}}}},"version":"v1"}