{"_sessions":{"BUP8aElGmkKWPX8cf/6P2DJx49KAWJNrko0fOrwq3TlS":{"registrationId":2063670992,"currentRatchet":{"ephemeralKeyPair":{"pubKey":"BSXbSk4aSYFmoB9KmqDjmCpu5cApQH4bP5IL0oghQ9cb","privKey":"oF/vL0LNLDCQ2HU5vNmuvZqNqE/5eUpnZuLhxZI0V2E="},"lastRemoteEphemeralKey":"BTOkgvcOk2wE7rremzLz+gUCY9BVcbCvBfUsd+biBaBr","previousCounter":0,"rootKey":"3Fl/bLwTP4wXztgc8J2lirFM/FYEZnmEOAZrAmmdqPE="},"indexInfo":{"baseKey":"BUP8aElGmkKWPX8cf/6P2DJx49KAWJNrko0fOrwq3TlS","baseKeyType":1,"closed":-1,"used":1741875237786,"created":1741875237786,"remoteIdentityKey":"BcbEZgcb0WJPoC6puwyYcDTwDIpi9XD0CvI396VWH1FF"},"_chains":{"BSXbSk4aSYFmoB9KmqDjmCpu5cApQH4bP5IL0oghQ9cb":{"chainKey":{"counter":1,"key":"Gp7+ULHExjtLkec7yIH5862GzA6kZHMQqT5FQjv6uPg="},"chainType":1,"messageKeys":{}}},"pendingPreKey":{"signedKeyId":0,"baseKey":"BUP8aElGmkKWPX8cf/6P2DJx49KAWJNrko0fOrwq3TlS","preKeyId":15548020}}},"version":"v1"}