{"_sessions":{"BXWG84wfT5AjCspdj3yUGlI7Ou+mVGaI/fg+RjLoQsAV":{"registrationId":89480802,"currentRatchet":{"ephemeralKeyPair":{"pubKey":"BWKew5wACqNRgE9MwtVddk5fp/Wn6JXCnuWfMUChQ8kF","privKey":"CDGa0AZVLtzPpxLQiTZnej91ErR9q5VlwVmpAOelh3k="},"lastRemoteEphemeralKey":"BdMGFBwg74ERW+/mk5+aWcTPvfBQp3bBaC7dcsZJON5W","previousCounter":0,"rootKey":"EoZ1acWTnNmoApwM8QHwcTHVjp1RhFJZsxPWlWdbPes="},"indexInfo":{"baseKey":"BXWG84wfT5AjCspdj3yUGlI7Ou+mVGaI/fg+RjLoQsAV","baseKeyType":1,"closed":-1,"used":1741874424767,"created":1741874424767,"remoteIdentityKey":"BRlcn8VdcdB4ba9GUa1OnvrYl+O5C0VRo3FeBnnzjTMM"},"_chains":{"BWKew5wACqNRgE9MwtVddk5fp/Wn6JXCnuWfMUChQ8kF":{"chainKey":{"counter":2,"key":"pZjYjVWYYEinAek5T9PKMSYZ9Q93l9BcauALfb/aBtk="},"chainType":1,"messageKeys":{}}},"pendingPreKey":{"signedKeyId":1,"baseKey":"BXWG84wfT5AjCspdj3yUGlI7Ou+mVGaI/fg+RjLoQsAV","preKeyId":11716615}}},"version":"v1"}