{"_sessions":{"BRqd0JOgQoo15yU9/WnXLcW7vMZCUBXagOXeYEucc0IM":{"registrationId":9177,"currentRatchet":{"ephemeralKeyPair":{"pubKey":"BR6RpbDHMU+ScCNWfkcfYd7Ik5x+zUn/XMJJVGjveRFT","privKey":"qFu833zk2/zDmHMtdbHBNm7QYuD7kkklhb02PY4/UUw="},"lastRemoteEphemeralKey":"BeboRcUa4tvYqYBwcd+Yoi/W+zJVNfuBzXr4DuMEMdQs","previousCounter":0,"rootKey":"jhg7ZSv0GrQCTueX0TXdBg6QyhjsFMnpWbZQPzvL6uw="},"indexInfo":{"baseKey":"BRqd0JOgQoo15yU9/WnXLcW7vMZCUBXagOXeYEucc0IM","baseKeyType":1,"closed":-1,"used":1741877407637,"created":1741877407637,"remoteIdentityKey":"BUdUx1a6Rn0hLdYVV6DFmtYuyfZWaWRlSClcxKM3HxUK"},"_chains":{"BR6RpbDHMU+ScCNWfkcfYd7Ik5x+zUn/XMJJVGjveRFT":{"chainKey":{"counter":0,"key":"tZ079EulLuMrJB6fu1gwyg9+NdjgR9aeB94IeeytSB0="},"chainType":1,"messageKeys":{}}},"pendingPreKey":{"signedKeyId":1,"baseKey":"BRqd0JOgQoo15yU9/WnXLcW7vMZCUBXagOXeYEucc0IM","preKeyId":617}}},"version":"v1"}