{"_sessions":{"BYn/PA7c5C8e7ltolIWvC77tEBfTes16FbLhMBlR7YFZ":{"registrationId":1537385368,"currentRatchet":{"ephemeralKeyPair":{"pubKey":"BbmCIeBO/8XJ52S7VeChfu51SJAAxmUxdTVLvqF+WpNR","privKey":"4DVYc2v2lbNRG1KVWNIb+oGe2JdfdV8P4M6EDSoz53E="},"lastRemoteEphemeralKey":"BevOVN2NXybKG6M/tXN4yrsVeZTL6GsHq4uowgGrYQcL","previousCounter":1,"rootKey":"QG54jl/jBzH6UvelImD9K8Bm9sVqyUpoG1o9nuV5Hig="},"indexInfo":{"baseKey":"BYn/PA7c5C8e7ltolIWvC77tEBfTes16FbLhMBlR7YFZ","baseKeyType":1,"closed":-1,"used":1741955666871,"created":1741891618243,"remoteIdentityKey":"BbDm3d4LuhfHkk0kbmqpWqwT4bjGeENCAt85Lzwy+D5V"},"_chains":{"BevOVN2NXybKG6M/tXN4yrsVeZTL6GsHq4uowgGrYQcL":{"chainKey":{"counter":0,"key":"8vhOo91iKTe1z3/RKgS2+fNJkskGgKD50fMXl/0pv/o="},"chainType":2,"messageKeys":{}},"BbmCIeBO/8XJ52S7VeChfu51SJAAxmUxdTVLvqF+WpNR":{"chainKey":{"counter":-1,"key":"47TjDKFVU2Yj5WJmK2nXiz086OUPd/ClNnIbKm84w7c="},"chainType":1,"messageKeys":{}}}}},"version":"v1"}