{"_sessions":{"BZBfLwnr2NrbWhpQo+O2WdfqSt7kgRHjbc0WKFCAFwQ0":{"registrationId":1953168334,"currentRatchet":{"ephemeralKeyPair":{"pubKey":"BSdnrNyMWARA8+LWjeA4Afh49VU40+UjNced6AmPZvJV","privKey":"8D8wRsYo3QtJG/tPN3bRIrMM2LDMxGfY67nWtFixAGU="},"lastRemoteEphemeralKey":"BQ9IprZhUOZePaB57+ujLKcNuKLq4uXT24IuPNcL+1h/","previousCounter":0,"rootKey":"YznL17Akb1sZmc9EVIXNL2bpTfELQscpy7UBtXjN1XU="},"indexInfo":{"baseKey":"BZBfLwnr2NrbWhpQo+O2WdfqSt7kgRHjbc0WKFCAFwQ0","baseKeyType":1,"closed":-1,"used":1741874424762,"created":1741874424762,"remoteIdentityKey":"BZJ6r94biSLTuu800l5hM8SS+0o1BpihW2HqDhgieg0+"},"_chains":{"BSdnrNyMWARA8+LWjeA4Afh49VU40+UjNced6AmPZvJV":{"chainKey":{"counter":2,"key":"tLwwAguHXZmvFwDzrohhoobezfbUJZTtOKAfTzgXTVw="},"chainType":1,"messageKeys":{}}},"pendingPreKey":{"signedKeyId":20,"baseKey":"BZBfLwnr2NrbWhpQo+O2WdfqSt7kgRHjbc0WKFCAFwQ0","preKeyId":4287}}},"version":"v1"}