{"_sessions":{"BbvB4dP2zevgS/pxY6kYfHXAXjStbIQFefPBlA041dZ7":{"registrationId":774508881,"currentRatchet":{"ephemeralKeyPair":{"pubKey":"BeXB8yQubplpVzGlAvDOLEI7mgp2x6nd8p8QP3qLSFwX","privKey":"UH9WXioNuK4V0pRNHJjpoBu8LphG1i107RnDGHY480M="},"lastRemoteEphemeralKey":"BQQt7TrKHcMzZ3s7m9cG4fQ+RD4fS7tMcDmB6d4zmXQb","previousCounter":0,"rootKey":"nsWEb3ccSbDxrw1jU4gmuUx3RuEqLkiO0L6JC30NyWU="},"indexInfo":{"baseKey":"BbvB4dP2zevgS/pxY6kYfHXAXjStbIQFefPBlA041dZ7","baseKeyType":1,"closed":-1,"used":1741891618262,"created":1741891618262,"remoteIdentityKey":"Bf1C0ggALhiBUnTKuSVV9pnpKWZTQixDs4Zmy1qgbuIy"},"_chains":{"BeXB8yQubplpVzGlAvDOLEI7mgp2x6nd8p8QP3qLSFwX":{"chainKey":{"counter":1,"key":"FvFmtktiL9bY0Gt+xam1BKJt/A7TSEWk+bVgoLhi2sE="},"chainType":1,"messageKeys":{}}},"pendingPreKey":{"signedKeyId":5,"baseKey":"BbvB4dP2zevgS/pxY6kYfHXAXjStbIQFefPBlA041dZ7","preKeyId":9405886}}},"version":"v1"}