{"_sessions":{"BZRMun3gf1SXy224nr6NHrnc/8XmsJ6t1KyLSBSeNF8B":{"registrationId":825562411,"currentRatchet":{"ephemeralKeyPair":{"pubKey":"BZOBgEA4DmzcXU/5VfxA2twkvWwahA4SSSF/NvVGz1gj","privKey":"qEiyOz3t3LtEe54Jo9NglH1qk8f4yavxI4gXAeJjAmo="},"lastRemoteEphemeralKey":"BZ2St0UMvyR+KtoZGbjzqPi3TiqsanMLp9gker8Y6SYH","previousCounter":0,"rootKey":"o79uibkSoVaJCZL0Pm244Eq/CKNsA+/BP6+SCqVKppU="},"indexInfo":{"baseKey":"BZRMun3gf1SXy224nr6NHrnc/8XmsJ6t1KyLSBSeNF8B","baseKeyType":2,"closed":-1,"used":1741871606091,"created":1741871606091,"remoteIdentityKey":"BQRklSl2tEjAzgYylWIpGcriEf1Teom0hETZ4KLvYAgG"},"_chains":{"BZ2St0UMvyR+KtoZGbjzqPi3TiqsanMLp9gker8Y6SYH":{"chainKey":{"counter":0,"key":"uO06K6nBwjUMzMwFJL0Ts1+4fZ6YcWtLF41v4RFboOE="},"chainType":2,"messageKeys":{}},"BZOBgEA4DmzcXU/5VfxA2twkvWwahA4SSSF/NvVGz1gj":{"chainKey":{"counter":0,"key":"EE7K8XO/4NPG2HfEldit5HNUdoHZHpZeEw4uswxPANg="},"chainType":1,"messageKeys":{}}}}},"version":"v1"}