{"_sessions":{"BbxMzTbbG7/F351JCQVwC/LVF6rLQevnLvKItispA4Vn":{"registrationId":1507963880,"currentRatchet":{"ephemeralKeyPair":{"pubKey":"BYfeSNQ3JYhH7gU5sKh5Zrl38VwFyneyLBkvu6aSn0BV","privKey":"oEh387ePrHan2gbr6Y/nL5HpKKVWzXVY3jEKqUDWME8="},"lastRemoteEphemeralKey":"Beq0eLx9qCrJFf+LBc5hPdUYAjykI7K2IehbR05coaBq","previousCounter":0,"rootKey":"EXn9apjoqFxyTUpfyef77V5ApgyHW/YumrjJlrgOSQs="},"indexInfo":{"baseKey":"BbxMzTbbG7/F351JCQVwC/LVF6rLQevnLvKItispA4Vn","baseKeyType":1,"closed":-1,"used":1741891618247,"created":1741891618247,"remoteIdentityKey":"BUVRRqsAlsUOXovcrbhQv4lkOnQhIR9rbqzlLBDBvgRA"},"_chains":{"BYfeSNQ3JYhH7gU5sKh5Zrl38VwFyneyLBkvu6aSn0BV":{"chainKey":{"counter":1,"key":"S/exEW4771kErkwnh+5OeUKRcjJWCrWVCNvn10WPwA0="},"chainType":1,"messageKeys":{}}},"pendingPreKey":{"signedKeyId":21,"baseKey":"BbxMzTbbG7/F351JCQVwC/LVF6rLQevnLvKItispA4Vn","preKeyId":4481951}}},"version":"v1"}