{"_sessions":{"BUdJfH8egUa54RxtFH3N8LLI8KbQcOm80DLEuvEjRuIx":{"registrationId":722581824,"currentRatchet":{"ephemeralKeyPair":{"pubKey":"BYlrZEoWbIoKwY1wDvDOroffHM7rOtp5tvnia9IYJxk+","privKey":"uOCOqrF4EcYLKRAEDrkdqMYSr2EeYup2jaN8gmfKJks="},"lastRemoteEphemeralKey":"BeII02mRnBD2XXWAkJ7gS8qSc8AA2bVPBAU5BZCQh79h","previousCounter":0,"rootKey":"szZiMYsp5h10Ur14516VCAivP19gSWUG57ZasO8m12E="},"indexInfo":{"baseKey":"BUdJfH8egUa54RxtFH3N8LLI8KbQcOm80DLEuvEjRuIx","baseKeyType":1,"closed":-1,"used":1741875237798,"created":1741875237798,"remoteIdentityKey":"BaQ+k5PxkTA1tP9ZvRes6pIci4210R5CbrLxkuMrEl4X"},"_chains":{"BYlrZEoWbIoKwY1wDvDOroffHM7rOtp5tvnia9IYJxk+":{"chainKey":{"counter":1,"key":"d/p8nwsGD3wzK7g8Wfx3W/mIDza8yBkirM8IifofdM8="},"chainType":1,"messageKeys":{}}},"pendingPreKey":{"signedKeyId":1,"baseKey":"BUdJfH8egUa54RxtFH3N8LLI8KbQcOm80DLEuvEjRuIx","preKeyId":11670441}}},"version":"v1"}