{"_sessions":{"BStonYGRznswmRRGiKqVCIqIshgT8cw9fLRZzdm+ubo1":{"registrationId":450329722,"currentRatchet":{"ephemeralKeyPair":{"pubKey":"BZuCb3E0pz54EG/7BhEAsgC5pF9tt2YL56L8K5weSqZu","privKey":"GCYRnneH2EQOrioFipIa93IZBJohUHNNj2SPlHztPVw="},"lastRemoteEphemeralKey":"BScKBTsv0CGaqbkJWJMMixX7l6z+z2zx3JKx4GSSKHVU","previousCounter":0,"rootKey":"Ln5JrCu5rsMU3SSCM7xhlcwxVSODvMi1GSCGcI9pfyw="},"indexInfo":{"baseKey":"BStonYGRznswmRRGiKqVCIqIshgT8cw9fLRZzdm+ubo1","baseKeyType":1,"closed":-1,"used":1741877407698,"created":1741877407698,"remoteIdentityKey":"BXNOofrW6te/hfJFMo2YApK2gR8NHtfLvMS09tivjLZU"},"_chains":{"BZuCb3E0pz54EG/7BhEAsgC5pF9tt2YL56L8K5weSqZu":{"chainKey":{"counter":0,"key":"PkM4cFH3hHBFsU4JaZfSIAEH85R478zbrIubjNR/ItE="},"chainType":1,"messageKeys":{}}},"pendingPreKey":{"signedKeyId":4,"baseKey":"BStonYGRznswmRRGiKqVCIqIshgT8cw9fLRZzdm+ubo1","preKeyId":15331556}}},"version":"v1"}