{"_sessions":{"BY1BRQjNB1b6PogDJ573hsEdY7QYvEcXpNmJ0hyj63VD":{"registrationId":864255113,"currentRatchet":{"ephemeralKeyPair":{"pubKey":"Bbbo8iv7Ad9TDmmaBWiKUUm/YAiPkGvt5CP40+kGi8BO","privKey":"MAo7ARh/8CM8lsV4GiVZo+Pf4YBIKWv2LJXv+cCm8GY="},"lastRemoteEphemeralKey":"BbtibT/Wsh9br1dMUGkV/06ZXKe83d9K5byvKlWw2DNV","previousCounter":0,"rootKey":"XtLVT7LJmM2WskHI4a/ZFg6DzxkljRkr8Q87OoRNGpE="},"indexInfo":{"baseKey":"BY1BRQjNB1b6PogDJ573hsEdY7QYvEcXpNmJ0hyj63VD","baseKeyType":1,"closed":-1,"used":1741891618247,"created":1741891618247,"remoteIdentityKey":"Ba/0jNxmOksSRXFKziicp86USoHe1MsASvA6cQ2p5nth"},"_chains":{"Bbbo8iv7Ad9TDmmaBWiKUUm/YAiPkGvt5CP40+kGi8BO":{"chainKey":{"counter":1,"key":"zuVvLJO7/IOUDHVJC6kgED0yzogihIdjoahI7a/dUNo="},"chainType":1,"messageKeys":{}}},"pendingPreKey":{"signedKeyId":46,"baseKey":"BY1BRQjNB1b6PogDJ573hsEdY7QYvEcXpNmJ0hyj63VD","preKeyId":13146684}}},"version":"v1"}