{"_sessions":{"BV70vOJBp28Fc2FJBA1MCHpgjEJ8bleE98tNOMonwGQt":{"registrationId":1056482040,"currentRatchet":{"ephemeralKeyPair":{"pubKey":"BbUYzIphlLGMBq8tUqEL2WQDgj3jsrBWJauTyaW8B5kp","privKey":"UAo0ZnzM3wtfXHbOQtdqmBZmXxcJSOsZ9kcT/bp6GFg="},"lastRemoteEphemeralKey":"BXtQgNe/kw/0oO4kVwZNZavOiAFcYARdGgbLdXnCNy1s","previousCounter":0,"rootKey":"ts8ydexuRkJtVHetSuieXlT+ciLv/Sr4pCA9Qgwc5j8="},"indexInfo":{"baseKey":"BV70vOJBp28Fc2FJBA1MCHpgjEJ8bleE98tNOMonwGQt","baseKeyType":1,"closed":-1,"used":1741877407673,"created":1741877407673,"remoteIdentityKey":"BXLkcAVAxI7ma/wDSbwNau8+WRK3iEnhEIDo6+kUguYn"},"_chains":{"BbUYzIphlLGMBq8tUqEL2WQDgj3jsrBWJauTyaW8B5kp":{"chainKey":{"counter":0,"key":"/8cQlIK2oPXifp/F6ROsBJK3GWHq1Cxv4l+TTdScLDk="},"chainType":1,"messageKeys":{}}},"pendingPreKey":{"signedKeyId":4,"baseKey":"BV70vOJBp28Fc2FJBA1MCHpgjEJ8bleE98tNOMonwGQt","preKeyId":10188518}}},"version":"v1"}