{"_sessions":{"BRbqKN/A9dPeSxDuygzK6YSfrzRkEdqyYu6yGgD1PFNA":{"registrationId":1232451570,"currentRatchet":{"ephemeralKeyPair":{"pubKey":"BZGn0kRXf+zd9G5mOYwdhb9z7/b1EEWdLPKjTU+pxGR6","privKey":"kLdDWqBUXTDP3IP9JyT8hz9a3IbT62bn8Cub/GVhJ3w="},"lastRemoteEphemeralKey":"BRYKlYTxKSYcN8RcEia2o1hmw4CSH+ibIy8A3dH/C4Fc","previousCounter":0,"rootKey":"NUqBinTkpyyfX9IQP5WWpWOSiUvCrhb7uXAfDWOjL9g="},"indexInfo":{"baseKey":"BRbqKN/A9dPeSxDuygzK6YSfrzRkEdqyYu6yGgD1PFNA","baseKeyType":1,"closed":-1,"used":1741877407689,"created":1741877407689,"remoteIdentityKey":"BWuHu75ka6QDaCvKibhbrT5L3r5IGY+opm1xSDPT+ekK"},"_chains":{"BZGn0kRXf+zd9G5mOYwdhb9z7/b1EEWdLPKjTU+pxGR6":{"chainKey":{"counter":0,"key":"NBWuFCaeJ2zYeoe85KQmLYOEgdqKKQ8ujnmbXNtIO4E="},"chainType":1,"messageKeys":{}}},"pendingPreKey":{"signedKeyId":12,"baseKey":"BRbqKN/A9dPeSxDuygzK6YSfrzRkEdqyYu6yGgD1PFNA","preKeyId":9146205}}},"version":"v1"}