{"_sessions":{"BYaWfjsnmOIc53WumlMvUsoVky+g3pwNu1SV9Nn9Ilku":{"registrationId":1511353230,"currentRatchet":{"ephemeralKeyPair":{"pubKey":"BfaZ4scRioKM9X8avQ6y3FBopiEj77gyan9nhjk/7k5P","privKey":"CDAp+xn3WiptCtEiiMAaSrzioPWKPXGBSlEUtpMuH3M="},"lastRemoteEphemeralKey":"BUyuDQMah+/V7zboauGi4YYLmscvLPmJbQwJQwjJAeEg","previousCounter":0,"rootKey":"R7vpC4HOJjKEGPX0wBtaEXp5k1MHId3LVk4/nAadvN0="},"indexInfo":{"baseKey":"BYaWfjsnmOIc53WumlMvUsoVky+g3pwNu1SV9Nn9Ilku","baseKeyType":1,"closed":-1,"used":1741875237801,"created":1741875237801,"remoteIdentityKey":"BS9eYr2NUWnh+FO8BFh1fFvYMyDOchEm+uz77o31wbgh"},"_chains":{"BfaZ4scRioKM9X8avQ6y3FBopiEj77gyan9nhjk/7k5P":{"chainKey":{"counter":1,"key":"fxZkabzsLtW5DftRF8jJmTjqPSC06yE/T7+yeJWYWVQ="},"chainType":1,"messageKeys":{}}},"pendingPreKey":{"signedKeyId":5,"baseKey":"BYaWfjsnmOIc53WumlMvUsoVky+g3pwNu1SV9Nn9Ilku","preKeyId":9330272}}},"version":"v1"}