{"_sessions":{"BYq7DproWfHhpNF4ZDT/kAfriFZbes04aGBpTm4zU6wI":{"registrationId":771786305,"currentRatchet":{"ephemeralKeyPair":{"pubKey":"BeK9nE72ye2PIEKXUifa/KESFeDmawIykPS0w1VrnEAF","privKey":"SKoNq2mYzI8p7oNhi7ILpmrXgjiUI83Dzo44KaW07nM="},"lastRemoteEphemeralKey":"BT5ZX5BuHLnskU5+AQ3gMazouFAfTjdg4q0QyyK4Te4d","previousCounter":1,"rootKey":"yQviMsyClesQeJYMiyfStH2Wan6f8UQDOelbUyH8f8w="},"indexInfo":{"baseKey":"BYq7DproWfHhpNF4ZDT/kAfriFZbes04aGBpTm4zU6wI","baseKeyType":2,"closed":-1,"used":1741892745788,"created":1741871255697,"remoteIdentityKey":"Bf644iZvURYiMpzYNeVmlNJ8s8wAZ4Fm1NYpFtapLS5w"},"_chains":{"BT1qOCEoiHboabXzfQUNFpAI1L7Zef81IJXJNnOAqWtY":{"chainKey":{"counter":0},"chainType":2,"messageKeys":{}},"BQhbWUhHYjilLYFU3HbtImKUT5iaWE/OrSDR/3m/9z52":{"chainKey":{"counter":0},"chainType":2,"messageKeys":{}},"BT5ZX5BuHLnskU5+AQ3gMazouFAfTjdg4q0QyyK4Te4d":{"chainKey":{"counter":0,"key":"etHOBYNYOpHiv81hsiu0S+EhzTZ83udpoTGksMJa7lw="},"chainType":2,"messageKeys":{}},"BeK9nE72ye2PIEKXUifa/KESFeDmawIykPS0w1VrnEAF":{"chainKey":{"counter":-1,"key":"wMgIjywlxMCCWRURmV2X5NXCs2IVlNNc4H/Bv/0K57I="},"chainType":1,"messageKeys":{}}}}},"version":"v1"}