{"_sessions":{"Bb0zgTt5iJ21s5Ckded/QVM5Ss1J61A6fNhtPURzfzxr":{"registrationId":1262239002,"currentRatchet":{"ephemeralKeyPair":{"pubKey":"BSztKRLSFkkrlOB8v/YvbNUlk9+sm7Hoif12ZN8mF+9j","privKey":"QEgbUZXMxf+aa963cNkvAzPoVUTHkj0Rg5sZpwdPsGg="},"lastRemoteEphemeralKey":"BcN2kjCaEBToTlsGFdA/jV3YqJz02tH03KcOd9MdvUdu","previousCounter":0,"rootKey":"IVbOzWulOiGUAyZtgRKlu4LEIB2cGCXfhgDYvo5ZVWc="},"indexInfo":{"baseKey":"Bb0zgTt5iJ21s5Ckded/QVM5Ss1J61A6fNhtPURzfzxr","baseKeyType":1,"closed":-1,"used":1741877407714,"created":1741877407714,"remoteIdentityKey":"BVRh6SXqZDdXWd9DisMtBQqV32Nw1Q85sYtUdQj+05FJ"},"_chains":{"BSztKRLSFkkrlOB8v/YvbNUlk9+sm7Hoif12ZN8mF+9j":{"chainKey":{"counter":0,"key":"YcZWAA61mZ70Il3QHAcqIdJS0G2UJKeNvq2aFt59Bww="},"chainType":1,"messageKeys":{}}},"pendingPreKey":{"signedKeyId":12,"baseKey":"Bb0zgTt5iJ21s5Ckded/QVM5Ss1J61A6fNhtPURzfzxr","preKeyId":13396753}}},"version":"v1"}