{"_sessions":{"Bb0Tufs3ukrTUrBkO05JA3bzl4isw8StN6twd2+IjHUk":{"registrationId":497614515,"currentRatchet":{"ephemeralKeyPair":{"pubKey":"BS41RUf6f04fwhrSbOrRlkbmuLW0tUNbNvHUTfZFwIgU","privKey":"GCIJGt7yetkN6F0j23KoF7H44OQs3MwJWSQ3ULUzM2w="},"lastRemoteEphemeralKey":"BUSsRjpeuoOIvqsU5XOA45HtxZnnWDY5ULvqvMPdIgJE","previousCounter":0,"rootKey":"LqPcqw2xhliP8jfGuA7YoKa6DpYpYCmZaSRww5/gZFM="},"indexInfo":{"baseKey":"Bb0Tufs3ukrTUrBkO05JA3bzl4isw8StN6twd2+IjHUk","baseKeyType":1,"closed":-1,"used":1741877407665,"created":1741877407665,"remoteIdentityKey":"BTI9fjDPZqIirAgii3K2sg0UhWQ+f8bhbA/Ikg2ojDMF"},"_chains":{"BS41RUf6f04fwhrSbOrRlkbmuLW0tUNbNvHUTfZFwIgU":{"chainKey":{"counter":0,"key":"7wIsHfbzb8B++8oWXSSM7qwswTq4yxEtOvuGoHueyX8="},"chainType":1,"messageKeys":{}}},"pendingPreKey":{"signedKeyId":17,"baseKey":"Bb0Tufs3ukrTUrBkO05JA3bzl4isw8StN6twd2+IjHUk","preKeyId":12638781}}},"version":"v1"}