{"_sessions":{"BSgYQyBKxoiNUUVcBUL4wBgQReHjTdWWxcsxFA3YzbY9":{"registrationId":1284,"currentRatchet":{"ephemeralKeyPair":{"pubKey":"BeLi8GkNhdjlReKrtpXlvC/3OZRCAg+h9Y4YjXavFlEX","privKey":"ECIC7lvz75fLqimrvd4rKAdzDxqxgWMB8PCpsRFGakA="},"lastRemoteEphemeralKey":"BXm6AMl9RPL3q9Ordx0udGYtdYUodxKo7hFVLnqoVocO","previousCounter":0,"rootKey":"wNtVoRTWzgEUl9i7hS8cmGK6SW5GsdEbSlh6KxUFiT0="},"indexInfo":{"baseKey":"BSgYQyBKxoiNUUVcBUL4wBgQReHjTdWWxcsxFA3YzbY9","baseKeyType":1,"closed":-1,"used":1741874424768,"created":1741874424768,"remoteIdentityKey":"BTtBLltUA5mITRiISqVt4vcSyl0IFdSYNxYkp61+M00U"},"_chains":{"BeLi8GkNhdjlReKrtpXlvC/3OZRCAg+h9Y4YjXavFlEX":{"chainKey":{"counter":2,"key":"5UXuIvwdi2EBPaMEv3549Eiyyd1ZPcoQF/CfMjDKOPQ="},"chainType":1,"messageKeys":{}}},"pendingPreKey":{"signedKeyId":1,"baseKey":"BSgYQyBKxoiNUUVcBUL4wBgQReHjTdWWxcsxFA3YzbY9"}}},"version":"v1"}