{"_sessions":{"BV8+dcveRfBqZfvkv+dsT21cjPxz/Tq7NfB4EI65JXxG":{"registrationId":1965293004,"currentRatchet":{"ephemeralKeyPair":{"pubKey":"BTU3KJ9s2xwmbso35d0ezo7ibK/OQ1vp78c1vF4Y4FlR","privKey":"EALKi2iyGqekNvMMeBlgV37oz2fWTT5A7LEC+8CZ53k="},"lastRemoteEphemeralKey":"BWxZEvJ5wOaQvp+qW5ScWR7DkWdg0RNEM3RA0D8RhCUU","previousCounter":0,"rootKey":"xP2Py6xGnNna2KfYkOd6US9l8hKkOouXXwNJaNZpGV4="},"indexInfo":{"baseKey":"BV8+dcveRfBqZfvkv+dsT21cjPxz/Tq7NfB4EI65JXxG","baseKeyType":1,"closed":-1,"used":1741877407691,"created":1741877407691,"remoteIdentityKey":"Bc4PS/dmFe8uounH8x7g9bomYeu6xG501fO25b3qU85/"},"_chains":{"BTU3KJ9s2xwmbso35d0ezo7ibK/OQ1vp78c1vF4Y4FlR":{"chainKey":{"counter":0,"key":"1Ad4pi4Po76+rvLyKfxHtfhiaQDN9QwRku5DoEwEvVk="},"chainType":1,"messageKeys":{}}},"pendingPreKey":{"signedKeyId":12,"baseKey":"BV8+dcveRfBqZfvkv+dsT21cjPxz/Tq7NfB4EI65JXxG","preKeyId":8329577}}},"version":"v1"}