{"_sessions":{"Bb7E0MJd/jv1UmYZVesWbenHRyVw5/1opy8MFoqoD79j":{"registrationId":1302243359,"currentRatchet":{"ephemeralKeyPair":{"pubKey":"BeChJyAbssw06s0+2M6Uqpy/PK1RfOd14asKBCvjXgRO","privKey":"QLGhmA7X2uU2EG66y41gfiotJ7ISlMd/JchzcnFXrUc="},"lastRemoteEphemeralKey":"BYed3lkqYJpf2k7hGDv7CBZg6n/iEmXfq4MXw6xveMsl","previousCounter":0,"rootKey":"jlK0Mrm1hr7y1GSigysa8fvTjIdEy180QJc8pw5Nq28="},"indexInfo":{"baseKey":"Bb7E0MJd/jv1UmYZVesWbenHRyVw5/1opy8MFoqoD79j","baseKeyType":1,"closed":-1,"used":1741875237799,"created":1741875237799,"remoteIdentityKey":"BUzFtjyoiso+QoEqgQp+1cK0iLw3g8Qxg2IVSju9dIMb"},"_chains":{"BeChJyAbssw06s0+2M6Uqpy/PK1RfOd14asKBCvjXgRO":{"chainKey":{"counter":1,"key":"V+WxTn4Ej/B/j5pEPHEfebhma3NFNb79k89DCRqQQO4="},"chainType":1,"messageKeys":{}}},"pendingPreKey":{"signedKeyId":0,"baseKey":"Bb7E0MJd/jv1UmYZVesWbenHRyVw5/1opy8MFoqoD79j"}}},"version":"v1"}