{"_sessions":{"BXwIr+uhRIZlXW5LFl56v4ZyLSOPFnranv0sBNRdF5pE":{"registrationId":1924589507,"currentRatchet":{"ephemeralKeyPair":{"pubKey":"BSzcxgo4a9vv+S4m2lKxCZxdI1XJa1+RvxfIKDwr8P1L","privKey":"iIcXfR4KsnZFst3UT2v9HduXIGjp/h8apUYU8TZU1nU="},"lastRemoteEphemeralKey":"BUrUwwmWYsmBLlHJloTi2q2YKOTXg9WHlVjoA8EMNXtd","previousCounter":0,"rootKey":"fI0YKDS2XIyT02lpL9L9+TsRlUZRZ+6BSHlpMza3FRA="},"indexInfo":{"baseKey":"BXwIr+uhRIZlXW5LFl56v4ZyLSOPFnranv0sBNRdF5pE","baseKeyType":2,"closed":-1,"used":1741955669550,"created":1741955669550,"remoteIdentityKey":"BW0VG2+fEl4lUxOZJhnJ5DJhGHezRwx3vfwce5yUL3ga"},"_chains":{"BUrUwwmWYsmBLlHJloTi2q2YKOTXg9WHlVjoA8EMNXtd":{"chainKey":{"counter":0,"key":"gi3Ia43OXX8yNUJ/otcyPc3ywvBfuUrBtwDzdQCVP0Q="},"chainType":2,"messageKeys":{}},"BSzcxgo4a9vv+S4m2lKxCZxdI1XJa1+RvxfIKDwr8P1L":{"chainKey":{"counter":-1,"key":"uEyikNAlMo8lWH9j8ZJOOqRzS+1le9AZgV1gmbCN4YQ="},"chainType":1,"messageKeys":{}}}}},"version":"v1"}