{"_sessions":{"BTKbbyzfhpG53prDcuQUNQ6zePLBHcY0kFi9ys6jF1AE":{"registrationId":231354371,"currentRatchet":{"ephemeralKeyPair":{"pubKey":"BQFMmxXVZsXKsL9ugbWIpBxFi12+DcZqih+knFOab5lP","privKey":"kHyVN6DiWTyo/qRocInIjOYnTrjY+c7wysoQRo8T4Gs="},"lastRemoteEphemeralKey":"BWAAxP8CeHChVp0xwX+oE1rbWu+SI+ALThqJ4ndmFVkX","previousCounter":0,"rootKey":"ZBwJrMcpvOxBpyfuspYn+A9r8uMfTZUQDomBF4XNYcA="},"indexInfo":{"baseKey":"BTKbbyzfhpG53prDcuQUNQ6zePLBHcY0kFi9ys6jF1AE","baseKeyType":2,"closed":-1,"used":1741893111315,"created":1741893111315,"remoteIdentityKey":"Bcd2H1dUTQylbSFB1+JlnpunuuYqVwC1sarL5RGumAEG"},"_chains":{"BWAAxP8CeHChVp0xwX+oE1rbWu+SI+ALThqJ4ndmFVkX":{"chainKey":{"counter":0,"key":"PvxRHApzmrIchNYDRPjhnU0D+/0wCNXxlv0ZmVhuzhI="},"chainType":2,"messageKeys":{}},"BQFMmxXVZsXKsL9ugbWIpBxFi12+DcZqih+knFOab5lP":{"chainKey":{"counter":-1,"key":"hsaAW12U+6Md2n2xbHyujPPN4BUCCya3Ky5Am1/wB1o="},"chainType":1,"messageKeys":{}}}}},"version":"v1"}