{"_sessions":{"BTchKskdFmMJapJ69geDLrtHY8spAgBdOS4PE0AgXNBI":{"registrationId":893222918,"currentRatchet":{"ephemeralKeyPair":{"pubKey":"BZ9JPc4ZPjt4XBIKI/UzSZNe1H9QdeLfQop+NSQFfCgz","privKey":"wGHOAEzqda0CAG4z9IqM7nEfcYIuf4k4mw+uq8iUTG8="},"lastRemoteEphemeralKey":"Bdy3tuHR0w/A6rmCkVCjf6zBKcQR0b37UGB6ZKFDu1VZ","previousCounter":2,"rootKey":"RAYOON+352uk65DML0pLHSDzkCWbWLXsR2gm4qBtDK4="},"indexInfo":{"baseKey":"BTchKskdFmMJapJ69geDLrtHY8spAgBdOS4PE0AgXNBI","baseKeyType":1,"closed":-1,"used":1741955671146,"created":1741874424803,"remoteIdentityKey":"BXE6CqL2P4a0Z4exjvqzm9C9VkmE8G3/S7u2bpe5iW9P"},"_chains":{"Bdy3tuHR0w/A6rmCkVCjf6zBKcQR0b37UGB6ZKFDu1VZ":{"chainKey":{"counter":0,"key":"TZkgDKQ4Pd21oHcBJOjph4uSrRmtCycU8i/AOnEAwIU="},"chainType":2,"messageKeys":{}},"BZ9JPc4ZPjt4XBIKI/UzSZNe1H9QdeLfQop+NSQFfCgz":{"chainKey":{"counter":-1,"key":"cybmki97JROWCIfvoKSI9HacS+V79sSXe02OLl4/tlw="},"chainType":1,"messageKeys":{}}}}},"version":"v1"}