{"_sessions":{"BezZXU+/yyH/4qEj/01Od4NiEmZEyQ/r5+HXgFtAnr9z":{"registrationId":2096036812,"currentRatchet":{"ephemeralKeyPair":{"pubKey":"BcRpwFOS5VBJVcNrY6At3t+v69l0hRGIhf8Po3R73JQL","privKey":"0G/+rVy6aIRFUHxFyuSPkmyiS7nFxDNGJ4rk8hJNhm8="},"lastRemoteEphemeralKey":"BeI2/MVPJASc/D2YnWNnqt/kUf4YuQM2g0uHoKPg4iRA","previousCounter":0,"rootKey":"dohqRsmSe84e6rz3psxS2YgtT3tNumH4F5RBPZ1oJlI="},"indexInfo":{"baseKey":"BezZXU+/yyH/4qEj/01Od4NiEmZEyQ/r5+HXgFtAnr9z","baseKeyType":2,"closed":-1,"used":1741955677111,"created":1741955677111,"remoteIdentityKey":"BannUdAAJgRMtI0Uos+megKGuOhH5/JmtFU+jIm4x0oZ"},"_chains":{"BeI2/MVPJASc/D2YnWNnqt/kUf4YuQM2g0uHoKPg4iRA":{"chainKey":{"counter":0,"key":"1ObIm9xzKhRIJ2GSIS6GKDn4R7ZmWbtNiRgD3HIjk44="},"chainType":2,"messageKeys":{}},"BcRpwFOS5VBJVcNrY6At3t+v69l0hRGIhf8Po3R73JQL":{"chainKey":{"counter":-1,"key":"G5cZogrHMBiV+ceabsHJRepgUiDQMs65ufZdbrON8F8="},"chainType":1,"messageKeys":{}}}}},"version":"v1"}