{"_sessions":{"BcnLzZEEigyUuyoy1+ZKYF8Pp3Mg2NHeo7A9DMQ3STYY":{"registrationId":1851740018,"currentRatchet":{"ephemeralKeyPair":{"pubKey":"Bdo7prTzXQi4PFf9RUGeH/oLSj2Jz4t4n5V4dQaXGkxV","privKey":"eJ8Pq3kMKUKjnVMfNy7LWvWTIguCgnfNXjidzdmoXkY="},"lastRemoteEphemeralKey":"BbJvJGtZm0pFHlhAxOOItcHZiFDxHjdfWabhKEBAYpNH","previousCounter":0,"rootKey":"NdVOXu85yDGQjZY3CTtjeen+OZ2C9ouL1ZfocdfSLIE="},"indexInfo":{"baseKey":"BcnLzZEEigyUuyoy1+ZKYF8Pp3Mg2NHeo7A9DMQ3STYY","baseKeyType":1,"closed":-1,"used":1741891618221,"created":1741891618221,"remoteIdentityKey":"BY5ermadKJTZKrMcnx3p8W+yFGQ4d+xwppCcj7AeBZQ3"},"_chains":{"Bdo7prTzXQi4PFf9RUGeH/oLSj2Jz4t4n5V4dQaXGkxV":{"chainKey":{"counter":1,"key":"Qqpkezo97JmxOWOAmnZT9KdrGZGSNz+oNbJw1ORIwD0="},"chainType":1,"messageKeys":{}}},"pendingPreKey":{"signedKeyId":1,"baseKey":"BcnLzZEEigyUuyoy1+ZKYF8Pp3Mg2NHeo7A9DMQ3STYY"}}},"version":"v1"}