{"_sessions":{"Bex6zi/rakDLD79d5CsQTfpwkZvKRBDCyiGp9cEY+uZ8":{"registrationId":833245147,"currentRatchet":{"ephemeralKeyPair":{"pubKey":"BYxgY7/9bAlDLFWkS08e2aHdA9QoRQZ9plwrbLavnnNr","privKey":"SO7ekki0gWyKqQSWC9dTXlJmrp7+1U0aJpaLOxk7Rmo="},"lastRemoteEphemeralKey":"BdgLWXIiV+h/5m+UYLTYgMtP+7HxJN89B06SJmXU35Yr","previousCounter":0,"rootKey":"sfo0C4yTMJ0+NzcScSScMiNFMH8PArJiN6GHH0kksgM="},"indexInfo":{"baseKey":"Bex6zi/rakDLD79d5CsQTfpwkZvKRBDCyiGp9cEY+uZ8","baseKeyType":1,"closed":-1,"used":1741877407721,"created":1741877407721,"remoteIdentityKey":"BXk7tvvyqyuyp4PiP1CLsemwUfwWcFawho2j3E2OKlo2"},"_chains":{"BYxgY7/9bAlDLFWkS08e2aHdA9QoRQZ9plwrbLavnnNr":{"chainKey":{"counter":0,"key":"e/iDXwjwuU9fKNRp5p91MxHGf/kJ+jgmMvv5hTTBLys="},"chainType":1,"messageKeys":{}}},"pendingPreKey":{"signedKeyId":15009973,"baseKey":"Bex6zi/rakDLD79d5CsQTfpwkZvKRBDCyiGp9cEY+uZ8","preKeyId":259}}},"version":"v1"}