{"_sessions":{"BYVtEgqy/ru2uTkOjAymCff6/dEKYeQmcGFk/ScT1/1z":{"registrationId":567558096,"currentRatchet":{"ephemeralKeyPair":{"pubKey":"BXKOVbeL/EhYlYWTmg1OU0vb//NA8+Gs4M1twy4+EEhl","privKey":"WP9Xf8MghPgk7vGFTL3msoITDOnPvh9dog8no4d9xX0="},"lastRemoteEphemeralKey":"BZ4kdBYs6WY9/gkH5OLSHxC0gol0BO6saeCTm7ZrDMUq","previousCounter":3,"rootKey":"I8iAL/dDhtWn5NExoIoPZqVGgfczFMqBjFEBkEjXyRs="},"indexInfo":{"baseKey":"BYVtEgqy/ru2uTkOjAymCff6/dEKYeQmcGFk/ScT1/1z","baseKeyType":1,"closed":-1,"used":1741955677584,"created":1741874424796,"remoteIdentityKey":"BfRJIxfFXM1i9x9IwpWNScoB5HPP/Eryv8SSP7J0VlVW"},"_chains":{"BYOat14E4dwnX78NN2olLHjCA4xLGmM6yu/vrnxRTrwL":{"chainKey":{"counter":2},"chainType":2,"messageKeys":{}},"BXLfJoUl/OwVT79D59d6qahOdV5WkIi6v1hhdEyS5dlN":{"chainKey":{"counter":0},"chainType":2,"messageKeys":{}},"BZ4kdBYs6WY9/gkH5OLSHxC0gol0BO6saeCTm7ZrDMUq":{"chainKey":{"counter":3,"key":"VkL1siGUBGnQXOc/EA5p4hp/XYqcFyAK/Qjyg4KEBMM="},"chainType":2,"messageKeys":{}},"BXKOVbeL/EhYlYWTmg1OU0vb//NA8+Gs4M1twy4+EEhl":{"chainKey":{"counter":-1,"key":"y3w7kdGTScqEmt6pJoTgMn0GWmPThtOpe+wBTfDmDEU="},"chainType":1,"messageKeys":{}}}}},"version":"v1"}