{"_sessions":{"BRtPr5LrZjZNfv4Ot82LoOWp0bmGy0QaGrr9YCewLQkj":{"registrationId":595423101,"currentRatchet":{"ephemeralKeyPair":{"pubKey":"BVq6M7qXStQE+ClwNoGEcJV4q1HFDQDvzpcJgSO0HYNf","privKey":"yMungEau+tHbtRXGkE/y8iOntfnTggRKiEBtb5RIZEM="},"lastRemoteEphemeralKey":"BUee6WDvO+YWu0qdZ+0S8nmhDmJ+2G8R0bzWbDVMXbUr","previousCounter":0,"rootKey":"Fz07q8jL8O3vkBnvh1OdMOa9yrTVRGAKm18UsLWI/y8="},"indexInfo":{"baseKey":"BRtPr5LrZjZNfv4Ot82LoOWp0bmGy0QaGrr9YCewLQkj","baseKeyType":1,"closed":-1,"used":1741877407640,"created":1741877407640,"remoteIdentityKey":"Bd48tB4iJwp0NnW1gNySFjCbeWYyowVwYRd1Re96RhAg"},"_chains":{"BVq6M7qXStQE+ClwNoGEcJV4q1HFDQDvzpcJgSO0HYNf":{"chainKey":{"counter":0,"key":"2WbXbXCXEropIPQfZzwA+uoL4UrDS/IBKOE6LWpImtM="},"chainType":1,"messageKeys":{}}},"pendingPreKey":{"signedKeyId":15,"baseKey":"BRtPr5LrZjZNfv4Ot82LoOWp0bmGy0QaGrr9YCewLQkj","preKeyId":1792}}},"version":"v1"}