{"_sessions":{"BW2RsLx4YC1JmDWRXU03vZa5MqALTjwiJUpZugy3ACoP":{"registrationId":2022688414,"currentRatchet":{"ephemeralKeyPair":{"pubKey":"Bb41JCqQyp7Qx64xKN+Mmz5GKI7hM35zyL3EMF5brcoy","privKey":"AHylE0IAK/hY6junDOZuz9yDgeiBaiclbWTi/xtkHUc="},"lastRemoteEphemeralKey":"BaCzjhxOr3myI+fo3a8wHohB/kXSkJNqfSYSXQjXH5Zc","previousCounter":0,"rootKey":"F7nKLT8TuJax0f13UfC/UmWO85HHDTBs176L43JIdhA="},"indexInfo":{"baseKey":"BW2RsLx4YC1JmDWRXU03vZa5MqALTjwiJUpZugy3ACoP","baseKeyType":1,"closed":-1,"used":1741877407672,"created":1741877407672,"remoteIdentityKey":"BQuT0pM8UB8EeKlFzMcSsPuyDMjJt+GDRR9u7ba5Iysc"},"_chains":{"Bb41JCqQyp7Qx64xKN+Mmz5GKI7hM35zyL3EMF5brcoy":{"chainKey":{"counter":0,"key":"x6Xp4Px620hl+vQTr+fO3gp/nhNG2VmR43wf63YcFHE="},"chainType":1,"messageKeys":{}}},"pendingPreKey":{"signedKeyId":10299128,"baseKey":"BW2RsLx4YC1JmDWRXU03vZa5MqALTjwiJUpZugy3ACoP","preKeyId":1246}}},"version":"v1"}