{"_sessions":{"BRHbV/b44lHh7uy1QEseMN8t9J6gzQrbBLfAdq8e9CRf":{"registrationId":1402697347,"currentRatchet":{"ephemeralKeyPair":{"pubKey":"BcVE0Qrf+WbSnhJH7uJPEFXqe81oDtm3HcLT6foErg5B","privKey":"UMlbqRmteB8kEvFerkXGS+9Y8fC7WNix7e9Tl0mIFUo="},"lastRemoteEphemeralKey":"BTKKmchu5d8GPnUapfZcvAf3NNTQTZofAyFD5FoNp30n","previousCounter":0,"rootKey":"PpYw76+/pSWe0Gh9YZFtIbui+yURYbfRl/GmnklBG6g="},"indexInfo":{"baseKey":"BRHbV/b44lHh7uy1QEseMN8t9J6gzQrbBLfAdq8e9CRf","baseKeyType":1,"closed":-1,"used":1741877407664,"created":1741877407664,"remoteIdentityKey":"BTrK/mk+YRFogcVMiS0/ElFI92JHrlXZZIFLTeDHMSxh"},"_chains":{"BcVE0Qrf+WbSnhJH7uJPEFXqe81oDtm3HcLT6foErg5B":{"chainKey":{"counter":0,"key":"T91zc+HiPwmYUfzDaOkyhH6dNRNIWYnolyBMU3nBbuA="},"chainType":1,"messageKeys":{}}},"pendingPreKey":{"signedKeyId":68,"baseKey":"BRHbV/b44lHh7uy1QEseMN8t9J6gzQrbBLfAdq8e9CRf","preKeyId":136770}}},"version":"v1"}