{"_sessions":{"BdTOvqCGvAlqkOOzlVeDll5YM1XrSV5MK2Bss3PF2a1N":{"registrationId":1098157695,"currentRatchet":{"ephemeralKeyPair":{"pubKey":"BT1MLYrk+I82KrGMhN5Mzg3oJLWxNymDrArz/Fl0Um4z","privKey":"0NnNoC/mTzbdIpEy5LDVSqLwgu2VU7rVbA/v0XSduUg="},"lastRemoteEphemeralKey":"BRwFTyGHSV/HVCbwwZtRVbeWbFbly7VllWI0ipp3Uego","previousCounter":0,"rootKey":"1M2Teul2bVO8wbeDIJ6vRTM2/sIZf/kr1oBS8WdQBhk="},"indexInfo":{"baseKey":"BdTOvqCGvAlqkOOzlVeDll5YM1XrSV5MK2Bss3PF2a1N","baseKeyType":1,"closed":-1,"used":1741875237789,"created":1741875237789,"remoteIdentityKey":"BTiHjBtPaxZfx/yBD4L7jY19yj0WXs04J8BpPmFjRKFx"},"_chains":{"BT1MLYrk+I82KrGMhN5Mzg3oJLWxNymDrArz/Fl0Um4z":{"chainKey":{"counter":1,"key":"cmmuoGbeNea3rxxjgIQlKLWKKjkinh94n7qwghbNYPA="},"chainType":1,"messageKeys":{}}},"pendingPreKey":{"signedKeyId":0,"baseKey":"BdTOvqCGvAlqkOOzlVeDll5YM1XrSV5MK2Bss3PF2a1N","preKeyId":1392033}}},"version":"v1"}