{"_sessions":{"Bc6nTuMKHkzeF0HBOYmdjP+jJLwC/0RpcMsHh45oxYUr":{"registrationId":1844839791,"currentRatchet":{"ephemeralKeyPair":{"pubKey":"BXIqPeJDLMwKnZGOuIM9FYqknv/DlRyoKFKtKMztFBQv","privKey":"6Mxpa4HEL+s2w+tXfJ9HSkHs3EdKxG2uQoXTpobNEFQ="},"lastRemoteEphemeralKey":"BWTGdL2UDxYia46dO7JJrWPJDar6QgQ08bZfjEwJO51s","previousCounter":0,"rootKey":"0l4IwV72tonHhUHm7w7QSElICIArKlONJXGn9znQ83o="},"indexInfo":{"baseKey":"Bc6nTuMKHkzeF0HBOYmdjP+jJLwC/0RpcMsHh45oxYUr","baseKeyType":1,"closed":-1,"used":1741875237791,"created":1741875237791,"remoteIdentityKey":"BWytNeAz+2w8l/Lm3Fln/Nd+jjT+gDFTRCBqlQWgjdwn"},"_chains":{"BXIqPeJDLMwKnZGOuIM9FYqknv/DlRyoKFKtKMztFBQv":{"chainKey":{"counter":1,"key":"wxT1TlK/q5Ia4KOamgEWPe9ZSSFnG/c4zpW2db6+oB0="},"chainType":1,"messageKeys":{}}},"pendingPreKey":{"signedKeyId":1,"baseKey":"Bc6nTuMKHkzeF0HBOYmdjP+jJLwC/0RpcMsHh45oxYUr","preKeyId":6053246}}},"version":"v1"}