{"_sessions":{"BWiddPQPFGHA7iSavCm/Caf6ZW8pUVtgQxxvrCCKPZoZ":{"registrationId":1381158126,"currentRatchet":{"ephemeralKeyPair":{"pubKey":"BRPIkYjSFbL+LusrZsoB7o0qLKMGgv65B7nBKIb/WntM","privKey":"iJifAE+emt1CQpFnqmPtMyw3UB7IxJfC1LUzm6bE81A="},"lastRemoteEphemeralKey":"BaillhfFjD/JSITDBVuEcMeffiW6F/UDBOnAcR+l0VB+","previousCounter":2,"rootKey":"btSUsUikbPjni4uuAEOQtyeFQJ+eg4fvEEw3hzSCFqo="},"indexInfo":{"baseKey":"BWiddPQPFGHA7iSavCm/Caf6ZW8pUVtgQxxvrCCKPZoZ","baseKeyType":1,"closed":-1,"used":1741955667216,"created":1741874424785,"remoteIdentityKey":"BVU98W6A1staeFnUTjy/LeQVWh7PeTMOwpUeQ2p70H8o"},"_chains":{"BaillhfFjD/JSITDBVuEcMeffiW6F/UDBOnAcR+l0VB+":{"chainKey":{"counter":0,"key":"0FRgkF+OqX85rhuxhFAsWcwu4LHcNs7seuBUO+c4icc="},"chainType":2,"messageKeys":{}},"BRPIkYjSFbL+LusrZsoB7o0qLKMGgv65B7nBKIb/WntM":{"chainKey":{"counter":-1,"key":"8rAZ9wZS1orhTE7GcRXixxhyeLMmN9lCFYRfS8wY4kw="},"chainType":1,"messageKeys":{}}}}},"version":"v1"}