{"_sessions":{"BRNgC7LOrnu62kzDF6w73WS3e1lpoBjED1xdN6IdeFhS":{"registrationId":503323607,"currentRatchet":{"ephemeralKeyPair":{"pubKey":"BXA5gimnu4LUPIFg2P6E9kpucbbST0H7kgCkQaJRTFIy","privKey":"0OA3qWgPqIuzHhhfb7m5PyGJK9BjFakie/si4YrdhE0="},"lastRemoteEphemeralKey":"BZd7aLPy701Y3g5jJyGm+NiDi0neuxGFLh4IPglUpy5R","previousCounter":0,"rootKey":"BnWTa7vMqLTQQ91Ua5dLsnxrin4Vx92Xq1qyjoJRAX4="},"indexInfo":{"baseKey":"BRNgC7LOrnu62kzDF6w73WS3e1lpoBjED1xdN6IdeFhS","baseKeyType":1,"closed":-1,"used":1741877407647,"created":1741877407647,"remoteIdentityKey":"BdanPxr/qSqJld89dfi0a5ObWw5qkP+1IwwvbCTMfN0M"},"_chains":{"BXA5gimnu4LUPIFg2P6E9kpucbbST0H7kgCkQaJRTFIy":{"chainKey":{"counter":0,"key":"9wmb6zSP48JIVmCkW49Qti3DOjzs/sWHfC9UCOQbjC4="},"chainType":1,"messageKeys":{}}},"pendingPreKey":{"signedKeyId":5,"baseKey":"BRNgC7LOrnu62kzDF6w73WS3e1lpoBjED1xdN6IdeFhS","preKeyId":10384}}},"version":"v1"}