{"_sessions":{"BVtoZHFQET7sCRrh/Bp9LOgPHKOQL3K5ljdxgm6bK8wC":{"registrationId":1454513274,"currentRatchet":{"ephemeralKeyPair":{"pubKey":"BdhfcDAX8L44wnH2geefPFJOcur+yBZNw9Ez4jusUlRe","privKey":"AME6XHmwYXjgebtckDeEd4TfejWjxyuYFgnXocwCOkM="},"lastRemoteEphemeralKey":"Bf0fUWF0zJgXzHL+r3Wdulp8bFv1NSbO5/4Vq7ieZ1wM","previousCounter":0,"rootKey":"LtvTBFrT1s8tEXi7Y2F0DHjqvBClbGRfpMwkxrCflGY="},"indexInfo":{"baseKey":"BVtoZHFQET7sCRrh/Bp9LOgPHKOQL3K5ljdxgm6bK8wC","baseKeyType":1,"closed":1741891619523,"used":1741874424777,"created":1741874424777,"remoteIdentityKey":"BSbjndMPCsqxOIyDD1bGkBfQaP4Ygtd28rDd6OwKIndP"},"_chains":{"BdhfcDAX8L44wnH2geefPFJOcur+yBZNw9Ez4jusUlRe":{"chainKey":{"counter":1,"key":"gWGtXsN/6oHV0t7DVttIOlaYUFfV8v+HVy0UkYya1Gw="},"chainType":1,"messageKeys":{}}},"pendingPreKey":{"signedKeyId":1,"baseKey":"BVtoZHFQET7sCRrh/Bp9LOgPHKOQL3K5ljdxgm6bK8wC","preKeyId":3516804}},"BV0x/3HYlAcymYwHsfmDZ/jOOl59MlcRab9oP9XZb9dT":{"registrationId":1454513274,"currentRatchet":{"ephemeralKeyPair":{"pubKey":"BUIN3h85LCQdlmBVqPiXSzCwcxjmEy46MUyMAjO/3QQ3","privKey":"wFaxxqAmoYPbFIvsN33LIbAElRLpoSTVz7djZACTx2Q="},"lastRemoteEphemeralKey":"Bf0fUWF0zJgXzHL+r3Wdulp8bFv1NSbO5/4Vq7ieZ1wM","previousCounter":0,"rootKey":"nemXzCvQV5x8VfRdSWJAlYTR0HcopH6OCpnudm5KowQ="},"indexInfo":{"baseKey":"BV0x/3HYlAcymYwHsfmDZ/jOOl59MlcRab9oP9XZb9dT","baseKeyType":1,"closed":1741891621069,"used":1741891619521,"created":1741891619521,"remoteIdentityKey":"BSbjndMPCsqxOIyDD1bGkBfQaP4Ygtd28rDd6OwKIndP"},"_chains":{"BUIN3h85LCQdlmBVqPiXSzCwcxjmEy46MUyMAjO/3QQ3":{"chainKey":{"counter":-1,"key":"ph13J76gW9/70eADbuZ5dvrhC9jba9fpLyBDPSEC7bA="},"chainType":1,"messageKeys":{}}},"pendingPreKey":{"signedKeyId":1,"baseKey":"BV0x/3HYlAcymYwHsfmDZ/jOOl59MlcRab9oP9XZb9dT","preKeyId":3516819}},"BZ7uoAB02doeStNdxd/JEK4+lDMQvNF7gWS9WFqHykcX":{"registrationId":1454513274,"currentRatchet":{"ephemeralKeyPair":{"pubKey":"BXQ+MVisKNZzSbcdG262wmLQDg6xrwPMKp5IJfI84psK","privKey":"QE2qBcJB2sw6YwcC0K6cqvDZEuGBYFV3oVBJis/WJ0o="},"lastRemoteEphemeralKey":"Bf0fUWF0zJgXzHL+r3Wdulp8bFv1NSbO5/4Vq7ieZ1wM","previousCounter":0,"rootKey":"uF0cmJiiAnh/HjlpFYPvpLvSEQTnY+riGDo0qO0EAFc="},"indexInfo":{"baseKey":"BZ7uoAB02doeStNdxd/JEK4+lDMQvNF7gWS9WFqHykcX","baseKeyType":1,"closed":1741891621466,"used":1741891621068,"created":1741891621068,"remoteIdentityKey":"BSbjndMPCsqxOIyDD1bGkBfQaP4Ygtd28rDd6OwKIndP"},"_chains":{"BXQ+MVisKNZzSbcdG262wmLQDg6xrwPMKp5IJfI84psK":{"chainKey":{"counter":-1,"key":"LQXmRs+vQPPMqV8YqcRBBmaYrQx5k8GWII5lEj11/ww="},"chainType":1,"messageKeys":{}}},"pendingPreKey":{"signedKeyId":1,"baseKey":"BZ7uoAB02doeStNdxd/JEK4+lDMQvNF7gWS9WFqHykcX","preKeyId":3516772}},"BQxXR+5o9JkK70YY19yWT4oq/M26RAe0TToEhgIvcBxH":{"registrationId":1454513274,"currentRatchet":{"ephemeralKeyPair":{"pubKey":"BQJjbBfAut/+p/wwTQBIEwxz1XX3FIrt6lPg3flmLfYe","privKey":"oBU1Tpu3oMFCne7HgTClRX7qBK4fLDn5HK1wf2I8e18="},"lastRemoteEphemeralKey":"BfASfMGdhhG850jj8xtVnvM8ohfqhJ+s4qPj5SBrEcpe","previousCounter":0,"rootKey":"ASr53RwWQR42d6yvYgmpvBirhQZEJ1HikmFJQ99u0JE="},"indexInfo":{"baseKey":"BQxXR+5o9JkK70YY19yWT4oq/M26RAe0TToEhgIvcBxH","baseKeyType":1,"closed":-1,"used":1741955677253,"created":1741891621465,"remoteIdentityKey":"BSbjndMPCsqxOIyDD1bGkBfQaP4Ygtd28rDd6OwKIndP"},"_chains":{"BfASfMGdhhG850jj8xtVnvM8ohfqhJ+s4qPj5SBrEcpe":{"chainKey":{"counter":0,"key":"1o280Elv6gmqaiHs/rRqvVP4qrio0Xd1oYZmXeBlsH8="},"chainType":2,"messageKeys":{}},"BQJjbBfAut/+p/wwTQBIEwxz1XX3FIrt6lPg3flmLfYe":{"chainKey":{"counter":-1,"key":"F6Q9aTOyotbnC5WBCnuaTLnlElcp6jwnR3G00OuxcAE="},"chainType":1,"messageKeys":{}}}}},"version":"v1"}