{"_sessions":{"BWBif8+ix8ojtPgHSSi7BhG+bwkCekYiQTTSm7O1r9Ra":{"registrationId":298314966,"currentRatchet":{"ephemeralKeyPair":{"pubKey":"BQCMFVFxSaXhqWwrbZRvGiqzV0lrCXlJyooXTL9H7U0+","privKey":"iNNx21O2LCgWWvU01/g1CnsZBLryH8Ju+vxx4MARRWY="},"lastRemoteEphemeralKey":"BSX+qzGSyxPDO+AnPs4/4B/asGGWWOdzOGCzdNOfnoVA","previousCounter":0,"rootKey":"LyOO8zCrKuN7QMFHMyHa0pK82vqVsnh9m3Fq87xWL70="},"indexInfo":{"baseKey":"BWBif8+ix8ojtPgHSSi7BhG+bwkCekYiQTTSm7O1r9Ra","baseKeyType":2,"closed":-1,"used":1741955672224,"created":1741955672224,"remoteIdentityKey":"BcgXi3hIDSs+/DapoFS8r3/MHb6GV+ch9fB8bbjyIfxI"},"_chains":{"BSX+qzGSyxPDO+AnPs4/4B/asGGWWOdzOGCzdNOfnoVA":{"chainKey":{"counter":0,"key":"YC6ojOgqyYfapq11pujJSrTjWPzFQ5HY9gRjtByjG+o="},"chainType":2,"messageKeys":{}},"BQCMFVFxSaXhqWwrbZRvGiqzV0lrCXlJyooXTL9H7U0+":{"chainKey":{"counter":-1,"key":"a0rPWkgmlHmDW6muFzkM7cf73N8mDAiSk52KfkbGzPk="},"chainType":1,"messageKeys":{}}}}},"version":"v1"}