{"_sessions":{"BTm4P99IV05yCajNRChO3ZNp4aWsKmEUVlWfYXulSehH":{"registrationId":523203579,"currentRatchet":{"ephemeralKeyPair":{"pubKey":"BbZFIY5vtgd2MW560eMG1JP/+2XPOFmhRqNqOTmUO+Bh","privKey":"wM7j+03eJtq3pg9UAyekSSQxp4phQ78Jv3hhGr1SP0g="},"lastRemoteEphemeralKey":"BaFjzd4bxLLfMH90a9JMincjDTS0ot8L1NktRXma8NVB","previousCounter":0,"rootKey":"Lph9rdguiVHDhlw3lj/Nq54zYZQsuXJUPzT+bu6t9X0="},"indexInfo":{"baseKey":"BTm4P99IV05yCajNRChO3ZNp4aWsKmEUVlWfYXulSehH","baseKeyType":1,"closed":-1,"used":1741877407659,"created":1741877407659,"remoteIdentityKey":"BYHu4qYwYwQXVmtYRMIPhW90/jbSMbeeinEqagB8fg0F"},"_chains":{"BbZFIY5vtgd2MW560eMG1JP/+2XPOFmhRqNqOTmUO+Bh":{"chainKey":{"counter":0,"key":"cNJmZxTjM8fhj7Zxkpy0oAs44LolSSwi6fu4e9tZuo0="},"chainType":1,"messageKeys":{}}},"pendingPreKey":{"signedKeyId":11,"baseKey":"BTm4P99IV05yCajNRChO3ZNp4aWsKmEUVlWfYXulSehH","preKeyId":96499}}},"version":"v1"}