{"_sessions":{"BXY+UBbn/5gquAYn3+68DqUQYeTPcTLNr1a+NY4am90L":{"registrationId":1042220308,"currentRatchet":{"ephemeralKeyPair":{"pubKey":"BUTCQ71pbwc3YxA0hCEn02vyZnNdkhD1nSmyy6Mru+wy","privKey":"KLHtDgf7O8+YRdIIj69BpjIZ/1plXFjRCMr/fRjaFFk="},"lastRemoteEphemeralKey":"Bbcpj6xAbWY9HD8SMty9bgQXfW1M6yzcfSnIOgRTv1QB","previousCounter":0,"rootKey":"lmQZXtjq3WFrtdtZvWC4IDutFyfvpLM30lg238CRLKo="},"indexInfo":{"baseKey":"BXY+UBbn/5gquAYn3+68DqUQYeTPcTLNr1a+NY4am90L","baseKeyType":1,"closed":-1,"used":1741874424782,"created":1741874424782,"remoteIdentityKey":"BRJgP7ukIt/rKNk34c1kUqMtFkoUJ1PnJggOOsb+9RR0"},"_chains":{"BUTCQ71pbwc3YxA0hCEn02vyZnNdkhD1nSmyy6Mru+wy":{"chainKey":{"counter":2,"key":"+sHrwar7xla0XgTe7Vc5Y5gEt0iEAKnqQXdh/T7VsDI="},"chainType":1,"messageKeys":{}}},"pendingPreKey":{"signedKeyId":6,"baseKey":"BXY+UBbn/5gquAYn3+68DqUQYeTPcTLNr1a+NY4am90L","preKeyId":695463}}},"version":"v1"}