{"_sessions":{"BU25lLR8E9Ld9hAuut88bQ3w0U9kWwFJiWb7wQpzOj1Y":{"registrationId":729412638,"currentRatchet":{"ephemeralKeyPair":{"pubKey":"BZCI3TB271gDQOQv0l9QjtaT8XSkkgUerP9+LBWfbuBd","privKey":"8GI425Z62pKy80GMuGZgTL8RJPu7jnBNlQR8nA6JjnA="},"lastRemoteEphemeralKey":"BcqiJklULoUC8tEdux/rPCbhPzzU5ui/nZ5DVrRJVfxJ","previousCounter":0,"rootKey":"kUlkWty1Df6AYs273Nf3uqB8t/0nty89WFU9Moz61kQ="},"indexInfo":{"baseKey":"BU25lLR8E9Ld9hAuut88bQ3w0U9kWwFJiWb7wQpzOj1Y","baseKeyType":1,"closed":-1,"used":1741874424770,"created":1741874424770,"remoteIdentityKey":"BVSlGSjj5HxEQD7Xua6p1AsrDNQjJmTdtEoZcpozNMla"},"_chains":{"BZCI3TB271gDQOQv0l9QjtaT8XSkkgUerP9+LBWfbuBd":{"chainKey":{"counter":2,"key":"NWTMz9G49rYkVMgJs+sy6NQCw2ncOYCma6dvqcGNv/s="},"chainType":1,"messageKeys":{}}},"pendingPreKey":{"signedKeyId":1,"baseKey":"BU25lLR8E9Ld9hAuut88bQ3w0U9kWwFJiWb7wQpzOj1Y","preKeyId":1491}}},"version":"v1"}