{"_sessions":{"BT8uhG6BnKu4RKZoox28Y5bgWZ718pBDtR6e50SO1N4c":{"registrationId":1633339426,"currentRatchet":{"ephemeralKeyPair":{"pubKey":"BYLozG+/OFpuGUzxPsJU0blGtRnSMlvV1JLfRIW56wZe","privKey":"qHrF6RKhmkXpH/mKa4y4j6rcOAz3jPE7hedcA+ROIXc="},"lastRemoteEphemeralKey":"BaMBizMcEYiCygrPcnzlWllb9ulOQ/H0id9MadgFQr4I","previousCounter":0,"rootKey":"tz1bu6aash2aTk+Kh9WnXtlnlyFqQ6kLw7zQmQMkcW4="},"indexInfo":{"baseKey":"BT8uhG6BnKu4RKZoox28Y5bgWZ718pBDtR6e50SO1N4c","baseKeyType":1,"closed":-1,"used":1741874424776,"created":1741874424776,"remoteIdentityKey":"BZO1tBEctO/d2WZ1fPn3xuwDTxnjeV67FQ3spPgdo3B8"},"_chains":{"BYLozG+/OFpuGUzxPsJU0blGtRnSMlvV1JLfRIW56wZe":{"chainKey":{"counter":2,"key":"5EDkT3MLZwhfPLq/wszQCShOorvYylXmvm1nT+E/tVg="},"chainType":1,"messageKeys":{}}},"pendingPreKey":{"signedKeyId":1,"baseKey":"BT8uhG6BnKu4RKZoox28Y5bgWZ718pBDtR6e50SO1N4c","preKeyId":202}}},"version":"v1"}