{"_sessions":{"BcA/lVqoCq8fqqQVjnnrRXsAqmVHraZfG/G8jiUOzsMv":{"registrationId":267291483,"currentRatchet":{"ephemeralKeyPair":{"pubKey":"Bfw9mIiiMa8HyAcm7FaH5iGBxwgSSZnNzA5gI61Uf48z","privKey":"WICpZbyFsILl4C7WjLj/PaVhKuVi6Kv6m+cztklVkUs="},"lastRemoteEphemeralKey":"BTDSIgVvir5+0yZB3xjw/bSGqbO9vx2PQ5iHVga4yvEK","previousCounter":0,"rootKey":"XMsQ3c8umKfQzdYJypYxMxpeca89tJqrVaj3qDIK5oA="},"indexInfo":{"baseKey":"BcA/lVqoCq8fqqQVjnnrRXsAqmVHraZfG/G8jiUOzsMv","baseKeyType":1,"closed":-1,"used":1741891618242,"created":1741891618242,"remoteIdentityKey":"Bang+NKaOdfBs24jBBBdWzoFXvv6NcyC6SoOYmO2H485"},"_chains":{"Bfw9mIiiMa8HyAcm7FaH5iGBxwgSSZnNzA5gI61Uf48z":{"chainKey":{"counter":1,"key":"eVua44daG3yVwkMkMRiY7KNLQsg4v6qb1xLtCZVloqk="},"chainType":1,"messageKeys":{}}},"pendingPreKey":{"signedKeyId":15,"baseKey":"BcA/lVqoCq8fqqQVjnnrRXsAqmVHraZfG/G8jiUOzsMv","preKeyId":2966195}}},"version":"v1"}