{"_sessions":{"BR9v6JzGGPk7FR//QC4ymwQN8aAUtd7fDY6P3tRnvbUK":{"registrationId":1943806342,"currentRatchet":{"ephemeralKeyPair":{"pubKey":"BeyjCWpFEYzeAoh+cWazPKCj5aAdA9ph6+XuoEoJei8P","privKey":"IHaUZYMRyU8K2uZpRxfj16yi0dpr2WhSobROAE7Eo1A="},"lastRemoteEphemeralKey":"BT1yXxjMMe3b3ZTU4xOFHJzLAKa9Z2bzyI0ciLtPfx9d","previousCounter":0,"rootKey":"qvaqVbtI0x1yk5iBoSn7YgaEbbz0FDOcdLHQPUmWN78="},"indexInfo":{"baseKey":"BR9v6JzGGPk7FR//QC4ymwQN8aAUtd7fDY6P3tRnvbUK","baseKeyType":1,"closed":-1,"used":1741874424779,"created":1741874424779,"remoteIdentityKey":"BW6eD4KCDBoiBoCrhj0esCVun09DkbzV1KypbfGscudy"},"_chains":{"BeyjCWpFEYzeAoh+cWazPKCj5aAdA9ph6+XuoEoJei8P":{"chainKey":{"counter":2,"key":"N27ENll0c7Hefx9ClCiB6oewBHdw5n9RJRgbaCOjBzI="},"chainType":1,"messageKeys":{}}},"pendingPreKey":{"signedKeyId":12,"baseKey":"BR9v6JzGGPk7FR//QC4ymwQN8aAUtd7fDY6P3tRnvbUK","preKeyId":14176058}}},"version":"v1"}