{"_sessions":{"BVHwzlhpP3eRRyutbgY+5iwpZZ9LEpDmUeOxtA5Dl2ZY":{"registrationId":9489,"currentRatchet":{"ephemeralKeyPair":{"pubKey":"BUcOSTYStrCdeaYA9CpeY8asx9N8gdbHK/iSNiufQMIM","privKey":"2Jg3lyBqPHxmDzp50HwIQHcl5sxHVIeYucPIc7tj3VM="},"lastRemoteEphemeralKey":"BeUox7JN/uCw4QctXWDgcNmbUmvlY4ijnHxq0HO+kDk8","previousCounter":0,"rootKey":"af0jOyavY6OcTup0oGdrFC35QWzIPzhRk7mTUzaRlDY="},"indexInfo":{"baseKey":"BVHwzlhpP3eRRyutbgY+5iwpZZ9LEpDmUeOxtA5Dl2ZY","baseKeyType":1,"closed":-1,"used":1741874424769,"created":1741874424769,"remoteIdentityKey":"Bbs8wtqAQ9QOC4D9bduYO3IvmY/kqN4luV28r4XW77Yk"},"_chains":{"BUcOSTYStrCdeaYA9CpeY8asx9N8gdbHK/iSNiufQMIM":{"chainKey":{"counter":6,"key":"0cv0OM11UaVtiuje4ci4agWVwyo4he1xVg+j1tUfUPc="},"chainType":1,"messageKeys":{}}},"pendingPreKey":{"signedKeyId":1,"baseKey":"BVHwzlhpP3eRRyutbgY+5iwpZZ9LEpDmUeOxtA5Dl2ZY"}}},"version":"v1"}