{"_sessions":{"BVq5cmLc1oUwt+cGPNa862sXop34FZ1IsatfRj8EDeEa":{"registrationId":111603884,"currentRatchet":{"ephemeralKeyPair":{"pubKey":"BdZaopomZ48NVvJGm7DqyqBxNk1dbH9s2I0y6PcrxnZ4","privKey":"oICS26P6E1WfnT+yi0LmABmLsdK0svRFVDOPLyHeNWo="},"lastRemoteEphemeralKey":"Bdpq3Il+Ob4g0c2G//oCzCy5QmaI0762AkwVADxw9TdS","previousCounter":0,"rootKey":"P8ftAyzTOam4BWL2+tZFLnnyX0mjOCAdZYFr62dMuoc="},"indexInfo":{"baseKey":"BVq5cmLc1oUwt+cGPNa862sXop34FZ1IsatfRj8EDeEa","baseKeyType":2,"closed":-1,"used":1741891090923,"created":1741891090923,"remoteIdentityKey":"BTW471hSCQI1dsQJQYrxLbqkI0udfa0A/LV93uaQA4RX"},"_chains":{"Bdpq3Il+Ob4g0c2G//oCzCy5QmaI0762AkwVADxw9TdS":{"chainKey":{"counter":0,"key":"Kc7bmwauF61sMfgld/cAz6xlYoicgnJBhDFazn4bi8A="},"chainType":2,"messageKeys":{}},"BdZaopomZ48NVvJGm7DqyqBxNk1dbH9s2I0y6PcrxnZ4":{"chainKey":{"counter":-1,"key":"3MQV2DCNLIipIyifwx25M2TCKj1Ahdjv3A8dAnwWTmI="},"chainType":1,"messageKeys":{}}}}},"version":"v1"}