{"_sessions":{"BXVRpyQ6yXV3zta1jIUaXe/vsWIk5UU4CUzTXeqnhf4m":{"registrationId":185677003,"currentRatchet":{"ephemeralKeyPair":{"pubKey":"BawYCa2QQUvmGJJTcBIl20lS2nrjcgP8ImlyQTGIYNhd","privKey":"6DEF+0HKYXmSnfLQj97keTZv+qlukGbvQQXYKCiqs3w="},"lastRemoteEphemeralKey":"BX9F+TV/L3cVmzz5YnR8DH0BbynpRKcJpgm7eHoQaosy","previousCounter":0,"rootKey":"0GTE9uPqnYkiJDRZCwK89tijxrkNUgb3cVIeLSBkmJk="},"indexInfo":{"baseKey":"BXVRpyQ6yXV3zta1jIUaXe/vsWIk5UU4CUzTXeqnhf4m","baseKeyType":1,"closed":-1,"used":1741874424759,"created":1741874424759,"remoteIdentityKey":"BUQ6EW8wROqieJYaC80zMHWrIrUI9lFtmmk7CBB/Ct0x"},"_chains":{"BawYCa2QQUvmGJJTcBIl20lS2nrjcgP8ImlyQTGIYNhd":{"chainKey":{"counter":2,"key":"qe76+IObKMOdRijzbD/lXZzJKOSEVEduhGjeGIUpIKY="},"chainType":1,"messageKeys":{}}},"pendingPreKey":{"signedKeyId":5,"baseKey":"BXVRpyQ6yXV3zta1jIUaXe/vsWIk5UU4CUzTXeqnhf4m","preKeyId":15714741}}},"version":"v1"}