{"_sessions":{"BTZyQJMK51YIsfGzPoJWPTc8tLC7hhZR/9fSLKY+WJoB":{"registrationId":2081457845,"currentRatchet":{"ephemeralKeyPair":{"pubKey":"BUJeDxZKa/dJNNks8ggKYBszVAwM0Eh7ljISK9sYawU0","privKey":"ePkykyx/mdX/BybbEn3As0mex6jNcKKb83bg5VTKmU0="},"lastRemoteEphemeralKey":"BUxXLfLnV4l7S0jfp7xrFFEFZYBe0UVk8Q12OZV0sspQ","previousCounter":0,"rootKey":"86Kne+oiYyQTnx9al1xt8/b6TOvOLZJijGFJMJ2zGi8="},"indexInfo":{"baseKey":"BTZyQJMK51YIsfGzPoJWPTc8tLC7hhZR/9fSLKY+WJoB","baseKeyType":1,"closed":-1,"used":1741874424756,"created":1741874424756,"remoteIdentityKey":"BfTZk2/2GFGXdmKlhsCd5g6P2WwFHi/Mf/Ihh0h1uiIv"},"_chains":{"BUJeDxZKa/dJNNks8ggKYBszVAwM0Eh7ljISK9sYawU0":{"chainKey":{"counter":2,"key":"+P3MYWldUR1/Xvj8A04GujEM6XmKN3pqu5hDe5iv3Bo="},"chainType":1,"messageKeys":{}}},"pendingPreKey":{"signedKeyId":10,"baseKey":"BTZyQJMK51YIsfGzPoJWPTc8tLC7hhZR/9fSLKY+WJoB","preKeyId":25561}}},"version":"v1"}