{"_sessions":{"BR0Qd95wRu0QQHKXZZY+JgSfVrvoHO2l748S7DwLG1At":{"registrationId":1136517942,"currentRatchet":{"ephemeralKeyPair":{"pubKey":"BUTYU8OuUR1eRuAkV5NdWqEOIUNCk4FY1uzPi2F4BggJ","privKey":"sN6pb2KEed0DZWxBuD9nOl4MU4i4tE+qXeoxwgW7UVE="},"lastRemoteEphemeralKey":"BXzIi3or55glHd/nmxtHbDc2h0f0iXwf7uiRUcA/7wgF","previousCounter":0,"rootKey":"5SShTcqirBFWZ363sjw0S/syvMv2OjZweBV+HdiW18w="},"indexInfo":{"baseKey":"BR0Qd95wRu0QQHKXZZY+JgSfVrvoHO2l748S7DwLG1At","baseKeyType":1,"closed":-1,"used":1741891618239,"created":1741891618239,"remoteIdentityKey":"BULLnpDoTAPqI1yyq1CXUDrMEw0m5Bm7GsEyHOjBUWpo"},"_chains":{"BUTYU8OuUR1eRuAkV5NdWqEOIUNCk4FY1uzPi2F4BggJ":{"chainKey":{"counter":1,"key":"kl2RiPWJUGHSkmcPFQT1Th4espCS1bkS5tfxQbACesc="},"chainType":1,"messageKeys":{}}},"pendingPreKey":{"signedKeyId":813975,"baseKey":"BR0Qd95wRu0QQHKXZZY+JgSfVrvoHO2l748S7DwLG1At","preKeyId":16243}}},"version":"v1"}