{"_sessions":{"BUsmeHiB+zN4leIV4ueH0dfz0Y1MOE++p+7y29ew3Qx5":{"registrationId":1827359646,"currentRatchet":{"ephemeralKeyPair":{"pubKey":"BXyotBqXlyMBiTQHY9KN44jVIUjEvddX8WnCOE8OwEdh","privKey":"0Hy/etY22l1JRUAzZseKbSSDrlQeuMwPFpFAPd03PFU="},"lastRemoteEphemeralKey":"BZX+Bd+3apUrbQd+9q+NJNxzAzrzDR0uHuP67f8CJ7VM","previousCounter":0,"rootKey":"I9WJdYWhXCw+wWLV6J0bcxaoHZnMMiEWRRRySl3pHCA="},"indexInfo":{"baseKey":"BUsmeHiB+zN4leIV4ueH0dfz0Y1MOE++p+7y29ew3Qx5","baseKeyType":1,"closed":-1,"used":1741875237773,"created":1741875237773,"remoteIdentityKey":"BV7lSd2l5qpuXWD8MYUTF6Nx1EkYBmXS08BlVnQCwZEf"},"_chains":{"BXyotBqXlyMBiTQHY9KN44jVIUjEvddX8WnCOE8OwEdh":{"chainKey":{"counter":1,"key":"Dpt8xpvcuToAFEPn3ohx5aEVSDBmCIbhVwevSDbC8y4="},"chainType":1,"messageKeys":{}}},"pendingPreKey":{"signedKeyId":0,"baseKey":"BUsmeHiB+zN4leIV4ueH0dfz0Y1MOE++p+7y29ew3Qx5"}}},"version":"v1"}