{"_sessions":{"BQ7fEYagWTOy4lFkpq0XiY/W1rDTjeUtwtcHc9C/kjt7":{"registrationId":1853619676,"currentRatchet":{"ephemeralKeyPair":{"pubKey":"BX1dWJWCdeL3ccnHQoZNp8jXOCmU9bxqJ9urhzp3xmEb","privKey":"IOdFb1qBUmU8+p+fvNWSw+TnP6j+Lvm8rW5VdDIfjUY="},"lastRemoteEphemeralKey":"BTQRyoRw4PMM0LZf8YltUcUJuzvQznrd2CT5mJ6xttcn","previousCounter":0,"rootKey":"rVy2a9I4PjBwrJ/76kvH2nrhDqSZWHEAxVZdFy8b9Zg="},"indexInfo":{"baseKey":"BQ7fEYagWTOy4lFkpq0XiY/W1rDTjeUtwtcHc9C/kjt7","baseKeyType":1,"closed":-1,"used":1741877407663,"created":1741877407663,"remoteIdentityKey":"BUSj7yMT/XUOZK8ehIzAt5kM2D49dQ9F0wFmaPxzIrVy"},"_chains":{"BX1dWJWCdeL3ccnHQoZNp8jXOCmU9bxqJ9urhzp3xmEb":{"chainKey":{"counter":0,"key":"EvOytnXlc+4kXnkI/HmJaByHp+GF5mHBe6AsCeZgwVg="},"chainType":1,"messageKeys":{}}},"pendingPreKey":{"signedKeyId":12,"baseKey":"BQ7fEYagWTOy4lFkpq0XiY/W1rDTjeUtwtcHc9C/kjt7","preKeyId":8438581}}},"version":"v1"}