{"_sessions":{"BQZPjc2mF0p+YrKKCbn6FdNFAuZfGc3vWHyZ6ugHfV1t":{"registrationId":1293600033,"currentRatchet":{"ephemeralKeyPair":{"pubKey":"Beuz+FBTyx8t+8Rt1TEDHOqIhmm3zveKRbmxPc9BBO4I","privKey":"ePnFFq7HAJLCcokEwNgu2+nyHg1kcjN5BeVVdRnb+lg="},"lastRemoteEphemeralKey":"BYsEo12lHiXUo1bLWHYHb2XiWneZaELA4NrhrFv7v9Nx","previousCounter":0,"rootKey":"cJFP9l2rimjhdQMGVWRWIpmzyPi1POXAUefUffad0RM="},"indexInfo":{"baseKey":"BQZPjc2mF0p+YrKKCbn6FdNFAuZfGc3vWHyZ6ugHfV1t","baseKeyType":1,"closed":-1,"used":1741891618236,"created":1741891618236,"remoteIdentityKey":"BatXaiAfU6ZZXFOaqqv+DXpCp5myyNoO1BT15C4b15tZ"},"_chains":{"Beuz+FBTyx8t+8Rt1TEDHOqIhmm3zveKRbmxPc9BBO4I":{"chainKey":{"counter":1,"key":"tP7YLdloNnV5/lCZqjACVKSFBdk5LXK+daShgnOVCYo="},"chainType":1,"messageKeys":{}}},"pendingPreKey":{"signedKeyId":5,"baseKey":"BQZPjc2mF0p+YrKKCbn6FdNFAuZfGc3vWHyZ6ugHfV1t","preKeyId":3119578}}},"version":"v1"}