{"_sessions":{"BfstzL0zVTkKRZAnkzmfCIXJ0qHaEWnFD3eLkqx/y3J8":{"registrationId":1093433643,"currentRatchet":{"ephemeralKeyPair":{"pubKey":"BQjnf1+FeJwPCTsmrx9zZMCxnZ/QI1h5kX0JxK5bt9Uq","privKey":"yO78UoWMhfHAtgYRhMuIcd6DqtyLGp6T6f5MNzLzgkw="},"lastRemoteEphemeralKey":"BZ8MatZ7ovW2PzohubzelwZ3HicLOyes8sQlwiBw2ld8","previousCounter":0,"rootKey":"ydJSeyn1HRXKPomO932p6YkRI8ARN3BexFH4JZ2P8Jk="},"indexInfo":{"baseKey":"BfstzL0zVTkKRZAnkzmfCIXJ0qHaEWnFD3eLkqx/y3J8","baseKeyType":1,"closed":-1,"used":1741875237803,"created":1741875237803,"remoteIdentityKey":"BY893dQkrafx9ZOA42DGl7fxjRGVZdKnmDvf3EJ9+bRN"},"_chains":{"BQjnf1+FeJwPCTsmrx9zZMCxnZ/QI1h5kX0JxK5bt9Uq":{"chainKey":{"counter":1,"key":"kG61fZloZ7djmZU0XlinRh79atAeAvbi7ttI1LxLBPg="},"chainType":1,"messageKeys":{}}},"pendingPreKey":{"signedKeyId":1,"baseKey":"BfstzL0zVTkKRZAnkzmfCIXJ0qHaEWnFD3eLkqx/y3J8","preKeyId":4368515}}},"version":"v1"}