{"_sessions":{"BXsd8EVqbL89pSi9kzj9gz3BDtMxEj/ymDdGO5oY269p":{"registrationId":238453031,"currentRatchet":{"ephemeralKeyPair":{"pubKey":"BVoI15IRRKOB7gIwn/SjytiFF6Ggc095ZvyIoGJaO9od","privKey":"gEhFeiqozUnM1PPJH5NV8HcLvif7jqlGsEol7vVd/HU="},"lastRemoteEphemeralKey":"BcB4/atOgVzhhPmzn1LLx6/8o1qCVBvYUmjYE7hCsOpv","previousCounter":0,"rootKey":"qKXrGDxOks6NIaam9CJ0CDJQcGN29Iop2MSqCXT+e3U="},"indexInfo":{"baseKey":"BXsd8EVqbL89pSi9kzj9gz3BDtMxEj/ymDdGO5oY269p","baseKeyType":1,"closed":-1,"used":1741877407674,"created":1741877407674,"remoteIdentityKey":"BaEVNtHsWRKtfN8UOIEwa6wg7JNQTavJs0Msv13KvsZK"},"_chains":{"BVoI15IRRKOB7gIwn/SjytiFF6Ggc095ZvyIoGJaO9od":{"chainKey":{"counter":0,"key":"CVxpAFOYZ5+laK8Fv5br3ii0ZgcmwdN1FENdAVSOTo4="},"chainType":1,"messageKeys":{}}},"pendingPreKey":{"signedKeyId":9,"baseKey":"BXsd8EVqbL89pSi9kzj9gz3BDtMxEj/ymDdGO5oY269p","preKeyId":2460692}}},"version":"v1"}