{"_sessions":{"BdztiqqClsK8PzQVkUBfvSqrTq/8ztYQIEf6ID8UgSsO":{"registrationId":940382179,"currentRatchet":{"ephemeralKeyPair":{"pubKey":"Bcmxw97HCZMHX/KsQc9glygZv0o1uhjQxlLe6w0ltls7","privKey":"8PeZJrslucwaRhB8GjvmMp9WZHzbtgjtVMpx8DpuNn0="},"lastRemoteEphemeralKey":"BWtx8J91r4zhj/oz1GcfXv3bQ+T4CO+f+Sl+BKZr4dR6","previousCounter":0,"rootKey":"nTkh8dkJA9EJNvf4aItqB/BlBcvGbkbHYbQnIzGDr9g="},"indexInfo":{"baseKey":"BdztiqqClsK8PzQVkUBfvSqrTq/8ztYQIEf6ID8UgSsO","baseKeyType":1,"closed":-1,"used":1741877407704,"created":1741877407704,"remoteIdentityKey":"BURVpFYszsnhiudfLEjlIvFDpglOKZ0inSv71uoo7chx"},"_chains":{"Bcmxw97HCZMHX/KsQc9glygZv0o1uhjQxlLe6w0ltls7":{"chainKey":{"counter":0,"key":"gIIgq4TApoGAWkrwwqjYm0C4I0xNhP26pGYNX31wEP8="},"chainType":1,"messageKeys":{}}},"pendingPreKey":{"signedKeyId":3,"baseKey":"BdztiqqClsK8PzQVkUBfvSqrTq/8ztYQIEf6ID8UgSsO","preKeyId":8392084}}},"version":"v1"}