{"_sessions":{"BdDe8OcmYaQ0qHsEq2xbjQIuHvgvBp+PusMMSpNdLB1C":{"registrationId":268189862,"currentRatchet":{"ephemeralKeyPair":{"pubKey":"BVUgEKpPzchJlrRz2ABRBwAjNe5b3pcbOvu1XiQuvNtY","privKey":"uExEDSrIvsgem82xk2qMErkQU6u5wdXUSROZ5cDN108="},"lastRemoteEphemeralKey":"BZ1KCvDM14Avf/HWJJra3/0junkD5jeHR+JKAexTgKFQ","previousCounter":0,"rootKey":"945KaBS8kVKx/Sb/iZpjd3nJC6xWM5Ht0Hep7hsV8YI="},"indexInfo":{"baseKey":"BdDe8OcmYaQ0qHsEq2xbjQIuHvgvBp+PusMMSpNdLB1C","baseKeyType":1,"closed":-1,"used":1741877407718,"created":1741877407718,"remoteIdentityKey":"BXorLnApyV3IGhmn9moeUpgM+2KCfMEYO6kbkVHGjooU"},"_chains":{"BVUgEKpPzchJlrRz2ABRBwAjNe5b3pcbOvu1XiQuvNtY":{"chainKey":{"counter":0,"key":"fJ0yOD6sKb1IsNddY5RZ+dcrMzUDqCrYtnMVf3PaE9c="},"chainType":1,"messageKeys":{}}},"pendingPreKey":{"signedKeyId":31,"baseKey":"BdDe8OcmYaQ0qHsEq2xbjQIuHvgvBp+PusMMSpNdLB1C","preKeyId":8500055}}},"version":"v1"}