{"_sessions":{"BT2Ho+76smNKYuKimssA6GqPcvoTo50CEFJuLNL9wlsn":{"registrationId":296329035,"currentRatchet":{"ephemeralKeyPair":{"pubKey":"BY4g0LMSeq4yW3RvvKamXyVkgMNUN7gVo72AEJ0NbxV1","privKey":"UPnYsBrvP0heZaf7bJ+WNgDzpqz3nUgm+pWt5PamVF8="},"lastRemoteEphemeralKey":"BbLDAq4yDSoQuBvhbSF3d5SQm4yaJ1rr1lFWcdr/YHBT","previousCounter":0,"rootKey":"KTSYJg+XVVUauvTD+udrRpfqBU6DBWKMWx/N76PvyZk="},"indexInfo":{"baseKey":"BT2Ho+76smNKYuKimssA6GqPcvoTo50CEFJuLNL9wlsn","baseKeyType":2,"closed":-1,"used":1741872291116,"created":1741872291116,"remoteIdentityKey":"BYy0NYbZ6QgSWafykDYt9lmAIsRyIkn5aBQizh3aylcp"},"_chains":{"BbLDAq4yDSoQuBvhbSF3d5SQm4yaJ1rr1lFWcdr/YHBT":{"chainKey":{"counter":6,"key":"5jbQWt8wZfEDQnO4AgFtk4vX57I8wJ9vZ0CP+GxoMF4="},"chainType":2,"messageKeys":{"2":"mhEnEPL81TFIMG5rSJghIVQxBUBx6O70f97NFmFEMM0=","3":"RLJ9t7aHZgRt0I/QVHFZfyaNnZEVXTiNYMJrxzmVsk0=","4":"9LevFzSE4UzyO4nNVAw2SzksLELfJkuBCIhXxn+vmmc="}},"BY4g0LMSeq4yW3RvvKamXyVkgMNUN7gVo72AEJ0NbxV1":{"chainKey":{"counter":-1,"key":"IfKBQzeR7mC9iRUDooBPWvd9mdBI8I4gzc0w0CNSoTc="},"chainType":1,"messageKeys":{}}}}},"version":"v1"}