{"_sessions":{"BT5BuxANFNVJx/FrrNIy/6vqz5RffKPNd9xIDOZpWB4V":{"registrationId":1125559697,"currentRatchet":{"ephemeralKeyPair":{"pubKey":"BZGD/Jh3di9JP9qS+P1N+T3GdewXaQ//ERP0DTvhTYl3","privKey":"iCpg90i1qnPaHiGuw3fl5mBh3aJTHW9wESLK5FFErXM="},"lastRemoteEphemeralKey":"BerS9YrUg3/jYF/RW5wcVFZ6yt/mzYQEImfFtkY4xbRr","previousCounter":0,"rootKey":"Jy+zBTCq4ppICVGaJVubkbVRWav+gytDD78ckCjPeiA="},"indexInfo":{"baseKey":"BT5BuxANFNVJx/FrrNIy/6vqz5RffKPNd9xIDOZpWB4V","baseKeyType":1,"closed":-1,"used":1741877407696,"created":1741877407696,"remoteIdentityKey":"BcyF8xE44Dj8/Bfj9lfKHODPrUJMSAU1qV4aOQofaqoP"},"_chains":{"BZGD/Jh3di9JP9qS+P1N+T3GdewXaQ//ERP0DTvhTYl3":{"chainKey":{"counter":0,"key":"irk7UuVXWF+vUPxt1Fwq5ubSaVAnoKBjNjSkxhlUNww="},"chainType":1,"messageKeys":{}}},"pendingPreKey":{"signedKeyId":19,"baseKey":"BT5BuxANFNVJx/FrrNIy/6vqz5RffKPNd9xIDOZpWB4V","preKeyId":11253598}}},"version":"v1"}