{"_sessions":{"Bf5f1z3XQ5jPRdn8iOXVvMoCZMBrWRZjugPcLL71S35y":{"registrationId":12337,"currentRatchet":{"ephemeralKeyPair":{"pubKey":"BZRsU+HURDsA6gAjbYU5VkTN6wESHMAbtqEoVhYY8Rw2","privKey":"AKlL9wVy/mJKPXxAdAcjy7yffjYO78cVG0hIaBm/gV4="},"lastRemoteEphemeralKey":"BQiW56YCCKhoeAsbr+oTDLdfU/XUJveN/3b2xBWZUMAi","previousCounter":0,"rootKey":"NXXh2MiQFNs+opsI30Ve5lSkk5I5bXzGQQgy/032+4Y="},"indexInfo":{"baseKey":"Bf5f1z3XQ5jPRdn8iOXVvMoCZMBrWRZjugPcLL71S35y","baseKeyType":1,"closed":-1,"used":1741891618222,"created":1741891618222,"remoteIdentityKey":"BWOLjbB09FjC1YZMzlvn3fWMVtITfsu08kQI+/VQnsgj"},"_chains":{"BZRsU+HURDsA6gAjbYU5VkTN6wESHMAbtqEoVhYY8Rw2":{"chainKey":{"counter":1,"key":"/SjKv/z5WKYLbR1WJJU7QAM0vcO0wBTAGo4rkINAvww="},"chainType":1,"messageKeys":{}}},"pendingPreKey":{"signedKeyId":1,"baseKey":"Bf5f1z3XQ5jPRdn8iOXVvMoCZMBrWRZjugPcLL71S35y","preKeyId":661}}},"version":"v1"}