{"_sessions":{"BaJF28e/bs8wRw5lPQULB9Fah6KQSjHZOFXB568Jz6N/":{"registrationId":1925278804,"currentRatchet":{"ephemeralKeyPair":{"pubKey":"BXYXH9YAbUzE8JO3nieYqPWyxnD2tzs3LajQDcssX4op","privKey":"6B3RF2RcYRFk8vGW+NGPSC9+Dexaj1VghphwZwiaYFI="},"lastRemoteEphemeralKey":"BW/uUIGCn8sfIPeN68GG724YK4D2ZexjlvR1dpbjde9M","previousCounter":0,"rootKey":"vw8wssP5p/v6n4cMCUhxUBj0eelYf65kXAxHo16wAZs="},"indexInfo":{"baseKey":"BaJF28e/bs8wRw5lPQULB9Fah6KQSjHZOFXB568Jz6N/","baseKeyType":1,"closed":1741955670183,"used":1741877407656,"created":1741877407656,"remoteIdentityKey":"BX6ql5fGsxxJMXUa8cVpDplNDFv/R2XfGfiyqpvS6Yl5"},"_chains":{"BXYXH9YAbUzE8JO3nieYqPWyxnD2tzs3LajQDcssX4op":{"chainKey":{"counter":0,"key":"toytJ1lVSVBvtDnqyunb6mlDUGrSOsjIehs1GAKfrtA="},"chainType":1,"messageKeys":{}}},"pendingPreKey":{"signedKeyId":7,"baseKey":"BaJF28e/bs8wRw5lPQULB9Fah6KQSjHZOFXB568Jz6N/","preKeyId":9474275}},"BUSEU814gkKi4ES5QJmIHxrHSzDh2POtzOE+c1XJPTAf":{"registrationId":1925278804,"currentRatchet":{"ephemeralKeyPair":{"pubKey":"BZcvwM+xJHnz1YAuscvm3CRLpq2o4MZjFjTkDjJMo8lF","privKey":"aH37AcGWggkTrIZHYSFenuX60M3DGVh7mvvIbGujqVw="},"lastRemoteEphemeralKey":"BW8xHdWtwT9Kchj3kJCnhP27dGhHgVKlsWZm2rfaFCYh","previousCounter":0,"rootKey":"lnvZh0Ifp4GxJLibNk29s80Xqey1tDd2KEYYbT7sx5A="},"indexInfo":{"baseKey":"BUSEU814gkKi4ES5QJmIHxrHSzDh2POtzOE+c1XJPTAf","baseKeyType":2,"closed":-1,"used":1741955670183,"created":1741955670183,"remoteIdentityKey":"BX6ql5fGsxxJMXUa8cVpDplNDFv/R2XfGfiyqpvS6Yl5"},"_chains":{"BW8xHdWtwT9Kchj3kJCnhP27dGhHgVKlsWZm2rfaFCYh":{"chainKey":{"counter":0,"key":"qKAw5x2p29c7a2E6um0xRRZybv8Jc7VZpGldQOTXmNE="},"chainType":2,"messageKeys":{}},"BZcvwM+xJHnz1YAuscvm3CRLpq2o4MZjFjTkDjJMo8lF":{"chainKey":{"counter":-1,"key":"CC3HcS+ihqMJ3wMNM6Hwz2uDa/bgdTqpR8CUvSp9LrI="},"chainType":1,"messageKeys":{}}}}},"version":"v1"}