{"_sessions":{"BXGB10/BKmDF6t1fQlT0W5jscA6yk0BcRbwcqbA+xhtl":{"registrationId":10355,"currentRatchet":{"ephemeralKeyPair":{"pubKey":"BeMklroXkomLm52jYpkrdLwfZRY1Cy/bB+5/eHZjQM1f","privKey":"iJZCAe2mAO9fpzk/7dhgWQr4Mj16+qbvFXdXOT3pyHo="},"lastRemoteEphemeralKey":"BUlLhg1yHLaoMRUnyV28cNJZ5riA11Xj1ujnw2kIOzle","previousCounter":0,"rootKey":"8UxPG9GE3RxyyNCPE8x16SZLMTt3tRX2s2rGgJBtq2w="},"indexInfo":{"baseKey":"BXGB10/BKmDF6t1fQlT0W5jscA6yk0BcRbwcqbA+xhtl","baseKeyType":1,"closed":-1,"used":1741891618219,"created":1741891618219,"remoteIdentityKey":"BcFh9TbL3Fqfw4j6//u2SIftIDreeUrOsd6kcxhau/AP"},"_chains":{"BeMklroXkomLm52jYpkrdLwfZRY1Cy/bB+5/eHZjQM1f":{"chainKey":{"counter":1,"key":"80mXqI4U141hSBz99m3xFWH1b/iuPX2JFHZF0u3FO3g="},"chainType":1,"messageKeys":{}}},"pendingPreKey":{"signedKeyId":1,"baseKey":"BXGB10/BKmDF6t1fQlT0W5jscA6yk0BcRbwcqbA+xhtl","preKeyId":19}}},"version":"v1"}