{"_sessions":{"BQ/L6ea+UC94jq0jE7raLjeqelp4qB6MfzG0Aya4RRUZ":{"registrationId":3393,"currentRatchet":{"ephemeralKeyPair":{"pubKey":"BTm9hRyvUbN+rmK11l+pNBel40xYagXkWhOLvUMLJeZn","privKey":"+GE2RWUiEtcZtDG0+bNGo5z1hsNIm+/K/smCW3e5Q3E="},"lastRemoteEphemeralKey":"BWAx4YyIBEI3I24OmyVYFEWqp/Xc11c1t8+SMjXJNZQh","previousCounter":0,"rootKey":"XCsjzuEdTzjjLhCZAHhl/+kKzVWgJSSZUSHrWXQtUhs="},"indexInfo":{"baseKey":"BQ/L6ea+UC94jq0jE7raLjeqelp4qB6MfzG0Aya4RRUZ","baseKeyType":1,"closed":-1,"used":1741891618228,"created":1741891618228,"remoteIdentityKey":"BQYO9r9F9JdIOZeW7ksYaLPdPqhhJ4IIJnymeJi4CeUU"},"_chains":{"BTm9hRyvUbN+rmK11l+pNBel40xYagXkWhOLvUMLJeZn":{"chainKey":{"counter":1,"key":"OCgxZj3D4JRrx82VPIsBHDcZt3N8JJd++NfgQB+ikxA="},"chainType":1,"messageKeys":{}}},"pendingPreKey":{"signedKeyId":2,"baseKey":"BQ/L6ea+UC94jq0jE7raLjeqelp4qB6MfzG0Aya4RRUZ","preKeyId":2549}}},"version":"v1"}