{"_sessions":{"BezY2KSAzxmJuEcNeoT2sRxSD6qet2iYdqGkS3Oo+PMJ":{"registrationId":1772398427,"currentRatchet":{"ephemeralKeyPair":{"pubKey":"BZDYmi7SzC9enf9JpFyGOU8DCOcoUhvGYijw4yk8LNou","privKey":"eNrqv+61Aj4IPYkjbI1Rkv/0LrgHOXeM9N81J+C4rn8="},"lastRemoteEphemeralKey":"BT0rJZSNrrnUjmKBeEYaeX48rdEFVYSCdWHJpcuQeZpm","previousCounter":0,"rootKey":"YqYfuvYmLshwSrGP53MKke9jQtqtl2f4Nx/fSbczF5Y="},"indexInfo":{"baseKey":"BezY2KSAzxmJuEcNeoT2sRxSD6qet2iYdqGkS3Oo+PMJ","baseKeyType":1,"closed":-1,"used":1741877407635,"created":1741877407635,"remoteIdentityKey":"BQ1yZa0RdKqEYGHzup3jUTQBoeJXAOr2rBXFw34ma6p/"},"_chains":{"BZDYmi7SzC9enf9JpFyGOU8DCOcoUhvGYijw4yk8LNou":{"chainKey":{"counter":0,"key":"H79l+ycstwTjSyZ9OInVBrntEISfANREwgvd3G6+P08="},"chainType":1,"messageKeys":{}}},"pendingPreKey":{"signedKeyId":2,"baseKey":"BezY2KSAzxmJuEcNeoT2sRxSD6qet2iYdqGkS3Oo+PMJ","preKeyId":3329}}},"version":"v1"}