{"_sessions":{"BaP1IlWfs+dTjkVQx+/Igby5WGO1bMIxJgKhoFd8aiAe":{"registrationId":513787722,"currentRatchet":{"ephemeralKeyPair":{"pubKey":"BTesthxiToMzNnVKZx7Y5UseGPdBSB0KktRpU3DAEAM1","privKey":"qGHlpSk6ygTwnAKuGBa7c3deQI/GLpWaJTUIfon6/Gc="},"lastRemoteEphemeralKey":"BaMcGyrZtiAH2JoT90+Ysj8ZhEkHmZwpeDmyoPogDbAF","previousCounter":0,"rootKey":"mF0eT5KMS+2sBY9XJQBZEOnZ46t9nGyTPxfSmAWabf0="},"indexInfo":{"baseKey":"BaP1IlWfs+dTjkVQx+/Igby5WGO1bMIxJgKhoFd8aiAe","baseKeyType":1,"closed":-1,"used":1741877407732,"created":1741877407732,"remoteIdentityKey":"BYub/hdvo8/14/nHXmf+R3NstIsRnItiBb7PzbqTob9Z"},"_chains":{"BTesthxiToMzNnVKZx7Y5UseGPdBSB0KktRpU3DAEAM1":{"chainKey":{"counter":0,"key":"vPfL4Hi0T3jyx8zroJYYMG5EcgO23PDtB3KMVSlvmXY="},"chainType":1,"messageKeys":{}}},"pendingPreKey":{"signedKeyId":5576338,"baseKey":"BaP1IlWfs+dTjkVQx+/Igby5WGO1bMIxJgKhoFd8aiAe","preKeyId":2157}}},"version":"v1"}